property_id,description
1,"This 1-bedroom Farm House is available for sale in DHA Phase 5, Lahore. Spread over 7.42 Marla (2020.1 sqft), the property features 1 bathroom(s) and is listed by Graana Real Estate through agent Kashif Iqbal. Residents enjoy access to Gated Community, Solar Panels, Wide Roads. The location offers convenient access to schools, hospitals, and main boulevards, making it a great option for families and investors alike. Listed on 2024-02-12."
2,"This 1-bedroom Room is available for sale in North Nazimabad, Karachi. Spread over 8.35 Marla (2273.29 sqft), the property features 1 bathroom(s) and is listed by Metro Homes Realty through agent Kashif Butt. Residents enjoy access to Sewerage System, Mini Golf Course, Club House. The location offers convenient access to schools, hospitals, and main boulevards, making it a great option for families and investors alike. Listed on 2020-06-21."
3,"This 3-bedroom Lower Portion is available for sale in Malir, Karachi. Spread over 6.6 Marla (1796.85 sqft), the property features 3 bathroom(s) and is listed by Aiwan-e-Property through agent Hassan Aslam. Residents enjoy access to Backup Generator, BBQ Area, Mosque. The location offers convenient access to schools, hospitals, and main boulevards, making it a great option for families and investors alike. Listed on 2019-02-01."
4,"This 5-bedroom Lower Portion is available for sale in Bahria Town Rawalpindi, Rawalpindi. Spread over 10.66 Marla (2902.18 sqft), the property features 5 bathroom(s) and is listed by Graana Real Estate through agent Ayesha Butt. Residents enjoy access to Mini Golf Course, Wide Roads, Broadband Internet. The location offers convenient access to schools, hospitals, and main boulevards, making it a great option for families and investors alike. Listed on 2018-10-12."
5,"This 3-bedroom Upper Portion is available for sale in Johar Town, Lahore. Spread over 11.19 Marla (3046.48 sqft), the property features 3 bathroom(s) and is listed by Prime Estate Consultants through agent Sara Javed. Residents enjoy access to Club House, 24/7 Security, Solar Panels. The location offers convenient access to schools, hospitals, and main boulevards, making it a great option for families and investors alike. Listed on 2018-10-20."
6,"This 1-bedroom Farm House is available for sale in Satellite Town, Rawalpindi. Spread over 8.3 Marla (2259.68 sqft), the property features 1 bathroom(s) and is listed by Metro Homes Realty through agent Usman Malik. Residents enjoy access to Sewerage System, Backup Generator, Community Park. The location offers convenient access to schools, hospitals, and main boulevards, making it a great option for families and investors alike. Listed on 2021-07-16."
7,"This 2-bedroom Farm House is available for sale in Bahria Town Islamabad, Islamabad. Spread over 18.57 Marla (5055.68 sqft), the property features 2 bathroom(s) and is listed by Aiwan-e-Property through agent Kashif Iqbal. Residents enjoy access to Wide Roads, Backup Generator, Underground Electricity. The location offers convenient access to schools, hospitals, and main boulevards, making it a great option for families and investors alike. Listed on 2024-01-17."
8,"This 1-bedroom Room is available for sale in Clifton, Karachi. Spread over 3.22 Marla (876.65 sqft), the property features 1 bathroom(s) and is listed by Prime Estate Consultants through agent Bilal Iqbal. Residents enjoy access to Swimming Pool, Broadband Internet, Kids Play Area. The location offers convenient access to schools, hospitals, and main boulevards, making it a great option for families and investors alike. Listed on 2022-09-26."
9,"This 1-bedroom Room is available for rent in Jaranwala Road, Faisalabad. Spread over 3.11 Marla (846.7 sqft), the property features 1 bathroom(s) and is listed by Skyline Properties through agent Usman Raza. Residents enjoy access to CCTV Surveillance, Gated Community, Sewerage System. The location offers convenient access to schools, hospitals, and main boulevards, making it a great option for families and investors alike. Listed on 2024-01-09."
10,"This 2-bedroom Farm House is available for rent in Bahria Town Rawalpindi, Rawalpindi. Spread over 10.94 Marla (2978.41 sqft), the property features 1 bathroom(s) and is listed by Skyline Properties through agent Imran Aslam. Residents enjoy access to Community Park, Covered Parking, Rooftop Terrace. The location offers convenient access to schools, hospitals, and main boulevards, making it a great option for families and investors alike. Listed on 2021-05-07."
11,"This 4-bedroom Penthouse is available for rent in North Nazimabad, Karachi. Spread over 3.06 Marla (833.09 sqft), the property features 4 bathroom(s) and is listed by Skyline Properties through agent Usman Sheikh. Residents enjoy access to CCTV Surveillance, Kids Play Area, Solar Panels. The location offers convenient access to schools, hospitals, and main boulevards, making it a great option for families and investors alike. Listed on 2022-01-26."
12,"This 5-bedroom Farm House is available for sale in DHA Phase 5, Lahore. Spread over 5.48 Marla (1491.93 sqft), the property features 5 bathroom(s) and is listed by Prime Estate Consultants through agent Sara Butt. Residents enjoy access to Mosque, Swimming Pool, Sewerage System. The location offers convenient access to schools, hospitals, and main boulevards, making it a great option for families and investors alike. Listed on 2023-05-01."
13,"This 4-bedroom Penthouse is available for sale in North Nazimabad, Karachi. Spread over 8.34 Marla (2270.57 sqft), the property features 3 bathroom(s) and is listed by Prime Estate Consultants through agent Zainab Malik. Residents enjoy access to Water Filtration Plant, Community Park, BBQ Area. The location offers convenient access to schools, hospitals, and main boulevards, making it a great option for families and investors alike. Listed on 2022-11-30."
14,"This 1-bedroom Room is available for sale in Gulberg, Lahore. Spread over 7.21 Marla (1962.92 sqft), the property features 1 bathroom(s) and is listed by Graana Real Estate through agent Ahmed Raza. Residents enjoy access to CCTV Surveillance, Mini Golf Course, Kids Play Area. The location offers convenient access to schools, hospitals, and main boulevards, making it a great option for families and investors alike. Listed on 2020-07-26."
15,"This 1-bedroom Room is available for sale in DHA Phase 2 Rawalpindi, Rawalpindi. Spread over 18.97 Marla (5164.58 sqft), the property features 1 bathroom(s) and is listed by Graana Real Estate through agent Bilal Iqbal. Residents enjoy access to Broadband Internet, 24/7 Security, Gated Community. The location offers convenient access to schools, hospitals, and main boulevards, making it a great option for families and investors alike. Listed on 2020-02-19."
16,"This 6-bedroom Farm House is available for rent in Model Town, Lahore. Spread over 4.56 Marla (1241.46 sqft), the property features 6 bathroom(s) and is listed by Zameen Estate Hub through agent Ayesha Sheikh. Residents enjoy access to Swimming Pool, Broadband Internet, Gymnasium. The location offers convenient access to schools, hospitals, and main boulevards, making it a great option for families and investors alike. Listed on 2019-03-24."
17,"This 5-bedroom Lower Portion is available for sale in Gulshan-e-Iqbal, Karachi. Spread over 4.94 Marla (1344.92 sqft), the property features 5 bathroom(s) and is listed by Skyline Properties through agent Ahmed Malik. Residents enjoy access to 24/7 Security, Club House, Underground Electricity. The location offers convenient access to schools, hospitals, and main boulevards, making it a great option for families and investors alike. Listed on 2024-01-24."
18,"This 2-bedroom Lower Portion is available for sale in Bahria Town Karachi, Karachi. Spread over 16.21 Marla (4413.17 sqft), the property features 2 bathroom(s) and is listed by Aiwan-e-Property through agent Zainab Butt. Residents enjoy access to Backup Generator, Kids Play Area, Community Park. The location offers convenient access to schools, hospitals, and main boulevards, making it a great option for families and investors alike. Listed on 2022-05-19."
19,"This 5-bedroom Flat is available for sale in Madina Town, Faisalabad. Spread over 8.75 Marla (2382.19 sqft), the property features 4 bathroom(s) and is listed by Graana Real Estate through agent Ahmed Aslam. Residents enjoy access to Mosque, Swimming Pool, Wide Roads. The location offers convenient access to schools, hospitals, and main boulevards, making it a great option for families and investors alike. Listed on 2021-07-08."
20,"This 1-bedroom House is available for rent in Susan Road, Faisalabad. Spread over 5.35 Marla (1456.54 sqft), the property features 1 bathroom(s) and is listed by Metro Homes Realty through agent Bilal Aslam. Residents enjoy access to Water Filtration Plant, Gymnasium, CCTV Surveillance. The location offers convenient access to schools, hospitals, and main boulevards, making it a great option for families and investors alike. Listed on 2020-08-21."
21,"This 3-bedroom Lower Portion is available for sale in Wapda City, Faisalabad. Spread over 24.08 Marla (6555.78 sqft), the property features 3 bathroom(s) and is listed by Zameen Estate Hub through agent Usman Iqbal. Residents enjoy access to Kids Play Area, Broadband Internet, Covered Parking. The location offers convenient access to schools, hospitals, and main boulevards, making it a great option for families and investors alike. Listed on 2021-07-10."
22,"This 5-bedroom Penthouse is available for rent in Satellite Town, Rawalpindi. Spread over 2.97 Marla (808.58 sqft), the property features 5 bathroom(s) and is listed by Prime Estate Consultants through agent Usman Chaudhry. Residents enjoy access to Gymnasium, Sewerage System, Swimming Pool. The location offers convenient access to schools, hospitals, and main boulevards, making it a great option for families and investors alike. Listed on 2020-05-23."
23,"This 5-bedroom Upper Portion is available for sale in Gulshan-e-Iqbal, Karachi. Spread over 26.02 Marla (7083.94 sqft), the property features 4 bathroom(s) and is listed by Aiwan-e-Property through agent Bilal Chaudhry. Residents enjoy access to Rooftop Terrace, Kids Play Area, Backup Generator. The location offers convenient access to schools, hospitals, and main boulevards, making it a great option for families and investors alike. Listed on 2024-03-21."
24,"This 2-bedroom Upper Portion is available for sale in Susan Road, Faisalabad. Spread over 8.35 Marla (2273.29 sqft), the property features 1 bathroom(s) and is listed by Prime Estate Consultants through agent Zainab Butt. Residents enjoy access to Underground Electricity, Community Park, CCTV Surveillance. The location offers convenient access to schools, hospitals, and main boulevards, making it a great option for families and investors alike. Listed on 2020-12-17."
25,"This 2-bedroom Lower Portion is available for rent in Model Town, Lahore. Spread over 2.7 Marla (735.08 sqft), the property features 1 bathroom(s) and is listed by City Housing Marketing through agent Zainab Javed. Residents enjoy access to BBQ Area, Swimming Pool, Club House. The location offers convenient access to schools, hospitals, and main boulevards, making it a great option for families and investors alike. Listed on 2019-10-24."
26,"This 3-bedroom Farm House is available for rent in DHA Phase 5, Lahore. Spread over 22.68 Marla (6174.63 sqft), the property features 2 bathroom(s) and is listed by Zameen Estate Hub through agent Ahmed Butt. Residents enjoy access to Club House, Rooftop Terrace, Wide Roads. The location offers convenient access to schools, hospitals, and main boulevards, making it a great option for families and investors alike. Listed on 2022-10-27."
27,"This 5-bedroom Flat is available for sale in Bahria Town, Lahore. Spread over 4.85 Marla (1320.41 sqft), the property features 5 bathroom(s) and is listed by Zameen Estate Hub through agent Sara Chaudhry. Residents enjoy access to 24/7 Security, Solar Panels, Mini Golf Course. The location offers convenient access to schools, hospitals, and main boulevards, making it a great option for families and investors alike. Listed on 2019-09-26."
28,"This 6-bedroom Penthouse is available for sale in F-10, Islamabad. Spread over 7.63 Marla (2077.27 sqft), the property features 6 bathroom(s) and is listed by Skyline Properties through agent Zainab Sheikh. Residents enjoy access to Solar Panels, Wide Roads, Community Park. The location offers convenient access to schools, hospitals, and main boulevards, making it a great option for families and investors alike. Listed on 2018-06-08."
29,"This 6-bedroom Penthouse is available for rent in G-13, Islamabad. Spread over 7.56 Marla (2058.21 sqft), the property features 6 bathroom(s) and is listed by Skyline Properties through agent Bilal Butt. Residents enjoy access to Broadband Internet, Underground Electricity, Sewerage System. The location offers convenient access to schools, hospitals, and main boulevards, making it a great option for families and investors alike. Listed on 2021-02-15."
30,"This 3-bedroom House is available for sale in Jaranwala Road, Faisalabad. Spread over 9.36 Marla (2548.26 sqft), the property features 3 bathroom(s) and is listed by Aiwan-e-Property through agent Hassan Iqbal. Residents enjoy access to Swimming Pool, Gated Community, Club House. The location offers convenient access to schools, hospitals, and main boulevards, making it a great option for families and investors alike. Listed on 2022-11-15."
31,"This 5-bedroom Upper Portion is available for sale in DHA Phase 2 Rawalpindi, Rawalpindi. Spread over 13.51 Marla (3678.1 sqft), the property features 4 bathroom(s) and is listed by Aiwan-e-Property through agent Fatima Malik. Residents enjoy access to Solar Panels, CCTV Surveillance, Sewerage System. The location offers convenient access to schools, hospitals, and main boulevards, making it a great option for families and investors alike. Listed on 2020-03-18."
32,"This 6-bedroom Farm House is available for rent in Jaranwala Road, Faisalabad. Spread over 10.01 Marla (2725.22 sqft), the property features 6 bathroom(s) and is listed by Prime Estate Consultants through agent Sara Sheikh. Residents enjoy access to Gymnasium, Community Park, BBQ Area. The location offers convenient access to schools, hospitals, and main boulevards, making it a great option for families and investors alike. Listed on 2021-04-26."
33,"This 1-bedroom Room is available for sale in North Nazimabad, Karachi. Spread over 26.67 Marla (7260.91 sqft), the property features 1 bathroom(s) and is listed by Skyline Properties through agent Kashif Aslam. Residents enjoy access to Swimming Pool, Rooftop Terrace, Mosque. The location offers convenient access to schools, hospitals, and main boulevards, making it a great option for families and investors alike. Listed on 2022-10-27."
34,"This 1-bedroom Room is available for sale in DHA Phase 2 Rawalpindi, Rawalpindi. Spread over 7.22 Marla (1965.64 sqft), the property features 1 bathroom(s) and is listed by Aiwan-e-Property through agent Bilal Sheikh. Residents enjoy access to 24/7 Security, Water Filtration Plant, CCTV Surveillance. The location offers convenient access to schools, hospitals, and main boulevards, making it a great option for families and investors alike. Listed on 2024-12-11."
35,"This 1-bedroom House is available for sale in Clifton, Karachi. Spread over 20.45 Marla (5567.51 sqft), the property features 1 bathroom(s) and is listed by Zameen Estate Hub through agent Fatima Farooq. Residents enjoy access to Broadband Internet, Covered Parking, Mosque. The location offers convenient access to schools, hospitals, and main boulevards, making it a great option for families and investors alike. Listed on 2024-06-15."
36,"This 2-bedroom Penthouse is available for rent in Wapda Town, Lahore. Spread over 5.28 Marla (1437.48 sqft), the property features 2 bathroom(s) and is listed by Metro Homes Realty through agent Ahmed Javed. Residents enjoy access to Wide Roads, Underground Electricity, Rooftop Terrace. The location offers convenient access to schools, hospitals, and main boulevards, making it a great option for families and investors alike. Listed on 2023-10-23."
37,"This 5-bedroom Penthouse is available for sale in DHA Phase 2 Rawalpindi, Rawalpindi. Spread over 27.44 Marla (7470.54 sqft), the property features 5 bathroom(s) and is listed by Prime Estate Consultants through agent Imran Iqbal. Residents enjoy access to Sewerage System, Backup Generator, Covered Parking. The location offers convenient access to schools, hospitals, and main boulevards, making it a great option for families and investors alike. Listed on 2022-12-18."
38,"This 6-bedroom Penthouse is available for sale in Malir, Karachi. Spread over 10.5 Marla (2858.62 sqft), the property features 6 bathroom(s) and is listed by Metro Homes Realty through agent Ayesha Butt. Residents enjoy access to Club House, Gymnasium, CCTV Surveillance. The location offers convenient access to schools, hospitals, and main boulevards, making it a great option for families and investors alike. Listed on 2023-11-06."
39,"This 2-bedroom Upper Portion is available for sale in Gulshan-e-Iqbal, Karachi. Spread over 22.9 Marla (6234.52 sqft), the property features 2 bathroom(s) and is listed by City Housing Marketing through agent Ayesha Malik. Residents enjoy access to Underground Electricity, Solar Panels, Backup Generator. The location offers convenient access to schools, hospitals, and main boulevards, making it a great option for families and investors alike. Listed on 2019-09-18."
40,"This 5-bedroom House is available for sale in Askari 14, Rawalpindi. Spread over 14.67 Marla (3993.91 sqft), the property features 4 bathroom(s) and is listed by Metro Homes Realty through agent Zainab Khan. Residents enjoy access to Underground Electricity, CCTV Surveillance, Swimming Pool. The location offers convenient access to schools, hospitals, and main boulevards, making it a great option for families and investors alike. Listed on 2024-06-16."
41,"This 1-bedroom Room is available for sale in Askari 14, Rawalpindi. Spread over 26.5 Marla (7214.62 sqft), the property features 1 bathroom(s) and is listed by Metro Homes Realty through agent Zainab Khan. Residents enjoy access to CCTV Surveillance, Gymnasium, 24/7 Security. The location offers convenient access to schools, hospitals, and main boulevards, making it a great option for families and investors alike. Listed on 2021-01-22."
42,"This 5-bedroom Penthouse is available for sale in DHA Phase 2 Rawalpindi, Rawalpindi. Spread over 7.67 Marla (2088.16 sqft), the property features 5 bathroom(s) and is listed by Prime Estate Consultants through agent Ahmed Malik. Residents enjoy access to Backup Generator, Sewerage System, Wide Roads. The location offers convenient access to schools, hospitals, and main boulevards, making it a great option for families and investors alike. Listed on 2024-08-21."
43,"This 3-bedroom House is available for sale in DHA Phase 2 Rawalpindi, Rawalpindi. Spread over 11.31 Marla (3079.15 sqft), the property features 3 bathroom(s) and is listed by Aiwan-e-Property through agent Fatima Butt. Residents enjoy access to Solar Panels, Broadband Internet, Wide Roads. The location offers convenient access to schools, hospitals, and main boulevards, making it a great option for families and investors alike. Listed on 2022-04-02."
44,"This 6-bedroom Upper Portion is available for sale in Wapda City, Faisalabad. Spread over 5.28 Marla (1437.48 sqft), the property features 6 bathroom(s) and is listed by Zameen Estate Hub through agent Ahmed Aslam. Residents enjoy access to BBQ Area, Rooftop Terrace, Broadband Internet. The location offers convenient access to schools, hospitals, and main boulevards, making it a great option for families and investors alike. Listed on 2020-10-09."
45,"This 2-bedroom Flat is available for sale in Gulberg, Lahore. Spread over 10.53 Marla (2866.79 sqft), the property features 1 bathroom(s) and is listed by Skyline Properties through agent Sara Butt. Residents enjoy access to Community Park, 24/7 Security, Covered Parking. The location offers convenient access to schools, hospitals, and main boulevards, making it a great option for families and investors alike. Listed on 2019-04-15."
46,"This 6-bedroom Farm House is available for rent in PWD Housing Scheme, Islamabad. Spread over 14.69 Marla (3999.35 sqft), the property features 6 bathroom(s) and is listed by Graana Real Estate through agent Usman Aslam. Residents enjoy access to Gymnasium, Kids Play Area, Club House. The location offers convenient access to schools, hospitals, and main boulevards, making it a great option for families and investors alike. Listed on 2020-09-21."
47,"This 6-bedroom Upper Portion is available for sale in Wapda City, Faisalabad. Spread over 10.97 Marla (2986.58 sqft), the property features 6 bathroom(s) and is listed by Skyline Properties through agent Zainab Malik. Residents enjoy access to Underground Electricity, Club House, CCTV Surveillance. The location offers convenient access to schools, hospitals, and main boulevards, making it a great option for families and investors alike. Listed on 2022-09-17."
48,"This 3-bedroom Lower Portion is available for sale in DHA Phase 2 Rawalpindi, Rawalpindi. Spread over 27.33 Marla (7440.59 sqft), the property features 2 bathroom(s) and is listed by Skyline Properties through agent Zainab Farooq. Residents enjoy access to Solar Panels, Sewerage System, Community Park. The location offers convenient access to schools, hospitals, and main boulevards, making it a great option for families and investors alike. Listed on 2024-01-14."
49,"This 4-bedroom Penthouse is available for sale in G-13, Islamabad. Spread over 4.78 Marla (1301.36 sqft), the property features 4 bathroom(s) and is listed by Prime Estate Consultants through agent Fatima Raza. Residents enjoy access to Mosque, Mini Golf Course, Gated Community. The location offers convenient access to schools, hospitals, and main boulevards, making it a great option for families and investors alike. Listed on 2024-05-23."
50,"This 5-bedroom Flat is available for sale in Bahria Town Karachi, Karachi. Spread over 9.68 Marla (2635.38 sqft), the property features 4 bathroom(s) and is listed by Graana Real Estate through agent Imran Sheikh. Residents enjoy access to Gated Community, Kids Play Area, Wide Roads. The location offers convenient access to schools, hospitals, and main boulevards, making it a great option for families and investors alike. Listed on 2024-03-26."
51,"This 1-bedroom Farm House is available for sale in DHA Phase 2 Rawalpindi, Rawalpindi. Spread over 19.79 Marla (5387.83 sqft), the property features 1 bathroom(s) and is listed by City Housing Marketing through agent Ayesha Butt. Residents enjoy access to Covered Parking, BBQ Area, Gated Community. The location offers convenient access to schools, hospitals, and main boulevards, making it a great option for families and investors alike. Listed on 2022-07-15."
52,"This 6-bedroom Upper Portion is available for sale in Eden Valley, Faisalabad. Spread over 24.15 Marla (6574.84 sqft), the property features 6 bathroom(s) and is listed by Zameen Estate Hub through agent Bilal Sheikh. Residents enjoy access to 24/7 Security, Sewerage System, Water Filtration Plant. The location offers convenient access to schools, hospitals, and main boulevards, making it a great option for families and investors alike. Listed on 2020-10-26."
53,"This 5-bedroom Flat is available for sale in Clifton, Karachi. Spread over 10.45 Marla (2845.01 sqft), the property features 4 bathroom(s) and is listed by Skyline Properties through agent Ayesha Butt. Residents enjoy access to Solar Panels, Club House, Backup Generator. The location offers convenient access to schools, hospitals, and main boulevards, making it a great option for families and investors alike. Listed on 2019-02-16."
54,"This 1-bedroom Room is available for sale in Model Town, Lahore. Spread over 3.28 Marla (892.98 sqft), the property features 1 bathroom(s) and is listed by City Housing Marketing through agent Zainab Malik. Residents enjoy access to Club House, BBQ Area, Gymnasium. The location offers convenient access to schools, hospitals, and main boulevards, making it a great option for families and investors alike. Listed on 2019-06-02."
55,"This 4-bedroom Lower Portion is available for sale in Askari 14, Rawalpindi. Spread over 2.85 Marla (775.91 sqft), the property features 4 bathroom(s) and is listed by Metro Homes Realty through agent Bilal Aslam. Residents enjoy access to Mini Golf Course, Gated Community, Swimming Pool. The location offers convenient access to schools, hospitals, and main boulevards, making it a great option for families and investors alike. Listed on 2022-06-30."
56,"This 4-bedroom Upper Portion is available for sale in North Nazimabad, Karachi. Spread over 7.39 Marla (2011.93 sqft), the property features 3 bathroom(s) and is listed by Zameen Estate Hub through agent Imran Iqbal. Residents enjoy access to Sewerage System, Swimming Pool, Water Filtration Plant. The location offers convenient access to schools, hospitals, and main boulevards, making it a great option for families and investors alike. Listed on 2024-12-08."
57,"This 6-bedroom Upper Portion is available for sale in Madina Town, Faisalabad. Spread over 3.07 Marla (835.81 sqft), the property features 6 bathroom(s) and is listed by City Housing Marketing through agent Ayesha Butt. Residents enjoy access to Covered Parking, Kids Play Area, Broadband Internet. The location offers convenient access to schools, hospitals, and main boulevards, making it a great option for families and investors alike. Listed on 2020-05-01."
58,"This 5-bedroom House is available for sale in North Nazimabad, Karachi. Spread over 14.85 Marla (4042.91 sqft), the property features 5 bathroom(s) and is listed by Aiwan-e-Property through agent Usman Farooq. Residents enjoy access to Gymnasium, Community Park, Kids Play Area. The location offers convenient access to schools, hospitals, and main boulevards, making it a great option for families and investors alike. Listed on 2020-08-06."
59,"This 1-bedroom Room is available for sale in Gulberg Greens, Islamabad. Spread over 7.88 Marla (2145.33 sqft), the property features 1 bathroom(s) and is listed by Aiwan-e-Property through agent Sara Malik. Residents enjoy access to Water Filtration Plant, CCTV Surveillance, Gymnasium. The location offers convenient access to schools, hospitals, and main boulevards, making it a great option for families and investors alike. Listed on 2019-09-03."
60,"This 6-bedroom Upper Portion is available for sale in Eden Valley, Faisalabad. Spread over 20.75 Marla (5649.19 sqft), the property features 6 bathroom(s) and is listed by Prime Estate Consultants through agent Zainab Farooq. Residents enjoy access to Sewerage System, Mosque, Kids Play Area. The location offers convenient access to schools, hospitals, and main boulevards, making it a great option for families and investors alike. Listed on 2023-08-12."
61,"This 1-bedroom Room is available for sale in Satellite Town, Rawalpindi. Spread over 4.73 Marla (1287.74 sqft), the property features 1 bathroom(s) and is listed by Prime Estate Consultants through agent Ahmed Butt. Residents enjoy access to Gated Community, Gymnasium, Covered Parking. The location offers convenient access to schools, hospitals, and main boulevards, making it a great option for families and investors alike. Listed on 2024-06-14."
62,"This 1-bedroom Room is available for sale in Bahria Town Karachi, Karachi. Spread over 9.36 Marla (2548.26 sqft), the property features 1 bathroom(s) and is listed by Graana Real Estate through agent Zainab Raza. Residents enjoy access to Sewerage System, BBQ Area, CCTV Surveillance. The location offers convenient access to schools, hospitals, and main boulevards, making it a great option for families and investors alike. Listed on 2023-07-08."
63,"This 4-bedroom Flat is available for sale in Wapda Town, Lahore. Spread over 19.15 Marla (5213.59 sqft), the property features 3 bathroom(s) and is listed by Aiwan-e-Property through agent Usman Raza. Residents enjoy access to Backup Generator, Sewerage System, Rooftop Terrace. The location offers convenient access to schools, hospitals, and main boulevards, making it a great option for families and investors alike. Listed on 2018-12-27."
64,"This 2-bedroom Farm House is available for rent in Wapda City, Faisalabad. Spread over 19.65 Marla (5349.71 sqft), the property features 1 bathroom(s) and is listed by City Housing Marketing through agent Zainab Khan. Residents enjoy access to Water Filtration Plant, Kids Play Area, CCTV Surveillance. The location offers convenient access to schools, hospitals, and main boulevards, making it a great option for families and investors alike. Listed on 2023-08-04."
65,"This 5-bedroom Farm House is available for sale in F-10, Islamabad. Spread over 3.28 Marla (892.98 sqft), the property features 5 bathroom(s) and is listed by Prime Estate Consultants through agent Ahmed Javed. Residents enjoy access to Swimming Pool, Kids Play Area, Covered Parking. The location offers convenient access to schools, hospitals, and main boulevards, making it a great option for families and investors alike. Listed on 2021-06-26."
66,"This 6-bedroom House is available for sale in Johar Town, Lahore. Spread over 7.0 Marla (1905.75 sqft), the property features 6 bathroom(s) and is listed by Metro Homes Realty through agent Zainab Farooq. Residents enjoy access to Gymnasium, Mini Golf Course, Broadband Internet. The location offers convenient access to schools, hospitals, and main boulevards, making it a great option for families and investors alike. Listed on 2021-01-24."
67,"This 1-bedroom Room is available for sale in DHA Phase 2 Rawalpindi, Rawalpindi. Spread over 7.51 Marla (2044.6 sqft), the property features 1 bathroom(s) and is listed by Aiwan-e-Property through agent Imran Butt. Residents enjoy access to Gated Community, Underground Electricity, Gymnasium. The location offers convenient access to schools, hospitals, and main boulevards, making it a great option for families and investors alike. Listed on 2022-08-27."
68,"This 1-bedroom Room is available for rent in PWD Housing Scheme, Islamabad. Spread over 21.46 Marla (5842.49 sqft), the property features 1 bathroom(s) and is listed by Aiwan-e-Property through agent Imran Javed. Residents enjoy access to Gated Community, Wide Roads, Swimming Pool. The location offers convenient access to schools, hospitals, and main boulevards, making it a great option for families and investors alike. Listed on 2021-11-14."
69,"This 4-bedroom Flat is available for sale in Malir, Karachi. Spread over 8.57 Marla (2333.18 sqft), the property features 4 bathroom(s) and is listed by City Housing Marketing through agent Fatima Iqbal. Residents enjoy access to Gated Community, Covered Parking, Sewerage System. The location offers convenient access to schools, hospitals, and main boulevards, making it a great option for families and investors alike. Listed on 2023-04-22."
70,"This 4-bedroom House is available for sale in Bahria Town Karachi, Karachi. Spread over 12.89 Marla (3509.3 sqft), the property features 4 bathroom(s) and is listed by Graana Real Estate through agent Sara Iqbal. Residents enjoy access to Swimming Pool, Broadband Internet, CCTV Surveillance. The location offers convenient access to schools, hospitals, and main boulevards, making it a great option for families and investors alike. Listed on 2023-02-15."
71,"This 4-bedroom Penthouse is available for rent in Johar Town, Lahore. Spread over 12.3 Marla (3348.68 sqft), the property features 3 bathroom(s) and is listed by Skyline Properties through agent Imran Iqbal. Residents enjoy access to Mosque, Covered Parking, Gated Community. The location offers convenient access to schools, hospitals, and main boulevards, making it a great option for families and investors alike. Listed on 2021-09-07."
72,"This 1-bedroom Room is available for sale in Bahria Town Rawalpindi, Rawalpindi. Spread over 10.99 Marla (2992.03 sqft), the property features 1 bathroom(s) and is listed by Skyline Properties through agent Bilal Farooq. Residents enjoy access to Broadband Internet, BBQ Area, Mini Golf Course. The location offers convenient access to schools, hospitals, and main boulevards, making it a great option for families and investors alike. Listed on 2019-02-08."
73,"This 4-bedroom Upper Portion is available for rent in DHA Phase 5, Lahore. Spread over 9.72 Marla (2646.27 sqft), the property features 4 bathroom(s) and is listed by Prime Estate Consultants through agent Sara Chaudhry. Residents enjoy access to Covered Parking, Broadband Internet, Solar Panels. The location offers convenient access to schools, hospitals, and main boulevards, making it a great option for families and investors alike. Listed on 2022-08-15."
74,"This 6-bedroom Lower Portion is available for rent in DHA Phase 2 Rawalpindi, Rawalpindi. Spread over 6.63 Marla (1805.02 sqft), the property features 6 bathroom(s) and is listed by Skyline Properties through agent Zainab Butt. Residents enjoy access to Mosque, Gymnasium, Solar Panels. The location offers convenient access to schools, hospitals, and main boulevards, making it a great option for families and investors alike. Listed on 2018-02-08."
75,"This 1-bedroom Room is available for sale in Satellite Town, Rawalpindi. Spread over 15.57 Marla (4238.93 sqft), the property features 1 bathroom(s) and is listed by Metro Homes Realty through agent Zainab Malik. Residents enjoy access to BBQ Area, Community Park, Underground Electricity. The location offers convenient access to schools, hospitals, and main boulevards, making it a great option for families and investors alike. Listed on 2020-03-26."
76,"This 5-bedroom Farm House is available for sale in Jaranwala Road, Faisalabad. Spread over 14.32 Marla (3898.62 sqft), the property features 4 bathroom(s) and is listed by Prime Estate Consultants through agent Zainab Butt. Residents enjoy access to Backup Generator, Swimming Pool, Rooftop Terrace. The location offers convenient access to schools, hospitals, and main boulevards, making it a great option for families and investors alike. Listed on 2018-07-20."
77,"This 6-bedroom Farm House is available for sale in Bahria Town Islamabad, Islamabad. Spread over 10.36 Marla (2820.51 sqft), the property features 5 bathroom(s) and is listed by City Housing Marketing through agent Bilal Khan. Residents enjoy access to Water Filtration Plant, Sewerage System, Underground Electricity. The location offers convenient access to schools, hospitals, and main boulevards, making it a great option for families and investors alike. Listed on 2019-07-15."
78,"This 4-bedroom Farm House is available for sale in Jaranwala Road, Faisalabad. Spread over 9.65 Marla (2627.21 sqft), the property features 4 bathroom(s) and is listed by Aiwan-e-Property through agent Imran Javed. Residents enjoy access to Rooftop Terrace, 24/7 Security, Water Filtration Plant. The location offers convenient access to schools, hospitals, and main boulevards, making it a great option for families and investors alike. Listed on 2024-01-19."
79,"This 4-bedroom Penthouse is available for sale in F-10, Islamabad. Spread over 12.73 Marla (3465.74 sqft), the property features 4 bathroom(s) and is listed by Skyline Properties through agent Fatima Javed. Residents enjoy access to Rooftop Terrace, Swimming Pool, CCTV Surveillance. The location offers convenient access to schools, hospitals, and main boulevards, making it a great option for families and investors alike. Listed on 2020-07-13."
80,"This 1-bedroom Room is available for sale in Bahria Town, Lahore. Spread over 12.41 Marla (3378.62 sqft), the property features 1 bathroom(s) and is listed by Skyline Properties through agent Hassan Malik. Residents enjoy access to Community Park, Wide Roads, Covered Parking. The location offers convenient access to schools, hospitals, and main boulevards, making it a great option for families and investors alike. Listed on 2022-04-10."
81,"This 6-bedroom Upper Portion is available for rent in Eden Valley, Faisalabad. Spread over 8.24 Marla (2243.34 sqft), the property features 6 bathroom(s) and is listed by City Housing Marketing through agent Fatima Malik. Residents enjoy access to Mosque, Kids Play Area, 24/7 Security. The location offers convenient access to schools, hospitals, and main boulevards, making it a great option for families and investors alike. Listed on 2021-05-22."
82,"This 4-bedroom House is available for sale in F-10, Islamabad. Spread over 23.18 Marla (6310.76 sqft), the property features 4 bathroom(s) and is listed by Metro Homes Realty through agent Kashif Chaudhry. Residents enjoy access to Backup Generator, Mosque, Club House. The location offers convenient access to schools, hospitals, and main boulevards, making it a great option for families and investors alike. Listed on 2024-01-22."
83,"This 4-bedroom Upper Portion is available for sale in Askari 14, Rawalpindi. Spread over 11.32 Marla (3081.87 sqft), the property features 4 bathroom(s) and is listed by City Housing Marketing through agent Hassan Javed. Residents enjoy access to BBQ Area, Rooftop Terrace, Mosque. The location offers convenient access to schools, hospitals, and main boulevards, making it a great option for families and investors alike. Listed on 2019-02-11."
84,"This 4-bedroom Upper Portion is available for sale in Johar Town, Lahore. Spread over 5.45 Marla (1483.76 sqft), the property features 4 bathroom(s) and is listed by Graana Real Estate through agent Ahmed Raza. Residents enjoy access to Kids Play Area, Gymnasium, 24/7 Security. The location offers convenient access to schools, hospitals, and main boulevards, making it a great option for families and investors alike. Listed on 2024-09-11."
85,"This 2-bedroom House is available for rent in Susan Road, Faisalabad. Spread over 23.54 Marla (6408.76 sqft), the property features 2 bathroom(s) and is listed by Skyline Properties through agent Kashif Khan. Residents enjoy access to Community Park, Broadband Internet, Covered Parking. The location offers convenient access to schools, hospitals, and main boulevards, making it a great option for families and investors alike. Listed on 2019-08-28."
86,"This 1-bedroom Upper Portion is available for rent in North Nazimabad, Karachi. Spread over 5.16 Marla (1404.81 sqft), the property features 1 bathroom(s) and is listed by Prime Estate Consultants through agent Hassan Khan. Residents enjoy access to Broadband Internet, Sewerage System, 24/7 Security. The location offers convenient access to schools, hospitals, and main boulevards, making it a great option for families and investors alike. Listed on 2020-09-01."
87,"This 5-bedroom Farm House is available for sale in Bahria Town Rawalpindi, Rawalpindi. Spread over 21.11 Marla (5747.2 sqft), the property features 4 bathroom(s) and is listed by Zameen Estate Hub through agent Kashif Khan. Residents enjoy access to Kids Play Area, Gated Community, Broadband Internet. The location offers convenient access to schools, hospitals, and main boulevards, making it a great option for families and investors alike. Listed on 2023-08-26."
88,"This 4-bedroom Lower Portion is available for sale in Jaranwala Road, Faisalabad. Spread over 2.74 Marla (745.97 sqft), the property features 4 bathroom(s) and is listed by Metro Homes Realty through agent Zainab Malik. Residents enjoy access to Kids Play Area, Rooftop Terrace, Gymnasium. The location offers convenient access to schools, hospitals, and main boulevards, making it a great option for families and investors alike. Listed on 2019-03-19."
89,"This 4-bedroom Flat is available for sale in DHA Phase 8, Karachi. Spread over 26.06 Marla (7094.84 sqft), the property features 3 bathroom(s) and is listed by Prime Estate Consultants through agent Kashif Iqbal. Residents enjoy access to Underground Electricity, Gated Community, Backup Generator. The location offers convenient access to schools, hospitals, and main boulevards, making it a great option for families and investors alike. Listed on 2023-02-02."
90,"This 4-bedroom Lower Portion is available for sale in Susan Road, Faisalabad. Spread over 7.86 Marla (2139.89 sqft), the property features 4 bathroom(s) and is listed by Aiwan-e-Property through agent Fatima Raza. Residents enjoy access to Kids Play Area, Gated Community, Community Park. The location offers convenient access to schools, hospitals, and main boulevards, making it a great option for families and investors alike. Listed on 2019-01-25."
91,"This 1-bedroom Lower Portion is available for sale in Malir, Karachi. Spread over 4.59 Marla (1249.63 sqft), the property features 1 bathroom(s) and is listed by Prime Estate Consultants through agent Ahmed Aslam. Residents enjoy access to Mini Golf Course, Club House, Community Park. The location offers convenient access to schools, hospitals, and main boulevards, making it a great option for families and investors alike. Listed on 2019-06-17."
92,"This 6-bedroom Upper Portion is available for rent in Johar Town, Lahore. Spread over 16.1 Marla (4383.23 sqft), the property features 6 bathroom(s) and is listed by Aiwan-e-Property through agent Hassan Malik. Residents enjoy access to Club House, Sewerage System, Swimming Pool. The location offers convenient access to schools, hospitals, and main boulevards, making it a great option for families and investors alike. Listed on 2024-09-25."
93,"This 3-bedroom Penthouse is available for sale in DHA Phase 2 Rawalpindi, Rawalpindi. Spread over 24.34 Marla (6626.56 sqft), the property features 2 bathroom(s) and is listed by Skyline Properties through agent Imran Aslam. Residents enjoy access to Wide Roads, Club House, Community Park. The location offers convenient access to schools, hospitals, and main boulevards, making it a great option for families and investors alike. Listed on 2022-10-24."
94,"This 3-bedroom Farm House is available for rent in Gulberg, Lahore. Spread over 9.06 Marla (2466.59 sqft), the property features 2 bathroom(s) and is listed by Aiwan-e-Property through agent Ahmed Chaudhry. Residents enjoy access to 24/7 Security, Underground Electricity, Swimming Pool. The location offers convenient access to schools, hospitals, and main boulevards, making it a great option for families and investors alike. Listed on 2021-10-23."
95,"This 5-bedroom Flat is available for sale in Bahria Town Rawalpindi, Rawalpindi. Spread over 2.76 Marla (751.41 sqft), the property features 5 bathroom(s) and is listed by Aiwan-e-Property through agent Sara Raza. Residents enjoy access to Club House, Solar Panels, Backup Generator. The location offers convenient access to schools, hospitals, and main boulevards, making it a great option for families and investors alike. Listed on 2023-02-02."
96,"This 5-bedroom House is available for rent in Eden Valley, Faisalabad. Spread over 6.52 Marla (1775.07 sqft), the property features 5 bathroom(s) and is listed by Metro Homes Realty through agent Fatima Farooq. Residents enjoy access to Gymnasium, Mosque, Backup Generator. The location offers convenient access to schools, hospitals, and main boulevards, making it a great option for families and investors alike. Listed on 2021-01-19."
97,"This 6-bedroom House is available for sale in North Nazimabad, Karachi. Spread over 4.78 Marla (1301.36 sqft), the property features 5 bathroom(s) and is listed by Graana Real Estate through agent Ayesha Iqbal. Residents enjoy access to Covered Parking, CCTV Surveillance, Backup Generator. The location offers convenient access to schools, hospitals, and main boulevards, making it a great option for families and investors alike. Listed on 2021-06-17."
98,"This 1-bedroom Flat is available for rent in Gulshan-e-Iqbal, Karachi. Spread over 9.58 Marla (2608.16 sqft), the property features 1 bathroom(s) and is listed by Zameen Estate Hub through agent Sara Iqbal. Residents enjoy access to Solar Panels, Gymnasium, BBQ Area. The location offers convenient access to schools, hospitals, and main boulevards, making it a great option for families and investors alike. Listed on 2022-10-30."
99,"This 4-bedroom House is available for sale in Jaranwala Road, Faisalabad. Spread over 2.96 Marla (805.86 sqft), the property features 4 bathroom(s) and is listed by Metro Homes Realty through agent Kashif Iqbal. Residents enjoy access to Mosque, BBQ Area, Water Filtration Plant. The location offers convenient access to schools, hospitals, and main boulevards, making it a great option for families and investors alike. Listed on 2024-06-16."
100,"This 5-bedroom House is available for rent in Johar Town, Lahore. Spread over 7.42 Marla (2020.1 sqft), the property features 5 bathroom(s) and is listed by Graana Real Estate through agent Fatima Malik. Residents enjoy access to Underground Electricity, Covered Parking, Broadband Internet. The location offers convenient access to schools, hospitals, and main boulevards, making it a great option for families and investors alike. Listed on 2022-01-22."
101,"This 2-bedroom Lower Portion is available for rent in Wapda City, Faisalabad. Spread over 11.33 Marla (3084.59 sqft), the property features 2 bathroom(s) and is listed by Prime Estate Consultants through agent Imran Sheikh. Residents enjoy access to Club House, Covered Parking, Sewerage System. The location offers convenient access to schools, hospitals, and main boulevards, making it a great option for families and investors alike. Listed on 2019-04-13."
102,"This 2-bedroom House is available for sale in Clifton, Karachi. Spread over 7.48 Marla (2036.43 sqft), the property features 1 bathroom(s) and is listed by Metro Homes Realty through agent Kashif Aslam. Residents enjoy access to Rooftop Terrace, CCTV Surveillance, Community Park. The location offers convenient access to schools, hospitals, and main boulevards, making it a great option for families and investors alike. Listed on 2023-07-17."
103,"This 1-bedroom Upper Portion is available for rent in Eden Valley, Faisalabad. Spread over 11.16 Marla (3038.31 sqft), the property features 1 bathroom(s) and is listed by Skyline Properties through agent Usman Aslam. Residents enjoy access to CCTV Surveillance, BBQ Area, Swimming Pool. The location offers convenient access to schools, hospitals, and main boulevards, making it a great option for families and investors alike. Listed on 2021-05-25."
104,"This 1-bedroom Lower Portion is available for sale in F-10, Islamabad. Spread over 12.8 Marla (3484.8 sqft), the property features 1 bathroom(s) and is listed by Prime Estate Consultants through agent Kashif Javed. Residents enjoy access to CCTV Surveillance, Solar Panels, Community Park. The location offers convenient access to schools, hospitals, and main boulevards, making it a great option for families and investors alike. Listed on 2019-01-05."
105,"This 4-bedroom Penthouse is available for sale in Johar Town, Lahore. Spread over 7.71 Marla (2099.05 sqft), the property features 3 bathroom(s) and is listed by Metro Homes Realty through agent Bilal Raza. Residents enjoy access to Gated Community, Water Filtration Plant, Kids Play Area. The location offers convenient access to schools, hospitals, and main boulevards, making it a great option for families and investors alike. Listed on 2018-09-11."
106,"This 5-bedroom Flat is available for sale in DHA Phase 8, Karachi. Spread over 20.1 Marla (5472.23 sqft), the property features 5 bathroom(s) and is listed by Metro Homes Realty through agent Fatima Raza. Residents enjoy access to Broadband Internet, Wide Roads, Gymnasium. The location offers convenient access to schools, hospitals, and main boulevards, making it a great option for families and investors alike. Listed on 2021-03-04."
107,"This 6-bedroom Upper Portion is available for sale in DHA Islamabad, Islamabad. Spread over 14.35 Marla (3906.79 sqft), the property features 5 bathroom(s) and is listed by Skyline Properties through agent Sara Raza. Residents enjoy access to Covered Parking, Water Filtration Plant, Rooftop Terrace. The location offers convenient access to schools, hospitals, and main boulevards, making it a great option for families and investors alike. Listed on 2024-10-04."
108,"This 6-bedroom Farm House is available for sale in G-13, Islamabad. Spread over 13.89 Marla (3781.55 sqft), the property features 6 bathroom(s) and is listed by City Housing Marketing through agent Hassan Chaudhry. Residents enjoy access to Community Park, Backup Generator, Broadband Internet. The location offers convenient access to schools, hospitals, and main boulevards, making it a great option for families and investors alike. Listed on 2022-03-23."
109,"This 3-bedroom Farm House is available for sale in Wapda City, Faisalabad. Spread over 24.31 Marla (6618.4 sqft), the property features 3 bathroom(s) and is listed by Aiwan-e-Property through agent Zainab Sheikh. Residents enjoy access to CCTV Surveillance, Community Park, Covered Parking. The location offers convenient access to schools, hospitals, and main boulevards, making it a great option for families and investors alike. Listed on 2020-05-27."
110,"This 6-bedroom Penthouse is available for rent in Bahria Town, Lahore. Spread over 26.35 Marla (7173.79 sqft), the property features 5 bathroom(s) and is listed by Skyline Properties through agent Kashif Chaudhry. Residents enjoy access to Backup Generator, Gymnasium, Rooftop Terrace. The location offers convenient access to schools, hospitals, and main boulevards, making it a great option for families and investors alike. Listed on 2021-10-11."
111,"This 1-bedroom Penthouse is available for sale in Malir, Karachi. Spread over 7.31 Marla (1990.15 sqft), the property features 1 bathroom(s) and is listed by Metro Homes Realty through agent Kashif Butt. Residents enjoy access to Backup Generator, Wide Roads, Water Filtration Plant. The location offers convenient access to schools, hospitals, and main boulevards, making it a great option for families and investors alike. Listed on 2020-08-30."
112,"This 2-bedroom Flat is available for sale in North Nazimabad, Karachi. Spread over 21.62 Marla (5886.05 sqft), the property features 2 bathroom(s) and is listed by Metro Homes Realty through agent Zainab Butt. Residents enjoy access to CCTV Surveillance, Backup Generator, Gated Community. The location offers convenient access to schools, hospitals, and main boulevards, making it a great option for families and investors alike. Listed on 2024-05-25."
113,"This 1-bedroom Penthouse is available for sale in DHA Phase 2 Rawalpindi, Rawalpindi. Spread over 7.52 Marla (2047.32 sqft), the property features 1 bathroom(s) and is listed by Prime Estate Consultants through agent Bilal Javed. Residents enjoy access to Mini Golf Course, Community Park, Gated Community. The location offers convenient access to schools, hospitals, and main boulevards, making it a great option for families and investors alike. Listed on 2022-03-01."
114,"This 1-bedroom Lower Portion is available for rent in Gulshan-e-Iqbal, Karachi. Spread over 7.46 Marla (2030.98 sqft), the property features 1 bathroom(s) and is listed by Graana Real Estate through agent Fatima Khan. Residents enjoy access to Water Filtration Plant, Mosque, Solar Panels. The location offers convenient access to schools, hospitals, and main boulevards, making it a great option for families and investors alike. Listed on 2021-12-02."
115,"This 6-bedroom Upper Portion is available for sale in Bahria Town Rawalpindi, Rawalpindi. Spread over 13.03 Marla (3547.42 sqft), the property features 5 bathroom(s) and is listed by Zameen Estate Hub through agent Ahmed Butt. Residents enjoy access to CCTV Surveillance, Solar Panels, Mosque. The location offers convenient access to schools, hospitals, and main boulevards, making it a great option for families and investors alike. Listed on 2019-08-22."
116,"This 1-bedroom Lower Portion is available for sale in Malir, Karachi. Spread over 3.24 Marla (882.09 sqft), the property features 1 bathroom(s) and is listed by Prime Estate Consultants through agent Kashif Javed. Residents enjoy access to Broadband Internet, Rooftop Terrace, Sewerage System. The location offers convenient access to schools, hospitals, and main boulevards, making it a great option for families and investors alike. Listed on 2019-09-05."
117,"This 5-bedroom House is available for sale in Gulshan-e-Iqbal, Karachi. Spread over 15.42 Marla (4198.1 sqft), the property features 5 bathroom(s) and is listed by Prime Estate Consultants through agent Imran Khan. Residents enjoy access to BBQ Area, Sewerage System, Community Park. The location offers convenient access to schools, hospitals, and main boulevards, making it a great option for families and investors alike. Listed on 2023-08-10."
118,"This 4-bedroom Lower Portion is available for sale in Gulshan-e-Iqbal, Karachi. Spread over 11.38 Marla (3098.21 sqft), the property features 4 bathroom(s) and is listed by Prime Estate Consultants through agent Hassan Malik. Residents enjoy access to Water Filtration Plant, 24/7 Security, Mosque. The location offers convenient access to schools, hospitals, and main boulevards, making it a great option for families and investors alike. Listed on 2018-12-17."
119,"This 4-bedroom House is available for sale in Eden Valley, Faisalabad. Spread over 18.17 Marla (4946.78 sqft), the property features 4 bathroom(s) and is listed by Aiwan-e-Property through agent Bilal Raza. Residents enjoy access to Broadband Internet, Swimming Pool, Rooftop Terrace. The location offers convenient access to schools, hospitals, and main boulevards, making it a great option for families and investors alike. Listed on 2018-03-08."
120,"This 1-bedroom Room is available for sale in Wapda Town, Lahore. Spread over 11.12 Marla (3027.42 sqft), the property features 1 bathroom(s) and is listed by Skyline Properties through agent Zainab Farooq. Residents enjoy access to Club House, Gated Community, Community Park. The location offers convenient access to schools, hospitals, and main boulevards, making it a great option for families and investors alike. Listed on 2019-12-19."
121,"This 1-bedroom Penthouse is available for rent in Model Town, Lahore. Spread over 2.88 Marla (784.08 sqft), the property features 1 bathroom(s) and is listed by Aiwan-e-Property through agent Imran Iqbal. Residents enjoy access to CCTV Surveillance, Backup Generator, Kids Play Area. The location offers convenient access to schools, hospitals, and main boulevards, making it a great option for families and investors alike. Listed on 2021-07-16."
122,"This 1-bedroom Penthouse is available for sale in DHA Islamabad, Islamabad. Spread over 9.71 Marla (2643.55 sqft), the property features 1 bathroom(s) and is listed by Skyline Properties through agent Hassan Iqbal. Residents enjoy access to Rooftop Terrace, Broadband Internet, Solar Panels. The location offers convenient access to schools, hospitals, and main boulevards, making it a great option for families and investors alike. Listed on 2019-05-25."
123,"This 5-bedroom Flat is available for sale in Satellite Town, Rawalpindi. Spread over 19.47 Marla (5300.71 sqft), the property features 5 bathroom(s) and is listed by Graana Real Estate through agent Fatima Aslam. Residents enjoy access to Solar Panels, Sewerage System, Kids Play Area. The location offers convenient access to schools, hospitals, and main boulevards, making it a great option for families and investors alike. Listed on 2022-10-05."
124,"This 5-bedroom House is available for sale in G-13, Islamabad. Spread over 9.61 Marla (2616.32 sqft), the property features 4 bathroom(s) and is listed by Aiwan-e-Property through agent Zainab Khan. Residents enjoy access to Swimming Pool, Underground Electricity, Solar Panels. The location offers convenient access to schools, hospitals, and main boulevards, making it a great option for families and investors alike. Listed on 2022-12-24."
125,"This 6-bedroom Upper Portion is available for sale in Madina Town, Faisalabad. Spread over 2.75 Marla (748.69 sqft), the property features 6 bathroom(s) and is listed by Graana Real Estate through agent Sara Aslam. Residents enjoy access to Community Park, Sewerage System, Mosque. The location offers convenient access to schools, hospitals, and main boulevards, making it a great option for families and investors alike. Listed on 2019-10-18."
126,"This 5-bedroom Flat is available for rent in DHA Phase 8, Karachi. Spread over 11.67 Marla (3177.16 sqft), the property features 5 bathroom(s) and is listed by Aiwan-e-Property through agent Hassan Farooq. Residents enjoy access to CCTV Surveillance, Mini Golf Course, 24/7 Security. The location offers convenient access to schools, hospitals, and main boulevards, making it a great option for families and investors alike. Listed on 2023-01-17."
127,"This 1-bedroom Lower Portion is available for sale in Jaranwala Road, Faisalabad. Spread over 9.5 Marla (2586.38 sqft), the property features 1 bathroom(s) and is listed by Prime Estate Consultants through agent Fatima Javed. Residents enjoy access to 24/7 Security, Club House, Mosque. The location offers convenient access to schools, hospitals, and main boulevards, making it a great option for families and investors alike. Listed on 2023-08-07."
128,"This 1-bedroom Room is available for sale in DHA Phase 2 Rawalpindi, Rawalpindi. Spread over 18.8 Marla (5118.3 sqft), the property features 1 bathroom(s) and is listed by Zameen Estate Hub through agent Zainab Malik. Residents enjoy access to 24/7 Security, Swimming Pool, Covered Parking. The location offers convenient access to schools, hospitals, and main boulevards, making it a great option for families and investors alike. Listed on 2023-01-26."
129,"This 3-bedroom Upper Portion is available for sale in Gulberg Greens, Islamabad. Spread over 25.21 Marla (6863.42 sqft), the property features 3 bathroom(s) and is listed by Skyline Properties through agent Hassan Javed. Residents enjoy access to Broadband Internet, Club House, Covered Parking. The location offers convenient access to schools, hospitals, and main boulevards, making it a great option for families and investors alike. Listed on 2019-12-15."
130,"This 3-bedroom Penthouse is available for sale in Clifton, Karachi. Spread over 12.13 Marla (3302.39 sqft), the property features 3 bathroom(s) and is listed by Zameen Estate Hub through agent Kashif Malik. Residents enjoy access to Backup Generator, BBQ Area, Club House. The location offers convenient access to schools, hospitals, and main boulevards, making it a great option for families and investors alike. Listed on 2024-03-09."
131,"This 3-bedroom Penthouse is available for sale in Askari 14, Rawalpindi. Spread over 4.63 Marla (1260.52 sqft), the property features 2 bathroom(s) and is listed by City Housing Marketing through agent Imran Raza. Residents enjoy access to Backup Generator, Community Park, Gymnasium. The location offers convenient access to schools, hospitals, and main boulevards, making it a great option for families and investors alike. Listed on 2023-03-24."
132,"This 1-bedroom Flat is available for rent in Eden Valley, Faisalabad. Spread over 6.91 Marla (1881.25 sqft), the property features 1 bathroom(s) and is listed by Zameen Estate Hub through agent Sara Raza. Residents enjoy access to Gymnasium, 24/7 Security, Underground Electricity. The location offers convenient access to schools, hospitals, and main boulevards, making it a great option for families and investors alike. Listed on 2021-05-30."
133,"This 5-bedroom Penthouse is available for sale in Jaranwala Road, Faisalabad. Spread over 8.22 Marla (2237.89 sqft), the property features 5 bathroom(s) and is listed by Prime Estate Consultants through agent Imran Malik. Residents enjoy access to Mosque, 24/7 Security, Underground Electricity. The location offers convenient access to schools, hospitals, and main boulevards, making it a great option for families and investors alike. Listed on 2021-05-25."
134,"This 5-bedroom Flat is available for sale in Susan Road, Faisalabad. Spread over 12.82 Marla (3490.24 sqft), the property features 5 bathroom(s) and is listed by Graana Real Estate through agent Ahmed Aslam. Residents enjoy access to 24/7 Security, Underground Electricity, Covered Parking. The location offers convenient access to schools, hospitals, and main boulevards, making it a great option for families and investors alike. Listed on 2018-04-27."
135,"This 1-bedroom Room is available for sale in Madina Town, Faisalabad. Spread over 21.56 Marla (5869.71 sqft), the property features 1 bathroom(s) and is listed by Metro Homes Realty through agent Ayesha Iqbal. Residents enjoy access to Gymnasium, Wide Roads, CCTV Surveillance. The location offers convenient access to schools, hospitals, and main boulevards, making it a great option for families and investors alike. Listed on 2021-05-22."
136,"This 5-bedroom Lower Portion is available for sale in DHA Phase 6, Lahore. Spread over 18.82 Marla (5123.74 sqft), the property features 5 bathroom(s) and is listed by City Housing Marketing through agent Hassan Iqbal. Residents enjoy access to Mini Golf Course, Underground Electricity, Community Park. The location offers convenient access to schools, hospitals, and main boulevards, making it a great option for families and investors alike. Listed on 2021-07-31."
137,"This 2-bedroom Upper Portion is available for sale in Wapda City, Faisalabad. Spread over 4.77 Marla (1298.63 sqft), the property features 2 bathroom(s) and is listed by Metro Homes Realty through agent Kashif Iqbal. Residents enjoy access to Backup Generator, Broadband Internet, Gymnasium. The location offers convenient access to schools, hospitals, and main boulevards, making it a great option for families and investors alike. Listed on 2021-04-03."
138,"This 1-bedroom Room is available for sale in Gulshan-e-Iqbal, Karachi. Spread over 8.42 Marla (2292.34 sqft), the property features 1 bathroom(s) and is listed by Metro Homes Realty through agent Usman Farooq. Residents enjoy access to Covered Parking, CCTV Surveillance, 24/7 Security. The location offers convenient access to schools, hospitals, and main boulevards, making it a great option for families and investors alike. Listed on 2023-03-28."
139,"This 3-bedroom Flat is available for sale in Madina Town, Faisalabad. Spread over 10.92 Marla (2972.97 sqft), the property features 3 bathroom(s) and is listed by Aiwan-e-Property through agent Imran Khan. Residents enjoy access to Mosque, Swimming Pool, Gymnasium. The location offers convenient access to schools, hospitals, and main boulevards, making it a great option for families and investors alike. Listed on 2023-04-12."
140,"This 1-bedroom Upper Portion is available for rent in Gulberg Greens, Islamabad. Spread over 10.91 Marla (2970.25 sqft), the property features 1 bathroom(s) and is listed by Prime Estate Consultants through agent Usman Malik. Residents enjoy access to Broadband Internet, Covered Parking, Rooftop Terrace. The location offers convenient access to schools, hospitals, and main boulevards, making it a great option for families and investors alike. Listed on 2022-01-24."
141,"This 1-bedroom Penthouse is available for rent in Jaranwala Road, Faisalabad. Spread over 4.63 Marla (1260.52 sqft), the property features 1 bathroom(s) and is listed by Prime Estate Consultants through agent Hassan Chaudhry. Residents enjoy access to 24/7 Security, Broadband Internet, Wide Roads. The location offers convenient access to schools, hospitals, and main boulevards, making it a great option for families and investors alike. Listed on 2021-10-20."
142,"This 5-bedroom House is available for sale in Wapda City, Faisalabad. Spread over 12.73 Marla (3465.74 sqft), the property features 5 bathroom(s) and is listed by Zameen Estate Hub through agent Hassan Aslam. Residents enjoy access to Underground Electricity, Backup Generator, Club House. The location offers convenient access to schools, hospitals, and main boulevards, making it a great option for families and investors alike. Listed on 2023-10-13."
143,"This 1-bedroom Room is available for sale in Jaranwala Road, Faisalabad. Spread over 25.16 Marla (6849.81 sqft), the property features 1 bathroom(s) and is listed by Skyline Properties through agent Ahmed Raza. Residents enjoy access to Gated Community, Kids Play Area, 24/7 Security. The location offers convenient access to schools, hospitals, and main boulevards, making it a great option for families and investors alike. Listed on 2023-04-30."
144,"This 3-bedroom Penthouse is available for rent in Satellite Town, Rawalpindi. Spread over 3.06 Marla (833.09 sqft), the property features 2 bathroom(s) and is listed by Prime Estate Consultants through agent Ayesha Khan. Residents enjoy access to Mosque, CCTV Surveillance, Rooftop Terrace. The location offers convenient access to schools, hospitals, and main boulevards, making it a great option for families and investors alike. Listed on 2024-06-27."
145,"This 6-bedroom Flat is available for rent in Madina Town, Faisalabad. Spread over 7.25 Marla (1973.81 sqft), the property features 6 bathroom(s) and is listed by Aiwan-e-Property through agent Fatima Chaudhry. Residents enjoy access to Covered Parking, Rooftop Terrace, Mini Golf Course. The location offers convenient access to schools, hospitals, and main boulevards, making it a great option for families and investors alike. Listed on 2022-12-12."
146,"This 5-bedroom Lower Portion is available for rent in Eden Valley, Faisalabad. Spread over 3.12 Marla (849.42 sqft), the property features 5 bathroom(s) and is listed by Prime Estate Consultants through agent Fatima Raza. Residents enjoy access to Backup Generator, Gated Community, Covered Parking. The location offers convenient access to schools, hospitals, and main boulevards, making it a great option for families and investors alike. Listed on 2023-05-14."
147,"This 1-bedroom Room is available for sale in Jaranwala Road, Faisalabad. Spread over 10.22 Marla (2782.39 sqft), the property features 1 bathroom(s) and is listed by Prime Estate Consultants through agent Usman Sheikh. Residents enjoy access to Club House, Covered Parking, Water Filtration Plant. The location offers convenient access to schools, hospitals, and main boulevards, making it a great option for families and investors alike. Listed on 2021-02-16."
148,"This 3-bedroom Flat is available for sale in Gulberg Greens, Islamabad. Spread over 19.27 Marla (5246.26 sqft), the property features 2 bathroom(s) and is listed by Aiwan-e-Property through agent Bilal Aslam. Residents enjoy access to Rooftop Terrace, Covered Parking, Wide Roads. The location offers convenient access to schools, hospitals, and main boulevards, making it a great option for families and investors alike. Listed on 2021-01-25."
149,"This 6-bedroom Penthouse is available for rent in Satellite Town, Rawalpindi. Spread over 9.08 Marla (2472.03 sqft), the property features 6 bathroom(s) and is listed by City Housing Marketing through agent Usman Farooq. Residents enjoy access to Gated Community, Water Filtration Plant, 24/7 Security. The location offers convenient access to schools, hospitals, and main boulevards, making it a great option for families and investors alike. Listed on 2022-12-17."
150,"This 5-bedroom Farm House is available for sale in PWD Housing Scheme, Islamabad. Spread over 5.12 Marla (1393.92 sqft), the property features 5 bathroom(s) and is listed by Zameen Estate Hub through agent Ayesha Khan. Residents enjoy access to CCTV Surveillance, Rooftop Terrace, Kids Play Area. The location offers convenient access to schools, hospitals, and main boulevards, making it a great option for families and investors alike. Listed on 2023-12-16."
151,"This 2-bedroom Farm House is available for rent in Bahria Town Rawalpindi, Rawalpindi. Spread over 3.28 Marla (892.98 sqft), the property features 2 bathroom(s) and is listed by Metro Homes Realty through agent Ayesha Butt. Residents enjoy access to Mini Golf Course, Community Park, Sewerage System. The location offers convenient access to schools, hospitals, and main boulevards, making it a great option for families and investors alike. Listed on 2023-05-03."
152,"This 1-bedroom Room is available for sale in Model Town, Lahore. Spread over 3.25 Marla (884.81 sqft), the property features 1 bathroom(s) and is listed by Graana Real Estate through agent Fatima Farooq. Residents enjoy access to CCTV Surveillance, Covered Parking, Mosque. The location offers convenient access to schools, hospitals, and main boulevards, making it a great option for families and investors alike. Listed on 2019-12-22."
153,"This 3-bedroom House is available for sale in DHA Islamabad, Islamabad. Spread over 5.43 Marla (1478.32 sqft), the property features 3 bathroom(s) and is listed by Prime Estate Consultants through agent Zainab Chaudhry. Residents enjoy access to Covered Parking, BBQ Area, Broadband Internet. The location offers convenient access to schools, hospitals, and main boulevards, making it a great option for families and investors alike. Listed on 2024-02-04."
154,"This 6-bedroom Upper Portion is available for sale in DHA Phase 8, Karachi. Spread over 20.59 Marla (5605.63 sqft), the property features 6 bathroom(s) and is listed by Skyline Properties through agent Usman Aslam. Residents enjoy access to CCTV Surveillance, 24/7 Security, Swimming Pool. The location offers convenient access to schools, hospitals, and main boulevards, making it a great option for families and investors alike. Listed on 2021-10-12."
155,"This 6-bedroom Penthouse is available for sale in Madina Town, Faisalabad. Spread over 11.01 Marla (2997.47 sqft), the property features 6 bathroom(s) and is listed by Metro Homes Realty through agent Hassan Sheikh. Residents enjoy access to Backup Generator, Underground Electricity, Covered Parking. The location offers convenient access to schools, hospitals, and main boulevards, making it a great option for families and investors alike. Listed on 2019-07-30."
156,"This 3-bedroom Upper Portion is available for sale in Satellite Town, Rawalpindi. Spread over 2.86 Marla (778.63 sqft), the property features 2 bathroom(s) and is listed by Metro Homes Realty through agent Usman Chaudhry. Residents enjoy access to BBQ Area, Broadband Internet, Wide Roads. The location offers convenient access to schools, hospitals, and main boulevards, making it a great option for families and investors alike. Listed on 2019-04-30."
157,"This 2-bedroom House is available for sale in Gulberg Greens, Islamabad. Spread over 9.74 Marla (2651.72 sqft), the property features 2 bathroom(s) and is listed by Zameen Estate Hub through agent Zainab Aslam. Residents enjoy access to Water Filtration Plant, Wide Roads, Kids Play Area. The location offers convenient access to schools, hospitals, and main boulevards, making it a great option for families and investors alike. Listed on 2023-05-13."
158,"This 5-bedroom Penthouse is available for sale in DHA Phase 2 Rawalpindi, Rawalpindi. Spread over 5.03 Marla (1369.42 sqft), the property features 4 bathroom(s) and is listed by Graana Real Estate through agent Ahmed Javed. Residents enjoy access to Solar Panels, Broadband Internet, Gymnasium. The location offers convenient access to schools, hospitals, and main boulevards, making it a great option for families and investors alike. Listed on 2024-04-29."
159,"This 6-bedroom Flat is available for sale in Susan Road, Faisalabad. Spread over 24.71 Marla (6727.3 sqft), the property features 6 bathroom(s) and is listed by Graana Real Estate through agent Imran Farooq. Residents enjoy access to Backup Generator, Club House, CCTV Surveillance. The location offers convenient access to schools, hospitals, and main boulevards, making it a great option for families and investors alike. Listed on 2023-06-26."
160,"This 3-bedroom Lower Portion is available for sale in Madina Town, Faisalabad. Spread over 24.81 Marla (6754.52 sqft), the property features 2 bathroom(s) and is listed by Skyline Properties through agent Ahmed Sheikh. Residents enjoy access to BBQ Area, Covered Parking, Swimming Pool. The location offers convenient access to schools, hospitals, and main boulevards, making it a great option for families and investors alike. Listed on 2020-11-08."
161,"This 1-bedroom House is available for sale in Gulberg Greens, Islamabad. Spread over 3.26 Marla (887.53 sqft), the property features 1 bathroom(s) and is listed by Zameen Estate Hub through agent Sara Iqbal. Residents enjoy access to Solar Panels, Underground Electricity, Backup Generator. The location offers convenient access to schools, hospitals, and main boulevards, making it a great option for families and investors alike. Listed on 2022-08-02."
162,"This 3-bedroom Lower Portion is available for sale in Askari 14, Rawalpindi. Spread over 23.16 Marla (6305.31 sqft), the property features 3 bathroom(s) and is listed by Metro Homes Realty through agent Imran Chaudhry. Residents enjoy access to Community Park, Covered Parking, Gymnasium. The location offers convenient access to schools, hospitals, and main boulevards, making it a great option for families and investors alike. Listed on 2024-01-10."
163,"This 5-bedroom House is available for rent in Wapda Town, Lahore. Spread over 20.69 Marla (5632.85 sqft), the property features 5 bathroom(s) and is listed by Zameen Estate Hub through agent Zainab Raza. Residents enjoy access to Swimming Pool, Underground Electricity, Solar Panels. The location offers convenient access to schools, hospitals, and main boulevards, making it a great option for families and investors alike. Listed on 2020-07-29."
164,"This 1-bedroom Penthouse is available for sale in DHA Phase 5, Lahore. Spread over 2.84 Marla (773.19 sqft), the property features 1 bathroom(s) and is listed by Prime Estate Consultants through agent Ahmed Sheikh. Residents enjoy access to Solar Panels, Covered Parking, Mosque. The location offers convenient access to schools, hospitals, and main boulevards, making it a great option for families and investors alike. Listed on 2023-01-03."
165,"This 3-bedroom Flat is available for rent in North Nazimabad, Karachi. Spread over 2.78 Marla (756.85 sqft), the property features 3 bathroom(s) and is listed by Aiwan-e-Property through agent Kashif Aslam. Residents enjoy access to CCTV Surveillance, Covered Parking, Backup Generator. The location offers convenient access to schools, hospitals, and main boulevards, making it a great option for families and investors alike. Listed on 2024-06-17."
166,"This 3-bedroom Flat is available for rent in Gulshan-e-Iqbal, Karachi. Spread over 23.61 Marla (6427.82 sqft), the property features 3 bathroom(s) and is listed by City Housing Marketing through agent Sara Iqbal. Residents enjoy access to Wide Roads, Underground Electricity, Mini Golf Course. The location offers convenient access to schools, hospitals, and main boulevards, making it a great option for families and investors alike. Listed on 2024-08-20."
167,"This 4-bedroom Farm House is available for sale in Gulberg Greens, Islamabad. Spread over 24.09 Marla (6558.5 sqft), the property features 4 bathroom(s) and is listed by Zameen Estate Hub through agent Imran Farooq. Residents enjoy access to Gated Community, 24/7 Security, BBQ Area. The location offers convenient access to schools, hospitals, and main boulevards, making it a great option for families and investors alike. Listed on 2022-03-22."
168,"This 2-bedroom House is available for sale in Bahria Town Karachi, Karachi. Spread over 15.17 Marla (4130.03 sqft), the property features 2 bathroom(s) and is listed by Aiwan-e-Property through agent Bilal Farooq. Residents enjoy access to Sewerage System, BBQ Area, Swimming Pool. The location offers convenient access to schools, hospitals, and main boulevards, making it a great option for families and investors alike. Listed on 2020-04-12."
169,"This 2-bedroom Upper Portion is available for sale in DHA Phase 8, Karachi. Spread over 3.22 Marla (876.65 sqft), the property features 1 bathroom(s) and is listed by Zameen Estate Hub through agent Zainab Sheikh. Residents enjoy access to Swimming Pool, Water Filtration Plant, Gated Community. The location offers convenient access to schools, hospitals, and main boulevards, making it a great option for families and investors alike. Listed on 2024-04-08."
170,"This 4-bedroom Flat is available for rent in DHA Phase 6, Lahore. Spread over 5.25 Marla (1429.31 sqft), the property features 4 bathroom(s) and is listed by Metro Homes Realty through agent Ayesha Javed. Residents enjoy access to Community Park, Kids Play Area, CCTV Surveillance. The location offers convenient access to schools, hospitals, and main boulevards, making it a great option for families and investors alike. Listed on 2020-04-17."
171,"This 4-bedroom Upper Portion is available for sale in Satellite Town, Rawalpindi. Spread over 26.91 Marla (7326.25 sqft), the property features 4 bathroom(s) and is listed by Skyline Properties through agent Hassan Sheikh. Residents enjoy access to Mosque, Wide Roads, Solar Panels. The location offers convenient access to schools, hospitals, and main boulevards, making it a great option for families and investors alike. Listed on 2023-04-08."
172,"This 5-bedroom Farm House is available for sale in Susan Road, Faisalabad. Spread over 10.11 Marla (2752.45 sqft), the property features 4 bathroom(s) and is listed by Zameen Estate Hub through agent Ayesha Raza. Residents enjoy access to Mini Golf Course, Wide Roads, Covered Parking. The location offers convenient access to schools, hospitals, and main boulevards, making it a great option for families and investors alike. Listed on 2021-04-24."
173,"This 1-bedroom Room is available for sale in Bahria Town Karachi, Karachi. Spread over 11.42 Marla (3109.09 sqft), the property features 1 bathroom(s) and is listed by Metro Homes Realty through agent Sara Raza. Residents enjoy access to Sewerage System, Kids Play Area, BBQ Area. The location offers convenient access to schools, hospitals, and main boulevards, making it a great option for families and investors alike. Listed on 2023-07-03."
174,"This 1-bedroom Room is available for rent in DHA Phase 2 Rawalpindi, Rawalpindi. Spread over 3.01 Marla (819.47 sqft), the property features 1 bathroom(s) and is listed by Skyline Properties through agent Ahmed Iqbal. Residents enjoy access to Gated Community, Mini Golf Course, Sewerage System. The location offers convenient access to schools, hospitals, and main boulevards, making it a great option for families and investors alike. Listed on 2018-07-18."
175,"This 1-bedroom Flat is available for sale in Model Town, Lahore. Spread over 24.78 Marla (6746.36 sqft), the property features 1 bathroom(s) and is listed by Metro Homes Realty through agent Zainab Khan. Residents enjoy access to Gymnasium, Water Filtration Plant, Mosque. The location offers convenient access to schools, hospitals, and main boulevards, making it a great option for families and investors alike. Listed on 2024-11-30."
176,"This 1-bedroom Room is available for sale in DHA Phase 5, Lahore. Spread over 27.39 Marla (7456.93 sqft), the property features 1 bathroom(s) and is listed by Skyline Properties through agent Sara Malik. Residents enjoy access to Gated Community, Broadband Internet, Rooftop Terrace. The location offers convenient access to schools, hospitals, and main boulevards, making it a great option for families and investors alike. Listed on 2022-10-30."
177,"This 1-bedroom Room is available for sale in Clifton, Karachi. Spread over 11.44 Marla (3114.54 sqft), the property features 1 bathroom(s) and is listed by Metro Homes Realty through agent Kashif Sheikh. Residents enjoy access to Mosque, Solar Panels, Rooftop Terrace. The location offers convenient access to schools, hospitals, and main boulevards, making it a great option for families and investors alike. Listed on 2022-07-22."
178,"This 4-bedroom Penthouse is available for sale in Model Town, Lahore. Spread over 2.76 Marla (751.41 sqft), the property features 4 bathroom(s) and is listed by City Housing Marketing through agent Ahmed Chaudhry. Residents enjoy access to Mini Golf Course, Gated Community, Water Filtration Plant. The location offers convenient access to schools, hospitals, and main boulevards, making it a great option for families and investors alike. Listed on 2018-08-18."
179,"This 2-bedroom Penthouse is available for rent in PWD Housing Scheme, Islamabad. Spread over 27.1 Marla (7377.98 sqft), the property features 2 bathroom(s) and is listed by Metro Homes Realty through agent Usman Khan. Residents enjoy access to Mosque, Swimming Pool, Solar Panels. The location offers convenient access to schools, hospitals, and main boulevards, making it a great option for families and investors alike. Listed on 2024-05-10."
180,"This 1-bedroom Room is available for sale in PWD Housing Scheme, Islamabad. Spread over 7.6 Marla (2069.1 sqft), the property features 1 bathroom(s) and is listed by Prime Estate Consultants through agent Sara Iqbal. Residents enjoy access to Underground Electricity, BBQ Area, Swimming Pool. The location offers convenient access to schools, hospitals, and main boulevards, making it a great option for families and investors alike. Listed on 2020-04-28."
181,"This 1-bedroom Room is available for rent in Susan Road, Faisalabad. Spread over 15.53 Marla (4228.04 sqft), the property features 1 bathroom(s) and is listed by Skyline Properties through agent Bilal Javed. Residents enjoy access to Backup Generator, Broadband Internet, Water Filtration Plant. The location offers convenient access to schools, hospitals, and main boulevards, making it a great option for families and investors alike. Listed on 2019-07-28."
182,"This 5-bedroom Flat is available for rent in Johar Town, Lahore. Spread over 12.25 Marla (3335.06 sqft), the property features 4 bathroom(s) and is listed by Graana Real Estate through agent Usman Farooq. Residents enjoy access to Covered Parking, Mosque, Gymnasium. The location offers convenient access to schools, hospitals, and main boulevards, making it a great option for families and investors alike. Listed on 2021-08-29."
183,"This 5-bedroom Flat is available for sale in Askari 14, Rawalpindi. Spread over 13.76 Marla (3746.16 sqft), the property features 5 bathroom(s) and is listed by Graana Real Estate through agent Usman Chaudhry. Residents enjoy access to BBQ Area, Kids Play Area, Gymnasium. The location offers convenient access to schools, hospitals, and main boulevards, making it a great option for families and investors alike. Listed on 2018-10-29."
184,"This 3-bedroom Lower Portion is available for sale in Malir, Karachi. Spread over 4.59 Marla (1249.63 sqft), the property features 3 bathroom(s) and is listed by Graana Real Estate through agent Sara Malik. Residents enjoy access to Mosque, Underground Electricity, Broadband Internet. The location offers convenient access to schools, hospitals, and main boulevards, making it a great option for families and investors alike. Listed on 2021-01-09."
185,"This 1-bedroom Lower Portion is available for sale in Eden Valley, Faisalabad. Spread over 4.85 Marla (1320.41 sqft), the property features 1 bathroom(s) and is listed by Skyline Properties through agent Fatima Khan. Residents enjoy access to CCTV Surveillance, 24/7 Security, Wide Roads. The location offers convenient access to schools, hospitals, and main boulevards, making it a great option for families and investors alike. Listed on 2021-08-21."
186,"This 1-bedroom Room is available for rent in Model Town, Lahore. Spread over 8.12 Marla (2210.67 sqft), the property features 1 bathroom(s) and is listed by Zameen Estate Hub through agent Usman Butt. Residents enjoy access to Covered Parking, Kids Play Area, Backup Generator. The location offers convenient access to schools, hospitals, and main boulevards, making it a great option for families and investors alike. Listed on 2019-11-26."
187,"This 3-bedroom Upper Portion is available for sale in Bahria Town Karachi, Karachi. Spread over 21.13 Marla (5752.64 sqft), the property features 3 bathroom(s) and is listed by Prime Estate Consultants through agent Kashif Sheikh. Residents enjoy access to Water Filtration Plant, Swimming Pool, Community Park. The location offers convenient access to schools, hospitals, and main boulevards, making it a great option for families and investors alike. Listed on 2023-07-24."
188,"This 3-bedroom Upper Portion is available for rent in Johar Town, Lahore. Spread over 15.91 Marla (4331.5 sqft), the property features 3 bathroom(s) and is listed by Zameen Estate Hub through agent Usman Raza. Residents enjoy access to Sewerage System, BBQ Area, CCTV Surveillance. The location offers convenient access to schools, hospitals, and main boulevards, making it a great option for families and investors alike. Listed on 2024-08-31."
189,"This 6-bedroom Flat is available for rent in Satellite Town, Rawalpindi. Spread over 11.5 Marla (3130.88 sqft), the property features 5 bathroom(s) and is listed by Skyline Properties through agent Ayesha Raza. Residents enjoy access to BBQ Area, Wide Roads, Gymnasium. The location offers convenient access to schools, hospitals, and main boulevards, making it a great option for families and investors alike. Listed on 2024-06-16."
190,"This 5-bedroom House is available for rent in Satellite Town, Rawalpindi. Spread over 8.15 Marla (2218.84 sqft), the property features 5 bathroom(s) and is listed by Graana Real Estate through agent Zainab Sheikh. Residents enjoy access to Water Filtration Plant, CCTV Surveillance, Wide Roads. The location offers convenient access to schools, hospitals, and main boulevards, making it a great option for families and investors alike. Listed on 2024-03-03."
191,"This 2-bedroom Penthouse is available for rent in Wapda Town, Lahore. Spread over 15.52 Marla (4225.32 sqft), the property features 1 bathroom(s) and is listed by City Housing Marketing through agent Sara Iqbal. Residents enjoy access to Gymnasium, CCTV Surveillance, Rooftop Terrace. The location offers convenient access to schools, hospitals, and main boulevards, making it a great option for families and investors alike. Listed on 2020-10-31."
192,"This 1-bedroom Room is available for sale in Madina Town, Faisalabad. Spread over 27.12 Marla (7383.42 sqft), the property features 1 bathroom(s) and is listed by Skyline Properties through agent Hassan Javed. Residents enjoy access to CCTV Surveillance, Broadband Internet, Water Filtration Plant. The location offers convenient access to schools, hospitals, and main boulevards, making it a great option for families and investors alike. Listed on 2018-05-31."
193,"This 5-bedroom Flat is available for sale in Wapda Town, Lahore. Spread over 11.2 Marla (3049.2 sqft), the property features 5 bathroom(s) and is listed by Skyline Properties through agent Hassan Iqbal. Residents enjoy access to BBQ Area, 24/7 Security, Broadband Internet. The location offers convenient access to schools, hospitals, and main boulevards, making it a great option for families and investors alike. Listed on 2022-06-25."
194,"This 4-bedroom Farm House is available for sale in North Nazimabad, Karachi. Spread over 7.91 Marla (2153.5 sqft), the property features 4 bathroom(s) and is listed by City Housing Marketing through agent Imran Chaudhry. Residents enjoy access to Gymnasium, 24/7 Security, Water Filtration Plant. The location offers convenient access to schools, hospitals, and main boulevards, making it a great option for families and investors alike. Listed on 2024-08-07."
195,"This 6-bedroom Lower Portion is available for rent in Bahria Town, Lahore. Spread over 4.62 Marla (1257.8 sqft), the property features 6 bathroom(s) and is listed by Metro Homes Realty through agent Ayesha Javed. Residents enjoy access to Community Park, Solar Panels, Kids Play Area. The location offers convenient access to schools, hospitals, and main boulevards, making it a great option for families and investors alike. Listed on 2021-11-06."
196,"This 1-bedroom Upper Portion is available for sale in Askari 14, Rawalpindi. Spread over 3.19 Marla (868.48 sqft), the property features 1 bathroom(s) and is listed by City Housing Marketing through agent Sara Sheikh. Residents enjoy access to Kids Play Area, Club House, Swimming Pool. The location offers convenient access to schools, hospitals, and main boulevards, making it a great option for families and investors alike. Listed on 2019-03-24."
197,"This 6-bedroom Lower Portion is available for rent in PWD Housing Scheme, Islamabad. Spread over 8.48 Marla (2308.68 sqft), the property features 6 bathroom(s) and is listed by Metro Homes Realty through agent Ahmed Aslam. Residents enjoy access to CCTV Surveillance, Gated Community, Club House. The location offers convenient access to schools, hospitals, and main boulevards, making it a great option for families and investors alike. Listed on 2022-11-06."
198,"This 6-bedroom House is available for sale in Askari 14, Rawalpindi. Spread over 7.65 Marla (2082.71 sqft), the property features 6 bathroom(s) and is listed by Zameen Estate Hub through agent Hassan Raza. Residents enjoy access to Gated Community, Gymnasium, Solar Panels. The location offers convenient access to schools, hospitals, and main boulevards, making it a great option for families and investors alike. Listed on 2024-01-09."
199,"This 1-bedroom Room is available for sale in Satellite Town, Rawalpindi. Spread over 15.26 Marla (4154.53 sqft), the property features 1 bathroom(s) and is listed by Prime Estate Consultants through agent Sara Butt. Residents enjoy access to Water Filtration Plant, Backup Generator, CCTV Surveillance. The location offers convenient access to schools, hospitals, and main boulevards, making it a great option for families and investors alike. Listed on 2023-02-19."
200,"This 6-bedroom House is available for sale in Gulshan-e-Iqbal, Karachi. Spread over 4.68 Marla (1274.13 sqft), the property features 6 bathroom(s) and is listed by Prime Estate Consultants through agent Sara Aslam. Residents enjoy access to Club House, Mini Golf Course, Backup Generator. The location offers convenient access to schools, hospitals, and main boulevards, making it a great option for families and investors alike. Listed on 2022-09-10."
201,"This 1-bedroom Room is available for sale in Susan Road, Faisalabad. Spread over 9.28 Marla (2526.48 sqft), the property features 1 bathroom(s) and is listed by Graana Real Estate through agent Hassan Khan. Residents enjoy access to Kids Play Area, BBQ Area, 24/7 Security. The location offers convenient access to schools, hospitals, and main boulevards, making it a great option for families and investors alike. Listed on 2024-12-12."
202,"This 4-bedroom Lower Portion is available for sale in Askari 14, Rawalpindi. Spread over 15.63 Marla (4255.27 sqft), the property features 4 bathroom(s) and is listed by Graana Real Estate through agent Ayesha Butt. Residents enjoy access to Sewerage System, Water Filtration Plant, Gymnasium. The location offers convenient access to schools, hospitals, and main boulevards, making it a great option for families and investors alike. Listed on 2024-05-04."
203,"This 1-bedroom Penthouse is available for sale in Bahria Town Islamabad, Islamabad. Spread over 20.2 Marla (5499.45 sqft), the property features 1 bathroom(s) and is listed by Skyline Properties through agent Hassan Javed. Residents enjoy access to Club House, Broadband Internet, Underground Electricity. The location offers convenient access to schools, hospitals, and main boulevards, making it a great option for families and investors alike. Listed on 2024-02-03."
204,"This 1-bedroom Lower Portion is available for sale in DHA Phase 2 Rawalpindi, Rawalpindi. Spread over 7.68 Marla (2090.88 sqft), the property features 1 bathroom(s) and is listed by Metro Homes Realty through agent Bilal Sheikh. Residents enjoy access to Mini Golf Course, Broadband Internet, BBQ Area. The location offers convenient access to schools, hospitals, and main boulevards, making it a great option for families and investors alike. Listed on 2018-12-23."
205,"This 1-bedroom Room is available for sale in Gulberg Greens, Islamabad. Spread over 7.16 Marla (1949.31 sqft), the property features 1 bathroom(s) and is listed by Prime Estate Consultants through agent Hassan Javed. Residents enjoy access to Club House, Underground Electricity, Backup Generator. The location offers convenient access to schools, hospitals, and main boulevards, making it a great option for families and investors alike. Listed on 2018-09-01."
206,"This 5-bedroom Upper Portion is available for sale in Gulberg Greens, Islamabad. Spread over 10.9 Marla (2967.53 sqft), the property features 4 bathroom(s) and is listed by Skyline Properties through agent Fatima Khan. Residents enjoy access to Community Park, Gated Community, Mini Golf Course. The location offers convenient access to schools, hospitals, and main boulevards, making it a great option for families and investors alike. Listed on 2019-07-10."
207,"This 2-bedroom Penthouse is available for sale in Malir, Karachi. Spread over 7.3 Marla (1987.42 sqft), the property features 1 bathroom(s) and is listed by Prime Estate Consultants through agent Usman Iqbal. Residents enjoy access to Kids Play Area, Club House, Gymnasium. The location offers convenient access to schools, hospitals, and main boulevards, making it a great option for families and investors alike. Listed on 2019-08-06."
208,"This 1-bedroom Room is available for sale in Johar Town, Lahore. Spread over 11.89 Marla (3237.05 sqft), the property features 1 bathroom(s) and is listed by Skyline Properties through agent Bilal Farooq. Residents enjoy access to Water Filtration Plant, Mini Golf Course, Backup Generator. The location offers convenient access to schools, hospitals, and main boulevards, making it a great option for families and investors alike. Listed on 2018-01-11."
209,"This 1-bedroom Room is available for sale in Wapda Town, Lahore. Spread over 15.97 Marla (4347.83 sqft), the property features 1 bathroom(s) and is listed by Aiwan-e-Property through agent Imran Aslam. Residents enjoy access to Underground Electricity, Community Park, Water Filtration Plant. The location offers convenient access to schools, hospitals, and main boulevards, making it a great option for families and investors alike. Listed on 2021-03-07."
210,"This 4-bedroom Penthouse is available for sale in Gulberg Greens, Islamabad. Spread over 5.13 Marla (1396.64 sqft), the property features 4 bathroom(s) and is listed by Metro Homes Realty through agent Zainab Khan. Residents enjoy access to Mini Golf Course, Backup Generator, Water Filtration Plant. The location offers convenient access to schools, hospitals, and main boulevards, making it a great option for families and investors alike. Listed on 2019-10-10."
211,"This 3-bedroom Upper Portion is available for sale in Malir, Karachi. Spread over 9.19 Marla (2501.98 sqft), the property features 3 bathroom(s) and is listed by Graana Real Estate through agent Fatima Butt. Residents enjoy access to Kids Play Area, Swimming Pool, 24/7 Security. The location offers convenient access to schools, hospitals, and main boulevards, making it a great option for families and investors alike. Listed on 2019-11-09."
212,"This 2-bedroom Farm House is available for sale in Bahria Town Rawalpindi, Rawalpindi. Spread over 7.96 Marla (2167.11 sqft), the property features 1 bathroom(s) and is listed by Graana Real Estate through agent Ahmed Raza. Residents enjoy access to 24/7 Security, Mini Golf Course, Sewerage System. The location offers convenient access to schools, hospitals, and main boulevards, making it a great option for families and investors alike. Listed on 2022-12-28."
213,"This 1-bedroom Lower Portion is available for sale in DHA Phase 2 Rawalpindi, Rawalpindi. Spread over 13.77 Marla (3748.88 sqft), the property features 1 bathroom(s) and is listed by Zameen Estate Hub through agent Fatima Chaudhry. Residents enjoy access to Wide Roads, Backup Generator, CCTV Surveillance. The location offers convenient access to schools, hospitals, and main boulevards, making it a great option for families and investors alike. Listed on 2021-05-10."
214,"This 1-bedroom Room is available for sale in Gulberg, Lahore. Spread over 6.92 Marla (1883.97 sqft), the property features 1 bathroom(s) and is listed by Metro Homes Realty through agent Kashif Farooq. Residents enjoy access to Water Filtration Plant, Mosque, Gated Community. The location offers convenient access to schools, hospitals, and main boulevards, making it a great option for families and investors alike. Listed on 2019-09-13."
215,"This 4-bedroom Penthouse is available for sale in DHA Phase 6, Lahore. Spread over 14.55 Marla (3961.24 sqft), the property features 4 bathroom(s) and is listed by Aiwan-e-Property through agent Bilal Sheikh. Residents enjoy access to BBQ Area, Sewerage System, Water Filtration Plant. The location offers convenient access to schools, hospitals, and main boulevards, making it a great option for families and investors alike. Listed on 2020-10-11."
216,"This 6-bedroom Penthouse is available for rent in Jaranwala Road, Faisalabad. Spread over 3.21 Marla (873.92 sqft), the property features 6 bathroom(s) and is listed by Prime Estate Consultants through agent Ayesha Iqbal. Residents enjoy access to BBQ Area, Mosque, Gated Community. The location offers convenient access to schools, hospitals, and main boulevards, making it a great option for families and investors alike. Listed on 2024-10-21."
217,"This 1-bedroom Lower Portion is available for sale in Bahria Town Karachi, Karachi. Spread over 20.55 Marla (5594.74 sqft), the property features 1 bathroom(s) and is listed by Aiwan-e-Property through agent Hassan Chaudhry. Residents enjoy access to Mosque, Broadband Internet, Backup Generator. The location offers convenient access to schools, hospitals, and main boulevards, making it a great option for families and investors alike. Listed on 2018-02-19."
218,"This 1-bedroom Room is available for sale in Satellite Town, Rawalpindi. Spread over 21.82 Marla (5940.49 sqft), the property features 1 bathroom(s) and is listed by Graana Real Estate through agent Usman Sheikh. Residents enjoy access to Rooftop Terrace, 24/7 Security, Broadband Internet. The location offers convenient access to schools, hospitals, and main boulevards, making it a great option for families and investors alike. Listed on 2018-10-04."
219,"This 4-bedroom Farm House is available for sale in Satellite Town, Rawalpindi. Spread over 14.77 Marla (4021.13 sqft), the property features 4 bathroom(s) and is listed by Prime Estate Consultants through agent Sara Butt. Residents enjoy access to Kids Play Area, Wide Roads, Mini Golf Course. The location offers convenient access to schools, hospitals, and main boulevards, making it a great option for families and investors alike. Listed on 2024-01-12."
220,"This 1-bedroom Room is available for sale in Clifton, Karachi. Spread over 4.81 Marla (1309.52 sqft), the property features 1 bathroom(s) and is listed by Graana Real Estate through agent Ayesha Malik. Residents enjoy access to Solar Panels, Wide Roads, BBQ Area. The location offers convenient access to schools, hospitals, and main boulevards, making it a great option for families and investors alike. Listed on 2020-09-04."
221,"This 6-bedroom House is available for sale in Eden Valley, Faisalabad. Spread over 6.47 Marla (1761.46 sqft), the property features 6 bathroom(s) and is listed by Metro Homes Realty through agent Hassan Javed. Residents enjoy access to Backup Generator, Solar Panels, Gymnasium. The location offers convenient access to schools, hospitals, and main boulevards, making it a great option for families and investors alike. Listed on 2019-11-03."
222,"This 1-bedroom Upper Portion is available for sale in Bahria Town Islamabad, Islamabad. Spread over 10.47 Marla (2850.46 sqft), the property features 1 bathroom(s) and is listed by Aiwan-e-Property through agent Imran Malik. Residents enjoy access to Club House, Water Filtration Plant, Wide Roads. The location offers convenient access to schools, hospitals, and main boulevards, making it a great option for families and investors alike. Listed on 2022-10-25."
223,"This 5-bedroom Lower Portion is available for sale in Johar Town, Lahore. Spread over 3.0 Marla (816.75 sqft), the property features 5 bathroom(s) and is listed by Skyline Properties through agent Bilal Aslam. Residents enjoy access to Mosque, Kids Play Area, Water Filtration Plant. The location offers convenient access to schools, hospitals, and main boulevards, making it a great option for families and investors alike. Listed on 2020-11-10."
224,"This 4-bedroom House is available for rent in Wapda City, Faisalabad. Spread over 2.85 Marla (775.91 sqft), the property features 4 bathroom(s) and is listed by Zameen Estate Hub through agent Ahmed Javed. Residents enjoy access to Rooftop Terrace, Underground Electricity, BBQ Area. The location offers convenient access to schools, hospitals, and main boulevards, making it a great option for families and investors alike. Listed on 2019-09-07."
225,"This 1-bedroom Upper Portion is available for sale in DHA Phase 2 Rawalpindi, Rawalpindi. Spread over 11.45 Marla (3117.26 sqft), the property features 1 bathroom(s) and is listed by City Housing Marketing through agent Ahmed Chaudhry. Residents enjoy access to Broadband Internet, Mosque, Gymnasium. The location offers convenient access to schools, hospitals, and main boulevards, making it a great option for families and investors alike. Listed on 2023-08-19."
226,"This 3-bedroom House is available for rent in Johar Town, Lahore. Spread over 10.55 Marla (2872.24 sqft), the property features 3 bathroom(s) and is listed by Graana Real Estate through agent Hassan Sheikh. Residents enjoy access to CCTV Surveillance, Solar Panels, Community Park. The location offers convenient access to schools, hospitals, and main boulevards, making it a great option for families and investors alike. Listed on 2023-02-14."
227,"This 2-bedroom Lower Portion is available for sale in Susan Road, Faisalabad. Spread over 21.99 Marla (5986.78 sqft), the property features 1 bathroom(s) and is listed by Zameen Estate Hub through agent Ahmed Iqbal. Residents enjoy access to Community Park, Gated Community, CCTV Surveillance. The location offers convenient access to schools, hospitals, and main boulevards, making it a great option for families and investors alike. Listed on 2020-10-01."
228,"This 6-bedroom House is available for rent in Bahria Town, Lahore. Spread over 16.05 Marla (4369.61 sqft), the property features 6 bathroom(s) and is listed by Zameen Estate Hub through agent Fatima Farooq. Residents enjoy access to Gymnasium, Covered Parking, Underground Electricity. The location offers convenient access to schools, hospitals, and main boulevards, making it a great option for families and investors alike. Listed on 2023-12-11."
229,"This 5-bedroom Upper Portion is available for sale in Malir, Karachi. Spread over 8.64 Marla (2352.24 sqft), the property features 5 bathroom(s) and is listed by Metro Homes Realty through agent Bilal Aslam. Residents enjoy access to Broadband Internet, Community Park, BBQ Area. The location offers convenient access to schools, hospitals, and main boulevards, making it a great option for families and investors alike. Listed on 2022-03-06."
230,"This 1-bedroom Room is available for sale in Bahria Town Rawalpindi, Rawalpindi. Spread over 15.49 Marla (4217.15 sqft), the property features 1 bathroom(s) and is listed by Skyline Properties through agent Hassan Iqbal. Residents enjoy access to Water Filtration Plant, Club House, Mini Golf Course. The location offers convenient access to schools, hospitals, and main boulevards, making it a great option for families and investors alike. Listed on 2020-12-05."
231,"This 5-bedroom Upper Portion is available for sale in F-10, Islamabad. Spread over 7.42 Marla (2020.1 sqft), the property features 5 bathroom(s) and is listed by Metro Homes Realty through agent Zainab Raza. Residents enjoy access to Water Filtration Plant, Club House, Sewerage System. The location offers convenient access to schools, hospitals, and main boulevards, making it a great option for families and investors alike. Listed on 2019-11-05."
232,"This 6-bedroom Upper Portion is available for sale in Bahria Town Karachi, Karachi. Spread over 4.59 Marla (1249.63 sqft), the property features 6 bathroom(s) and is listed by Graana Real Estate through agent Ayesha Raza. Residents enjoy access to Rooftop Terrace, Covered Parking, CCTV Surveillance. The location offers convenient access to schools, hospitals, and main boulevards, making it a great option for families and investors alike. Listed on 2024-10-07."
233,"This 1-bedroom Room is available for sale in F-10, Islamabad. Spread over 9.52 Marla (2591.82 sqft), the property features 1 bathroom(s) and is listed by Skyline Properties through agent Zainab Javed. Residents enjoy access to Broadband Internet, Covered Parking, CCTV Surveillance. The location offers convenient access to schools, hospitals, and main boulevards, making it a great option for families and investors alike. Listed on 2022-07-15."
234,"This 2-bedroom Penthouse is available for rent in Bahria Town Rawalpindi, Rawalpindi. Spread over 4.51 Marla (1227.85 sqft), the property features 2 bathroom(s) and is listed by Aiwan-e-Property through agent Bilal Aslam. Residents enjoy access to Swimming Pool, Gymnasium, Water Filtration Plant. The location offers convenient access to schools, hospitals, and main boulevards, making it a great option for families and investors alike. Listed on 2022-06-29."
235,"This 1-bedroom House is available for sale in DHA Phase 5, Lahore. Spread over 21.24 Marla (5782.59 sqft), the property features 1 bathroom(s) and is listed by Graana Real Estate through agent Sara Aslam. Residents enjoy access to Gymnasium, Covered Parking, Broadband Internet. The location offers convenient access to schools, hospitals, and main boulevards, making it a great option for families and investors alike. Listed on 2023-03-04."
236,"This 2-bedroom Lower Portion is available for sale in Bahria Town Rawalpindi, Rawalpindi. Spread over 6.8 Marla (1851.3 sqft), the property features 2 bathroom(s) and is listed by Graana Real Estate through agent Kashif Aslam. Residents enjoy access to Gymnasium, Water Filtration Plant, Rooftop Terrace. The location offers convenient access to schools, hospitals, and main boulevards, making it a great option for families and investors alike. Listed on 2019-09-01."
237,"This 1-bedroom Room is available for sale in Askari 14, Rawalpindi. Spread over 4.78 Marla (1301.36 sqft), the property features 1 bathroom(s) and is listed by Zameen Estate Hub through agent Imran Khan. Residents enjoy access to Mosque, Underground Electricity, Broadband Internet. The location offers convenient access to schools, hospitals, and main boulevards, making it a great option for families and investors alike. Listed on 2023-11-24."
238,"This 1-bedroom Room is available for rent in F-10, Islamabad. Spread over 12.99 Marla (3536.53 sqft), the property features 1 bathroom(s) and is listed by Zameen Estate Hub through agent Ahmed Raza. Residents enjoy access to Covered Parking, Gated Community, Swimming Pool. The location offers convenient access to schools, hospitals, and main boulevards, making it a great option for families and investors alike. Listed on 2021-01-12."
239,"This 5-bedroom Penthouse is available for rent in DHA Islamabad, Islamabad. Spread over 24.29 Marla (6612.95 sqft), the property features 5 bathroom(s) and is listed by Zameen Estate Hub through agent Ayesha Butt. Residents enjoy access to Mini Golf Course, BBQ Area, Mosque. The location offers convenient access to schools, hospitals, and main boulevards, making it a great option for families and investors alike. Listed on 2019-02-15."
240,"This 2-bedroom Flat is available for sale in Wapda Town, Lahore. Spread over 14.56 Marla (3963.96 sqft), the property features 2 bathroom(s) and is listed by Skyline Properties through agent Hassan Aslam. Residents enjoy access to Solar Panels, CCTV Surveillance, Mosque. The location offers convenient access to schools, hospitals, and main boulevards, making it a great option for families and investors alike. Listed on 2021-07-26."
241,"This 4-bedroom Flat is available for sale in Eden Valley, Faisalabad. Spread over 8.54 Marla (2325.01 sqft), the property features 3 bathroom(s) and is listed by Graana Real Estate through agent Bilal Khan. Residents enjoy access to Mosque, BBQ Area, Backup Generator. The location offers convenient access to schools, hospitals, and main boulevards, making it a great option for families and investors alike. Listed on 2023-07-02."
242,"This 3-bedroom House is available for sale in Madina Town, Faisalabad. Spread over 8.49 Marla (2311.4 sqft), the property features 2 bathroom(s) and is listed by Graana Real Estate through agent Ahmed Chaudhry. Residents enjoy access to Gated Community, Water Filtration Plant, Gymnasium. The location offers convenient access to schools, hospitals, and main boulevards, making it a great option for families and investors alike. Listed on 2021-08-18."
243,"This 1-bedroom Room is available for rent in Wapda Town, Lahore. Spread over 4.87 Marla (1325.86 sqft), the property features 1 bathroom(s) and is listed by Aiwan-e-Property through agent Usman Raza. Residents enjoy access to Mosque, BBQ Area, Backup Generator. The location offers convenient access to schools, hospitals, and main boulevards, making it a great option for families and investors alike. Listed on 2019-02-18."
244,"This 5-bedroom Farm House is available for sale in Askari 14, Rawalpindi. Spread over 25.97 Marla (7070.33 sqft), the property features 5 bathroom(s) and is listed by Skyline Properties through agent Sara Iqbal. Residents enjoy access to BBQ Area, Backup Generator, Rooftop Terrace. The location offers convenient access to schools, hospitals, and main boulevards, making it a great option for families and investors alike. Listed on 2024-08-09."
245,"This 5-bedroom Farm House is available for sale in Clifton, Karachi. Spread over 16.05 Marla (4369.61 sqft), the property features 5 bathroom(s) and is listed by Skyline Properties through agent Kashif Sheikh. Residents enjoy access to Covered Parking, 24/7 Security, Gymnasium. The location offers convenient access to schools, hospitals, and main boulevards, making it a great option for families and investors alike. Listed on 2021-07-27."
246,"This 3-bedroom Upper Portion is available for sale in DHA Phase 2 Rawalpindi, Rawalpindi. Spread over 7.75 Marla (2109.94 sqft), the property features 3 bathroom(s) and is listed by Skyline Properties through agent Hassan Farooq. Residents enjoy access to Gymnasium, Rooftop Terrace, CCTV Surveillance. The location offers convenient access to schools, hospitals, and main boulevards, making it a great option for families and investors alike. Listed on 2018-12-30."
247,"This 4-bedroom Upper Portion is available for rent in Bahria Town, Lahore. Spread over 2.73 Marla (743.24 sqft), the property features 3 bathroom(s) and is listed by Metro Homes Realty through agent Zainab Iqbal. Residents enjoy access to Gated Community, Backup Generator, Rooftop Terrace. The location offers convenient access to schools, hospitals, and main boulevards, making it a great option for families and investors alike. Listed on 2019-11-13."
248,"This 3-bedroom Flat is available for sale in DHA Phase 2 Rawalpindi, Rawalpindi. Spread over 2.88 Marla (784.08 sqft), the property features 3 bathroom(s) and is listed by Aiwan-e-Property through agent Sara Iqbal. Residents enjoy access to Underground Electricity, Swimming Pool, Covered Parking. The location offers convenient access to schools, hospitals, and main boulevards, making it a great option for families and investors alike. Listed on 2018-10-31."
249,"This 1-bedroom Room is available for rent in Bahria Town, Lahore. Spread over 20.82 Marla (5668.24 sqft), the property features 1 bathroom(s) and is listed by Prime Estate Consultants through agent Fatima Chaudhry. Residents enjoy access to 24/7 Security, Mosque, Mini Golf Course. The location offers convenient access to schools, hospitals, and main boulevards, making it a great option for families and investors alike. Listed on 2019-11-07."
250,"This 3-bedroom Farm House is available for sale in Bahria Town Karachi, Karachi. Spread over 23.83 Marla (6487.72 sqft), the property features 3 bathroom(s) and is listed by Metro Homes Realty through agent Kashif Javed. Residents enjoy access to BBQ Area, Community Park, Gated Community. The location offers convenient access to schools, hospitals, and main boulevards, making it a great option for families and investors alike. Listed on 2018-07-23."
251,"This 1-bedroom Lower Portion is available for sale in DHA Islamabad, Islamabad. Spread over 18.8 Marla (5118.3 sqft), the property features 1 bathroom(s) and is listed by Graana Real Estate through agent Zainab Malik. Residents enjoy access to CCTV Surveillance, Covered Parking, Backup Generator. The location offers convenient access to schools, hospitals, and main boulevards, making it a great option for families and investors alike. Listed on 2021-04-10."
252,"This 4-bedroom House is available for sale in Satellite Town, Rawalpindi. Spread over 14.05 Marla (3825.11 sqft), the property features 4 bathroom(s) and is listed by Aiwan-e-Property through agent Zainab Farooq. Residents enjoy access to Rooftop Terrace, Broadband Internet, Kids Play Area. The location offers convenient access to schools, hospitals, and main boulevards, making it a great option for families and investors alike. Listed on 2018-07-02."
253,"This 3-bedroom Flat is available for rent in Wapda City, Faisalabad. Spread over 4.59 Marla (1249.63 sqft), the property features 2 bathroom(s) and is listed by Zameen Estate Hub through agent Imran Khan. Residents enjoy access to Club House, Covered Parking, Gymnasium. The location offers convenient access to schools, hospitals, and main boulevards, making it a great option for families and investors alike. Listed on 2024-08-12."
254,"This 1-bedroom Room is available for rent in Askari 14, Rawalpindi. Spread over 19.2 Marla (5227.2 sqft), the property features 1 bathroom(s) and is listed by Prime Estate Consultants through agent Kashif Javed. Residents enjoy access to Gymnasium, Water Filtration Plant, Broadband Internet. The location offers convenient access to schools, hospitals, and main boulevards, making it a great option for families and investors alike. Listed on 2018-05-23."
255,"This 2-bedroom House is available for rent in Susan Road, Faisalabad. Spread over 18.69 Marla (5088.35 sqft), the property features 2 bathroom(s) and is listed by Graana Real Estate through agent Fatima Malik. Residents enjoy access to Broadband Internet, Solar Panels, Gymnasium. The location offers convenient access to schools, hospitals, and main boulevards, making it a great option for families and investors alike. Listed on 2019-06-01."
256,"This 5-bedroom Upper Portion is available for sale in North Nazimabad, Karachi. Spread over 4.59 Marla (1249.63 sqft), the property features 5 bathroom(s) and is listed by Prime Estate Consultants through agent Zainab Khan. Residents enjoy access to Kids Play Area, Community Park, CCTV Surveillance. The location offers convenient access to schools, hospitals, and main boulevards, making it a great option for families and investors alike. Listed on 2021-02-05."
257,"This 5-bedroom House is available for sale in Madina Town, Faisalabad. Spread over 7.09 Marla (1930.25 sqft), the property features 5 bathroom(s) and is listed by Skyline Properties through agent Bilal Butt. Residents enjoy access to Club House, Wide Roads, Solar Panels. The location offers convenient access to schools, hospitals, and main boulevards, making it a great option for families and investors alike. Listed on 2024-04-23."
258,"This 3-bedroom Lower Portion is available for sale in Satellite Town, Rawalpindi. Spread over 18.15 Marla (4941.34 sqft), the property features 3 bathroom(s) and is listed by City Housing Marketing through agent Fatima Khan. Residents enjoy access to Kids Play Area, Mini Golf Course, Gated Community. The location offers convenient access to schools, hospitals, and main boulevards, making it a great option for families and investors alike. Listed on 2024-10-29."
259,"This 1-bedroom Farm House is available for sale in DHA Phase 8, Karachi. Spread over 10.79 Marla (2937.58 sqft), the property features 1 bathroom(s) and is listed by Aiwan-e-Property through agent Usman Farooq. Residents enjoy access to Broadband Internet, Sewerage System, Community Park. The location offers convenient access to schools, hospitals, and main boulevards, making it a great option for families and investors alike. Listed on 2021-05-26."
260,"This 3-bedroom Upper Portion is available for rent in Clifton, Karachi. Spread over 21.1 Marla (5744.48 sqft), the property features 3 bathroom(s) and is listed by City Housing Marketing through agent Bilal Sheikh. Residents enjoy access to Swimming Pool, 24/7 Security, Backup Generator. The location offers convenient access to schools, hospitals, and main boulevards, making it a great option for families and investors alike. Listed on 2024-10-13."
261,"This 5-bedroom Penthouse is available for sale in Askari 14, Rawalpindi. Spread over 12.77 Marla (3476.63 sqft), the property features 5 bathroom(s) and is listed by Metro Homes Realty through agent Sara Javed. Residents enjoy access to Mini Golf Course, Mosque, Solar Panels. The location offers convenient access to schools, hospitals, and main boulevards, making it a great option for families and investors alike. Listed on 2023-09-07."
262,"This 3-bedroom Penthouse is available for sale in Clifton, Karachi. Spread over 2.97 Marla (808.58 sqft), the property features 2 bathroom(s) and is listed by Skyline Properties through agent Zainab Javed. Residents enjoy access to Community Park, Underground Electricity, Mini Golf Course. The location offers convenient access to schools, hospitals, and main boulevards, making it a great option for families and investors alike. Listed on 2022-02-17."
263,"This 4-bedroom Upper Portion is available for sale in DHA Phase 6, Lahore. Spread over 18.71 Marla (5093.8 sqft), the property features 3 bathroom(s) and is listed by Zameen Estate Hub through agent Usman Malik. Residents enjoy access to Rooftop Terrace, Gated Community, Water Filtration Plant. The location offers convenient access to schools, hospitals, and main boulevards, making it a great option for families and investors alike. Listed on 2021-11-11."
264,"This 6-bedroom Penthouse is available for rent in North Nazimabad, Karachi. Spread over 8.24 Marla (2243.34 sqft), the property features 6 bathroom(s) and is listed by Prime Estate Consultants through agent Ahmed Khan. Residents enjoy access to Underground Electricity, Covered Parking, Water Filtration Plant. The location offers convenient access to schools, hospitals, and main boulevards, making it a great option for families and investors alike. Listed on 2022-08-05."
265,"This 3-bedroom Penthouse is available for sale in North Nazimabad, Karachi. Spread over 10.22 Marla (2782.39 sqft), the property features 2 bathroom(s) and is listed by Metro Homes Realty through agent Fatima Raza. Residents enjoy access to 24/7 Security, Mosque, Mini Golf Course. The location offers convenient access to schools, hospitals, and main boulevards, making it a great option for families and investors alike. Listed on 2021-02-01."
266,"This 1-bedroom Room is available for rent in Gulberg Greens, Islamabad. Spread over 15.25 Marla (4151.81 sqft), the property features 1 bathroom(s) and is listed by Prime Estate Consultants through agent Kashif Aslam. Residents enjoy access to Swimming Pool, 24/7 Security, Sewerage System. The location offers convenient access to schools, hospitals, and main boulevards, making it a great option for families and investors alike. Listed on 2022-03-13."
267,"This 3-bedroom Upper Portion is available for rent in Bahria Town Rawalpindi, Rawalpindi. Spread over 12.87 Marla (3503.86 sqft), the property features 2 bathroom(s) and is listed by Zameen Estate Hub through agent Sara Javed. Residents enjoy access to Underground Electricity, Wide Roads, Broadband Internet. The location offers convenient access to schools, hospitals, and main boulevards, making it a great option for families and investors alike. Listed on 2021-05-08."
268,"This 6-bedroom Farm House is available for sale in Madina Town, Faisalabad. Spread over 7.31 Marla (1990.15 sqft), the property features 6 bathroom(s) and is listed by Metro Homes Realty through agent Fatima Iqbal. Residents enjoy access to Community Park, Mini Golf Course, Kids Play Area. The location offers convenient access to schools, hospitals, and main boulevards, making it a great option for families and investors alike. Listed on 2020-11-28."
269,"This 6-bedroom Upper Portion is available for sale in Susan Road, Faisalabad. Spread over 8.3 Marla (2259.68 sqft), the property features 6 bathroom(s) and is listed by Prime Estate Consultants through agent Usman Chaudhry. Residents enjoy access to Club House, Rooftop Terrace, Gated Community. The location offers convenient access to schools, hospitals, and main boulevards, making it a great option for families and investors alike. Listed on 2022-01-08."
270,"This 5-bedroom House is available for sale in Gulshan-e-Iqbal, Karachi. Spread over 10.45 Marla (2845.01 sqft), the property features 5 bathroom(s) and is listed by City Housing Marketing through agent Bilal Sheikh. Residents enjoy access to Covered Parking, 24/7 Security, Kids Play Area. The location offers convenient access to schools, hospitals, and main boulevards, making it a great option for families and investors alike. Listed on 2021-10-06."
271,"This 3-bedroom Penthouse is available for rent in F-10, Islamabad. Spread over 11.43 Marla (3111.82 sqft), the property features 3 bathroom(s) and is listed by Graana Real Estate through agent Kashif Aslam. Residents enjoy access to CCTV Surveillance, Swimming Pool, Solar Panels. The location offers convenient access to schools, hospitals, and main boulevards, making it a great option for families and investors alike. Listed on 2023-04-12."
272,"This 4-bedroom House is available for rent in North Nazimabad, Karachi. Spread over 15.09 Marla (4108.25 sqft), the property features 4 bathroom(s) and is listed by Zameen Estate Hub through agent Ayesha Raza. Residents enjoy access to 24/7 Security, Water Filtration Plant, Kids Play Area. The location offers convenient access to schools, hospitals, and main boulevards, making it a great option for families and investors alike. Listed on 2019-09-10."
273,"This 4-bedroom Upper Portion is available for rent in DHA Phase 2 Rawalpindi, Rawalpindi. Spread over 7.39 Marla (2011.93 sqft), the property features 4 bathroom(s) and is listed by Aiwan-e-Property through agent Ahmed Khan. Residents enjoy access to Club House, Sewerage System, Community Park. The location offers convenient access to schools, hospitals, and main boulevards, making it a great option for families and investors alike. Listed on 2019-12-26."
274,"This 4-bedroom Penthouse is available for sale in North Nazimabad, Karachi. Spread over 4.63 Marla (1260.52 sqft), the property features 3 bathroom(s) and is listed by Metro Homes Realty through agent Fatima Khan. Residents enjoy access to Mosque, Solar Panels, Mini Golf Course. The location offers convenient access to schools, hospitals, and main boulevards, making it a great option for families and investors alike. Listed on 2022-10-24."
275,"This 6-bedroom Upper Portion is available for rent in DHA Islamabad, Islamabad. Spread over 23.45 Marla (6384.26 sqft), the property features 6 bathroom(s) and is listed by Zameen Estate Hub through agent Hassan Butt. Residents enjoy access to Swimming Pool, Backup Generator, Gymnasium. The location offers convenient access to schools, hospitals, and main boulevards, making it a great option for families and investors alike. Listed on 2020-10-16."
276,"This 3-bedroom Flat is available for sale in Jaranwala Road, Faisalabad. Spread over 2.88 Marla (784.08 sqft), the property features 3 bathroom(s) and is listed by Prime Estate Consultants through agent Hassan Iqbal. Residents enjoy access to Swimming Pool, Sewerage System, Community Park. The location offers convenient access to schools, hospitals, and main boulevards, making it a great option for families and investors alike. Listed on 2024-09-08."
277,"This 4-bedroom Upper Portion is available for rent in F-10, Islamabad. Spread over 7.63 Marla (2077.27 sqft), the property features 4 bathroom(s) and is listed by Zameen Estate Hub through agent Ahmed Aslam. Residents enjoy access to Gymnasium, Backup Generator, CCTV Surveillance. The location offers convenient access to schools, hospitals, and main boulevards, making it a great option for families and investors alike. Listed on 2019-06-22."
278,"This 5-bedroom Farm House is available for sale in Johar Town, Lahore. Spread over 25.62 Marla (6975.05 sqft), the property features 5 bathroom(s) and is listed by Graana Real Estate through agent Bilal Iqbal. Residents enjoy access to Swimming Pool, Gated Community, Kids Play Area. The location offers convenient access to schools, hospitals, and main boulevards, making it a great option for families and investors alike. Listed on 2018-03-22."
279,"This 6-bedroom Farm House is available for sale in F-10, Islamabad. Spread over 2.88 Marla (784.08 sqft), the property features 6 bathroom(s) and is listed by Prime Estate Consultants through agent Kashif Chaudhry. Residents enjoy access to Swimming Pool, 24/7 Security, Gated Community. The location offers convenient access to schools, hospitals, and main boulevards, making it a great option for families and investors alike. Listed on 2021-01-10."
280,"This 5-bedroom House is available for sale in Eden Valley, Faisalabad. Spread over 5.0 Marla (1361.25 sqft), the property features 5 bathroom(s) and is listed by Zameen Estate Hub through agent Hassan Iqbal. Residents enjoy access to Backup Generator, Club House, Mosque. The location offers convenient access to schools, hospitals, and main boulevards, making it a great option for families and investors alike. Listed on 2023-11-13."
281,"This 1-bedroom Farm House is available for rent in DHA Phase 2 Rawalpindi, Rawalpindi. Spread over 11.36 Marla (3092.76 sqft), the property features 1 bathroom(s) and is listed by Skyline Properties through agent Kashif Farooq. Residents enjoy access to Kids Play Area, Gymnasium, CCTV Surveillance. The location offers convenient access to schools, hospitals, and main boulevards, making it a great option for families and investors alike. Listed on 2019-03-29."
282,"This 4-bedroom Farm House is available for sale in Wapda City, Faisalabad. Spread over 10.29 Marla (2801.45 sqft), the property features 4 bathroom(s) and is listed by Graana Real Estate through agent Sara Khan. Residents enjoy access to Kids Play Area, Sewerage System, Club House. The location offers convenient access to schools, hospitals, and main boulevards, making it a great option for families and investors alike. Listed on 2018-07-25."
283,"This 2-bedroom Farm House is available for sale in F-10, Islamabad. Spread over 2.71 Marla (737.8 sqft), the property features 1 bathroom(s) and is listed by Aiwan-e-Property through agent Zainab Aslam. Residents enjoy access to Mosque, Gated Community, Underground Electricity. The location offers convenient access to schools, hospitals, and main boulevards, making it a great option for families and investors alike. Listed on 2021-09-08."
284,"This 3-bedroom Flat is available for sale in G-13, Islamabad. Spread over 16.39 Marla (4462.18 sqft), the property features 3 bathroom(s) and is listed by Skyline Properties through agent Fatima Chaudhry. Residents enjoy access to Wide Roads, Rooftop Terrace, Solar Panels. The location offers convenient access to schools, hospitals, and main boulevards, making it a great option for families and investors alike. Listed on 2023-05-13."
285,"This 6-bedroom Flat is available for sale in Wapda Town, Lahore. Spread over 21.21 Marla (5774.42 sqft), the property features 6 bathroom(s) and is listed by Skyline Properties through agent Hassan Aslam. Residents enjoy access to Covered Parking, Water Filtration Plant, Rooftop Terrace. The location offers convenient access to schools, hospitals, and main boulevards, making it a great option for families and investors alike. Listed on 2022-04-05."
286,"This 1-bedroom Lower Portion is available for sale in Bahria Town Karachi, Karachi. Spread over 14.82 Marla (4034.74 sqft), the property features 1 bathroom(s) and is listed by City Housing Marketing through agent Imran Aslam. Residents enjoy access to Club House, Mosque, Sewerage System. The location offers convenient access to schools, hospitals, and main boulevards, making it a great option for families and investors alike. Listed on 2018-02-20."
287,"This 1-bedroom Room is available for sale in PWD Housing Scheme, Islamabad. Spread over 4.93 Marla (1342.19 sqft), the property features 1 bathroom(s) and is listed by City Housing Marketing through agent Fatima Chaudhry. Residents enjoy access to Gated Community, Kids Play Area, Broadband Internet. The location offers convenient access to schools, hospitals, and main boulevards, making it a great option for families and investors alike. Listed on 2021-11-17."
288,"This 4-bedroom House is available for sale in Wapda City, Faisalabad. Spread over 7.01 Marla (1908.47 sqft), the property features 4 bathroom(s) and is listed by Skyline Properties through agent Zainab Raza. Residents enjoy access to Mini Golf Course, CCTV Surveillance, Community Park. The location offers convenient access to schools, hospitals, and main boulevards, making it a great option for families and investors alike. Listed on 2018-11-03."
289,"This 2-bedroom Flat is available for sale in Gulberg, Lahore. Spread over 14.71 Marla (4004.8 sqft), the property features 2 bathroom(s) and is listed by Metro Homes Realty through agent Bilal Farooq. Residents enjoy access to Covered Parking, 24/7 Security, CCTV Surveillance. The location offers convenient access to schools, hospitals, and main boulevards, making it a great option for families and investors alike. Listed on 2024-06-05."
290,"This 1-bedroom House is available for sale in Bahria Town Rawalpindi, Rawalpindi. Spread over 3.03 Marla (824.92 sqft), the property features 1 bathroom(s) and is listed by City Housing Marketing through agent Usman Javed. Residents enjoy access to Wide Roads, 24/7 Security, Sewerage System. The location offers convenient access to schools, hospitals, and main boulevards, making it a great option for families and investors alike. Listed on 2024-12-10."
291,"This 3-bedroom Upper Portion is available for rent in Satellite Town, Rawalpindi. Spread over 8.55 Marla (2327.74 sqft), the property features 2 bathroom(s) and is listed by Metro Homes Realty through agent Hassan Farooq. Residents enjoy access to Mini Golf Course, Rooftop Terrace, Mosque. The location offers convenient access to schools, hospitals, and main boulevards, making it a great option for families and investors alike. Listed on 2024-09-23."
292,"This 3-bedroom Upper Portion is available for sale in DHA Phase 8, Karachi. Spread over 10.1 Marla (2749.72 sqft), the property features 2 bathroom(s) and is listed by Metro Homes Realty through agent Sara Iqbal. Residents enjoy access to Wide Roads, Mini Golf Course, Gymnasium. The location offers convenient access to schools, hospitals, and main boulevards, making it a great option for families and investors alike. Listed on 2019-11-04."
293,"This 2-bedroom Penthouse is available for sale in DHA Phase 8, Karachi. Spread over 21.3 Marla (5798.93 sqft), the property features 1 bathroom(s) and is listed by Graana Real Estate through agent Kashif Malik. Residents enjoy access to Backup Generator, Rooftop Terrace, CCTV Surveillance. The location offers convenient access to schools, hospitals, and main boulevards, making it a great option for families and investors alike. Listed on 2022-08-25."
294,"This 1-bedroom Flat is available for rent in Eden Valley, Faisalabad. Spread over 3.02 Marla (822.2 sqft), the property features 1 bathroom(s) and is listed by Metro Homes Realty through agent Imran Chaudhry. Residents enjoy access to Broadband Internet, Community Park, Water Filtration Plant. The location offers convenient access to schools, hospitals, and main boulevards, making it a great option for families and investors alike. Listed on 2024-07-24."
295,"This 4-bedroom Lower Portion is available for sale in DHA Phase 8, Karachi. Spread over 12.01 Marla (3269.72 sqft), the property features 4 bathroom(s) and is listed by Aiwan-e-Property through agent Fatima Raza. Residents enjoy access to Underground Electricity, Gymnasium, BBQ Area. The location offers convenient access to schools, hospitals, and main boulevards, making it a great option for families and investors alike. Listed on 2020-10-13."
296,"This 6-bedroom Lower Portion is available for sale in Clifton, Karachi. Spread over 23.99 Marla (6531.28 sqft), the property features 5 bathroom(s) and is listed by City Housing Marketing through agent Ayesha Sheikh. Residents enjoy access to Mini Golf Course, Swimming Pool, Wide Roads. The location offers convenient access to schools, hospitals, and main boulevards, making it a great option for families and investors alike. Listed on 2024-03-17."
297,"This 6-bedroom Flat is available for rent in Gulberg Greens, Islamabad. Spread over 7.01 Marla (1908.47 sqft), the property features 5 bathroom(s) and is listed by Skyline Properties through agent Hassan Javed. Residents enjoy access to Mini Golf Course, CCTV Surveillance, Solar Panels. The location offers convenient access to schools, hospitals, and main boulevards, making it a great option for families and investors alike. Listed on 2019-04-18."
298,"This 1-bedroom Penthouse is available for sale in Satellite Town, Rawalpindi. Spread over 3.01 Marla (819.47 sqft), the property features 1 bathroom(s) and is listed by Zameen Estate Hub through agent Usman Chaudhry. Residents enjoy access to Broadband Internet, Gated Community, 24/7 Security. The location offers convenient access to schools, hospitals, and main boulevards, making it a great option for families and investors alike. Listed on 2018-08-20."
299,"This 1-bedroom Farm House is available for rent in DHA Phase 8, Karachi. Spread over 8.41 Marla (2289.62 sqft), the property features 1 bathroom(s) and is listed by Prime Estate Consultants through agent Imran Sheikh. Residents enjoy access to Broadband Internet, Backup Generator, Swimming Pool. The location offers convenient access to schools, hospitals, and main boulevards, making it a great option for families and investors alike. Listed on 2019-02-24."
300,"This 1-bedroom Penthouse is available for rent in North Nazimabad, Karachi. Spread over 10.39 Marla (2828.68 sqft), the property features 1 bathroom(s) and is listed by Prime Estate Consultants through agent Ahmed Khan. Residents enjoy access to 24/7 Security, Gated Community, Covered Parking. The location offers convenient access to schools, hospitals, and main boulevards, making it a great option for families and investors alike. Listed on 2021-07-04."
