property_id,city,location,property_type,plot_size_marla,plot_size_unit,plot_size_display,covered_area_sqft,bedrooms,bathrooms,age_years,floors,is_corner,is_park_facing,is_main_boulevard,amenities,amenities_count,dist_to_main_road_km,dist_to_school_km,dist_to_hospital_km,dist_to_commercial_km,listing_date,price_pkr,price_per_marla,covered_area_ratio,property_age_bucket,society_tier,weighted_amenity_score,composite_accessibility_index,bed_bath_ratio,total_rooms,prime_orientation_score,covered_area_per_bed
PROP-10861,Lahore,Lake City,Upper Portion,7.0,Marla,7 Marla,1149,3,3,0.8,1,0,0,0,24/7 Security; Backup Generator / Solar; Central Heating / Cooling,3,1.37,2.48,0.69,1.36,2026-10-01,15113000.0,1707140.418370831,0.7295238048919124,Brand New (0-1y),Tier 3 - Affordable/Suburban,4.5,0.4171011470281543,0.9999666677777408,6,0,382.98723375887465
PROP-15393,Karachi,DHA Defence Phase 7-9,House,5.0,Marla,5 Marla,1812,3,3,10.9,2,0,0,0,Backup Generator / Solar; Servant Quarter; Central Heating / Cooling,3,1.5,4.09,4.22,4.01,2026-10-01,41420000.0,6889986.22002756,1.6106666523496298,Established (6-15y),Tier 1 - Ultra Luxury,4.5,0.2389200812328276,0.9999666677777408,6,0,603.9798673377554
PROP-15229,Lahore,Bahria Town,House,10.0,Marla,10 Marla,3432,4,4,0.0,2,1,0,0,Gated Community; 24/7 Security; Lawn / Garden,3,1.49,1.16,1.63,4.23,2026-10-01,53438000.0,4204995.795004205,1.525333326554074,Brand New (0-1y),Tier 2 - Premium,3.0,0.3039051815833459,0.9999750006249843,8,1,857.9785505362366
PROP-15194,Lahore,DHA Defence Phase 5-6,House,10.0,Marla,10 Marla,3463,5,4,4.3,2,1,0,0,24/7 Security; Backup Generator / Solar; Underground Utilities; Servant Quarter; Lawn / Garden; Central Heating / Cooling,6,1.41,0.46,1.3,1.53,2026-10-01,85317000.0,6529993.47000653,1.5391111042706171,Established (6-15y),Tier 1 - Ultra Luxury,8.0,0.4383081306158229,1.2499687507812305,9,1,692.5861482770345
PROP-13774,Lahore,DHA Defence Phase 5-6,House,5.0,Marla,5 Marla,876,1,1,9.3,1,0,0,1,Gated Community; 24/7 Security; Underground Utilities; Servant Quarter,4,1.23,4.67,4.94,2.31,2026-10-01,33650000.0,5449989.1000218,0.7786666597451852,Established (6-15y),Tier 1 - Ultra Luxury,4.5,0.2623294858342078,0.999900009999,2,1,875.9124087591241
PROP-13093,Lahore,Lake City,Lower Portion,7.0,Marla,7 Marla,1204,3,3,4.7,1,0,1,0,Backup Generator / Solar,1,0.67,0.88,2.48,1.07,2026-10-01,15868000.0,1835711.6632690525,0.764444439590829,Established (6-15y),Tier 3 - Affordable/Suburban,2.0,0.4579803068468056,0.9999666677777408,6,1,401.3199560014666
PROP-15737,Lahore,Bahria Town,House,5.0,Marla,5 Marla,875,2,2,3.6,1,0,0,0,Gated Community; 24/7 Security; Underground Utilities,3,1.46,1.33,3.86,0.36,2026-10-01,21138000.0,3229993.5400129203,0.7777777708641976,Modern (2-5y),Tier 2 - Premium,3.5,0.3860258637328701,0.9999500024998748,4,0,437.47812609369527
PROP-16268,Rawalpindi,Bahria Town,House,5.0,Marla,5 Marla,961,2,3,18.4,1,0,0,0,Gated Community; 24/7 Security; Backup Generator / Solar,3,0.7,2.15,5.05,1.24,2026-10-01,21672000.0,3609992.78001444,0.8542222146291358,Vintage (16y+),Tier 2 - Premium,4.0,0.3390405153415833,0.6666444451851604,5,0,480.4759762011899
PROP-10467,Lahore,DHA Defence Phase 7-9,House,5.0,Marla,5 Marla,1917,5,5,1.8,2,0,1,1,Gated Community; 24/7 Security; Backup Generator / Solar; Underground Utilities,4,1.12,2.59,2.02,2.3,2026-10-01,36941000.0,6029987.940024121,1.7039999848533336,Modern (2-5y),Tier 2 - Premium,5.5,0.3478865889719951,0.999980000399992,10,2,383.39233215335696
PROP-15337,Islamabad,DHA Defence Phase 2,Flat,2.5,Marla,2.5 Marla,733,1,1,0.8,1,1,0,0,Gated Community; 24/7 Security; Servant Quarter; Elevator,4,1.42,3.88,3.96,0.47,2026-10-01,12010000.0,3719985.12005952,1.303111087944692,Brand New (0-1y),Tier 2 - Premium,5.5,0.3320053120849933,0.999900009999,2,1,732.9267073292671
PROP-14429,Karachi,Bahria Town Karachi,House,10.0,Marla,10 Marla,3814,6,6,1.6,2,0,1,0,Gated Community; Underground Utilities; Servant Quarter; Lawn / Garden,4,0.93,1.57,2.64,0.9,2026-10-01,37051000.0,3114996.885003115,1.695111103577284,Modern (2-5y),Tier 3 - Affordable/Suburban,4.5,0.4239084357778719,0.9999833336111064,12,1,635.6560723987934
PROP-15581,Faisalabad,Canal Road Villas,House,5.0,Marla,5 Marla,1730,3,3,1.5,2,0,0,0,Gated Community; Underground Utilities,2,1.93,1.16,1.25,1.42,2026-10-01,26731000.0,4449991.1000178,1.537777764108642,Modern (2-5y),Tier 2 - Premium,2.5,0.3959611958028113,0.9999666677777408,6,0,576.6474450851638
PROP-16234,Islamabad,Bahria Town Phase 1-8,House,5.0,Marla,5 Marla,1736,2,2,2.3,2,0,0,0,Gated Community; 24/7 Security,2,1.71,1.28,5.11,1.78,2026-10-01,23403000.0,3659992.68001464,1.543111097394568,Modern (2-5y),Tier 2 - Premium,2.0,0.2988196623337816,0.9999500024998748,4,0,867.9566021698914
PROP-13446,Lahore,Askari,House,10.0,Marla,10 Marla,3475,5,6,1.6,2,1,0,0,Gated Community; 24/7 Security; Servant Quarter; Lawn / Garden,4,1.59,4.46,7.2,1.25,2026-10-01,58375000.0,5004994.995005005,1.5444444375802469,Modern (2-5y),Tier 2 - Premium,4.0,0.2474941220146021,0.8333194446759221,11,1,694.9861002779945
PROP-13172,Lahore,DHA Defence Phase 7-9,Upper Portion,10.0,Marla,10 Marla,1613,3,4,0.7,1,1,0,0,Gated Community; 24/7 Security; Backup Generator / Solar; Underground Utilities,4,1.82,1.64,6.62,2.11,2026-10-01,26239000.0,2234997.765002236,0.716888885702716,Brand New (0-1y),Tier 2 - Premium,5.5,0.2604166666666666,0.7499812504687383,7,1,537.648745041832
PROP-12920,Lahore,DHA Defence Phase 7-9,Farmhouse,1600.0,Kanal,4 Kanal,7727,6,6,0.0,1,0,0,0,Gated Community; 24/7 Security; Underground Utilities; Servant Quarter; Lawn / Garden,5,2.8,1.79,8.81,2.91,2026-10-01,287226000.0,146968.74908144533,0.0214638888882926,Brand New (0-1y),Tier 2 - Premium,5.5,0.2047711682195147,0.9999833336111064,12,0,1287.81186980217
PROP-10131,Lahore,Allama Iqbal Town,House,5.0,Marla,5 Marla,1709,3,4,5.1,2,0,0,0,Basic,0,0.46,3.98,1.91,3.04,2026-10-01,18046000.0,2999994.000012,1.5191110976079014,Established (6-15y),Tier 3 - Affordable/Suburban,0.0,0.327653997378768,0.7499812504687383,7,0,569.6476784107195
PROP-11686,Islamabad,DHA Defence Phase 2,Flat,2.5,Marla,2.5 Marla,765,1,1,4.4,1,0,0,0,Gated Community; 24/7 Security; Elevator,3,1.55,0.71,3.31,2.18,2026-10-01,13524000.0,4219983.12006752,1.3599999758222228,Modern (2-5y),Tier 2 - Premium,4.5,0.3372681281618887,0.999900009999,2,0,764.923507649235
PROP-10770,Lahore,DHA Defence Phase 7-9,House,5.0,Marla,5 Marla,976,2,2,0.0,1,1,0,0,Gated Community; 24/7 Security; Underground Utilities,3,1.37,2.51,0.86,0.43,2026-10-01,25294000.0,4189991.62001676,0.8675555478439507,Brand New (0-1y),Tier 2 - Premium,3.5,0.4636068613815484,0.9999500024998748,4,1,487.9756012199389
PROP-12392,Islamabad,Sector F-6/F-7/E-7,House,5.0,Marla,5 Marla,1873,4,4,5.6,2,1,0,0,Gated Community; 24/7 Security; Backup Generator / Solar; Underground Utilities; Swimming Pool,5,1.61,2.99,2.8,0.23,2026-10-01,55783000.0,9219981.56003688,1.6648888740898766,Established (6-15y),Tier 1 - Ultra Luxury,8.5,0.3786444528587656,0.9999750006249843,8,1,468.238294042649
PROP-15614,Karachi,Clifton,House,7.0,Marla,7 Marla,2690,4,4,1.7,2,1,0,0,24/7 Security; Backup Generator / Solar; Underground Utilities; Swimming Pool,4,1.12,1.44,2.75,0.71,2026-10-01,84875000.0,9578557.744917508,1.7079364970924666,Modern (2-5y),Tier 1 - Ultra Luxury,7.5,0.4217629692113032,0.9999750006249843,8,1,672.483187920302
PROP-12434,Islamabad,DHA Defence Phase 2,Upper Portion,10.0,Marla,10 Marla,1668,2,2,17.7,1,0,0,0,Gated Community; 24/7 Security; Backup Generator / Solar; Underground Utilities,4,1.28,3.46,2.54,1.37,2026-10-01,26762000.0,2124997.8750021253,0.7413333300385184,Vintage (16y+),Tier 2 - Premium,5.5,0.3465003465003465,0.9999500024998748,4,0,833.9583020848956
PROP-15314,Lahore,DHA Defence Phase 7-9,House,3.0,Marla,3 Marla,1076,3,3,5.2,2,0,0,0,Gated Community; 24/7 Security; Backup Generator / Solar; Underground Utilities,4,2.01,1.36,3.6,3.28,2026-10-01,16275000.0,4349985.500048333,1.5940740504581623,Established (6-15y),Tier 2 - Premium,5.5,0.2768932576491762,0.9999666677777408,6,0,358.65471150961633
PROP-15054,Islamabad,Bahria Town Phase 1-8,Flat,3.5,Marla,3.5 Marla,1083,3,3,5.4,1,0,0,0,Gated Community; 24/7 Security; Central Heating / Cooling; Elevator,4,0.93,0.63,6.54,1.51,2026-10-01,12458000.0,2942848.734717901,1.3752380777747546,Established (6-15y),Tier 2 - Premium,6.0,0.3143665513989311,0.9999666677777408,6,0,360.9879670677644
PROP-16423,Rawalpindi,Bahria Town,House,3.0,Marla,3 Marla,1137,3,3,0.0,2,0,1,0,Gated Community; 24/7 Security; Underground Utilities; Lawn / Garden,4,1.61,1.08,4.01,0.86,2026-10-01,14206000.0,4116652.944490185,1.6844444194897124,Brand New (0-1y),Tier 2 - Premium,4.5,0.3590019745108598,0.9999666677777408,6,1,378.9873670877637
PROP-11185,Karachi,Gulshan-e-Iqbal,Lower Portion,10.0,Marla,10 Marla,1799,3,3,4.8,1,0,0,0,Gated Community; 24/7 Security,2,1.1,2.71,4.9,0.63,2026-10-01,29032000.0,2394997.605002395,0.7995555520019753,Established (6-15y),Tier 2 - Premium,2.0,0.3377807802736024,0.9999666677777408,6,0,599.6466784440519
PROP-14558,Islamabad,Sector B-17 Multi Gardens,Lower Portion,10.0,Marla,10 Marla,1694,3,3,20.9,1,0,0,0,24/7 Security; Underground Utilities,2,3.62,3.08,2.19,2.56,2026-10-01,13003000.0,1064998.935001065,0.752888885542716,Vintage (16y+),Tier 3 - Affordable/Suburban,2.5,0.2541296060991105,0.9999666677777408,6,0,564.647845071831
PROP-13387,Islamabad,Sector F-8/F-10/F-11,Flat,3.5,Marla,3.5 Marla,979,2,2,0.8,1,0,0,0,24/7 Security; Underground Utilities; Central Heating / Cooling; Elevator,4,6.26,2.02,3.58,1.1,2026-10-01,18303000.0,4071416.938808746,1.2431745873882591,Brand New (0-1y),Tier 1 - Ultra Luxury,6.5,0.2202643171806167,0.9999500024998748,4,0,489.4755262236888
PROP-14119,Faisalabad,Canal Road Villas,House,400.0,Kanal,1 Kanal,6933,6,6,5.9,2,0,0,0,Gated Community; 24/7 Security; Underground Utilities; Servant Quarter,4,0.43,1.51,4.17,3.16,2026-10-01,91432000.0,191124.99522187517,0.077033333324774,Established (6-15y),Tier 2 - Premium,4.5,0.3165558721114276,0.9999833336111064,12,0,1155.4807419876336
PROP-16399,Lahore,DHA Defence Phase 5-6,Upper Portion,5.0,Marla,5 Marla,905,1,2,2.5,1,0,0,0,24/7 Security; Backup Generator / Solar; Underground Utilities,3,1.7,3.87,2.11,1.01,2026-10-01,21137000.0,3429993.1400137204,0.8044444372938272,Modern (2-5y),Tier 1 - Ultra Luxury,4.5,0.3447681434235476,0.4999750012499374,3,0,904.909509049095
PROP-14846,Lahore,DHA Defence Phase 7-9,House,5.0,Marla,5 Marla,1957,5,6,0.7,2,0,0,0,Gated Community; 24/7 Security,2,0.99,3.93,2.08,1.16,2026-10-01,25678000.0,4209991.58001684,1.7395555400928395,Brand New (0-1y),Tier 2 - Premium,2.0,0.3703703703703703,0.8333194446759221,11,0,391.3921721565569
PROP-12905,Rawalpindi,Adiala Road,Flat,7.5,Marla,7.5 Marla,1990,4,4,15.0,1,0,1,0,Backup Generator / Solar; Underground Utilities; Central Heating / Cooling; Elevator,4,3.1,3.66,2.0,5.05,2026-10-01,14349000.0,1539997.9466694046,1.1792592522710563,Vintage (16y+),Tier 3 - Affordable/Suburban,7.5,0.2198285337436799,0.9999750006249843,8,1,497.4875628109298
PROP-10475,Karachi,DHA Defence Phase 7-9,Flat,2.5,Marla,2.5 Marla,692,1,1,0.8,1,0,0,1,Gated Community; 24/7 Security; Backup Generator / Solar; Underground Utilities; Central Heating / Cooling; Elevator,6,1.77,3.95,4.36,2.16,2026-10-01,19558000.0,6479974.08010368,1.2302222003516057,Brand New (0-1y),Tier 1 - Ultra Luxury,9.5,0.2679528403001072,0.999900009999,2,1,691.9308069193081
PROP-11083,Karachi,North Nazimabad,House,7.0,Marla,7 Marla,2390,5,5,5.7,2,1,0,0,Gated Community; 24/7 Security; Underground Utilities; Lawn / Garden,4,0.17,0.72,0.78,2.4,2026-10-01,38592000.0,4728564.673479038,1.5174603078256488,Established (6-15y),Tier 2 - Premium,4.5,0.4893564962074871,0.999980000399992,10,1,477.99044019119617
PROP-12559,Islamabad,Sector B-17 Multi Gardens,House,5.0,Marla,5 Marla,875,1,1,4.2,1,0,0,0,24/7 Security; Backup Generator / Solar; Lawn / Garden,3,1.04,1.55,3.29,1.87,2026-10-01,15115000.0,2319995.36000928,0.7777777708641976,Established (6-15y),Tier 3 - Affordable/Suburban,4.0,0.3551767004084531,0.999900009999,2,0,874.9125087491251
PROP-12048,Karachi,DHA Defence Phase 7-9,Flat,2.5,Marla,2.5 Marla,741,2,1,1.8,1,0,1,0,24/7 Security; Backup Generator / Solar; Underground Utilities; Central Heating / Cooling; Elevator,5,1.01,1.93,1.35,1.04,2026-10-01,18377000.0,6339974.640101439,1.3173333099140745,Modern (2-5y),Tier 1 - Ultra Luxury,8.5,0.449438202247191,1.999800019998,3,1,370.4814759262037
PROP-12748,Karachi,Bahria Town Karachi,House,10.0,Marla,10 Marla,3377,4,5,3.1,2,0,0,0,Gated Community; Servant Quarter; Lawn / Garden; Elevator,4,2.61,3.1,2.3,1.78,2026-10-01,32834000.0,2699997.3000027,1.5008888822182715,Modern (2-5y),Tier 3 - Affordable/Suburban,5.5,0.2965159377316531,0.7999840003199936,9,0,844.2288942776431
PROP-10976,Islamabad,Bahria Town Phase 1-8,Flat,2.5,Marla,2.5 Marla,637,1,1,5.8,1,0,0,0,Gated Community; 24/7 Security; Backup Generator / Solar; Underground Utilities; Elevator,5,1.62,1.95,7.86,2.31,2026-10-01,9201000.0,3099987.6000495995,1.1324444243120992,Established (6-15y),Tier 2 - Premium,8.0,0.2424536307431204,0.999900009999,2,0,636.936306369363
PROP-11807,Lahore,DHA Defence Phase 5-6,House,3.0,Marla,3 Marla,1184,2,2,0.8,2,0,0,0,Gated Community; 24/7 Security; Backup Generator / Solar; Underground Utilities,4,0.7,2.42,2.06,0.72,2026-10-01,26304000.0,7366642.111192962,1.754074048087792,Brand New (0-1y),Tier 1 - Ultra Luxury,5.5,0.4472271914132379,0.9999500024998748,4,0,591.970401479926
PROP-10190,Islamabad,Bahria Town Phase 1-8,House,5.0,Marla,5 Marla,971,2,2,2.8,1,0,0,0,Gated Community; 24/7 Security; Backup Generator / Solar; Underground Utilities; Lawn / Garden,5,1.03,2.46,1.16,0.85,2026-10-01,27455000.0,4299991.4000172,0.8631111034390124,Modern (2-5y),Tier 2 - Premium,6.5,0.4511617414843221,0.9999500024998748,4,0,485.47572621368926
PROP-12735,Rawalpindi,Bahria Town,House,5.0,Marla,5 Marla,1821,4,5,8.4,2,0,1,0,Gated Community; 24/7 Security; Backup Generator / Solar; Servant Quarter; Lawn / Garden,5,0.81,2.67,3.82,2.08,2026-10-01,24171000.0,4029991.94001612,1.6186666522785187,Established (6-15y),Tier 2 - Premium,6.0,0.3255208333333333,0.7999840003199936,9,1,455.23861903452416
PROP-13006,Lahore,Wapda Town,House,5.0,Marla,5 Marla,1826,4,4,2.4,2,0,0,1,24/7 Security,1,0.85,0.5,1.83,1.99,2026-10-01,27093000.0,4329991.340017321,1.623111096683457,Modern (2-5y),Tier 2 - Premium,1.0,0.4281738385784629,0.9999750006249843,8,1,456.4885877853054
PROP-14661,Rawalpindi,Saddar Cantt,Farmhouse,2400.0,Kanal,6 Kanal,7522,5,6,5.5,1,1,0,0,Gated Community; 24/7 Security; Backup Generator / Solar; Servant Quarter; Lawn / Garden; Swimming Pool; Central Heating / Cooling,7,0.55,1.77,1.65,2.65,2026-10-01,663128000.0,236812.4990132812,0.0139296296293716,Established (6-15y),Tier 1 - Ultra Luxury,10.5,0.3871467286101432,0.8333194446759221,11,1,1504.369912601748
PROP-11900,Rawalpindi,Bahria Town,Flat,5.0,Marla,5 Marla,1349,2,2,0.0,1,0,1,0,Elevator,1,1.29,2.58,4.01,0.3,2026-10-01,16061000.0,2769994.4600110804,1.1991111004523458,Brand New (0-1y),Tier 2 - Premium,2.5,0.3662332906061161,0.9999500024998748,4,1,674.4662766861657
PROP-11268,Rawalpindi,Bahria Town,House,5.0,Marla,5 Marla,909,2,2,0.7,1,0,0,0,Gated Community; 24/7 Security; Backup Generator / Solar; Underground Utilities,4,0.6,3.47,6.96,1.99,2026-10-01,16995000.0,3049993.9000122,0.8079999928177779,Brand New (0-1y),Tier 2 - Premium,5.5,0.2688533405027557,0.9999500024998748,4,0,454.4772761361932
PROP-11529,Rawalpindi,Chaklala Scheme 3,Upper Portion,5.0,Marla,5 Marla,891,1,1,26.1,1,1,0,0,24/7 Security,1,0.58,1.13,1.21,1.45,2026-10-01,12350000.0,2159995.68000864,0.7919999929600001,Vintage (16y+),Tier 2 - Premium,1.0,0.4879238838741156,0.999900009999,2,1,890.9109089091091
PROP-13203,Karachi,DHA Defence Phase 7-9,Flat,2.5,Marla,2.5 Marla,691,2,2,0.0,1,0,0,1,24/7 Security; Backup Generator / Solar; Underground Utilities; Central Heating / Cooling,4,4.38,1.49,2.1,1.18,2026-10-01,16237000.0,5459978.160087359,1.2284444226054323,Brand New (0-1y),Tier 1 - Ultra Luxury,6.0,0.283245999150262,0.9999500024998748,4,1,345.4827258637068
PROP-13558,Lahore,Model Town,House,10.0,Marla,10 Marla,1954,4,4,0.8,1,0,0,0,Gated Community; 24/7 Security; Underground Utilities; Central Heating / Cooling,4,0.55,1.66,3.28,0.96,2026-10-01,84462000.0,6559993.440006561,0.8684444405846913,Brand New (0-1y),Tier 1 - Ultra Luxury,5.0,0.4191993292810732,0.9999750006249843,8,0,488.4877878053049
PROP-13892,Islamabad,Sector F-6/F-7/E-7,Flat,2.5,Marla,2.5 Marla,728,2,2,5.1,1,1,0,0,Gated Community; 24/7 Security; Backup Generator / Solar; Lawn / Garden,4,1.42,5.45,1.29,1.84,2026-10-01,18477000.0,5759976.96009216,1.2942221992138276,Established (6-15y),Tier 1 - Ultra Luxury,5.0,0.3200512081933109,0.9999500024998748,4,1,363.9818009099545
PROP-10647,Lahore,DHA Defence Phase 7-9,Flat,7.5,Marla,7.5 Marla,2259,4,4,3.6,1,1,0,0,Gated Community; 24/7 Security; Backup Generator / Solar,3,3.33,4.9,3.7,1.45,2026-10-01,20870000.0,2373330.168893108,1.3386666587338272,Modern (2-5y),Tier 2 - Premium,4.0,0.245368666421298,0.9999750006249843,8,1,564.7358816029599
PROP-16167,Karachi,Bahria Town Karachi,House,400.0,Kanal,1 Kanal,3382,5,5,0.0,1,0,0,0,Gated Community; Servant Quarter; Lawn / Garden,3,3.92,0.98,1.31,0.75,2026-10-01,43638000.0,89374.99776562506,0.0375777777736024,Brand New (0-1y),Tier 3 - Affordable/Suburban,3.0,0.332667997338656,0.999980000399992,10,0,676.3864722705546
PROP-12889,Islamabad,Sector F-8/F-10/F-11,Flat,2.5,Marla,2.5 Marla,718,1,2,3.3,1,0,1,0,Gated Community; 24/7 Security; Underground Utilities; Central Heating / Cooling,4,4.49,2.3,6.32,2.57,2026-10-01,12966000.0,4139983.44006624,1.2764444217520992,Modern (2-5y),Tier 1 - Ultra Luxury,5.0,0.2019590023225285,0.4999750012499374,3,1,717.928207179282
PROP-16313,Lahore,Lake City,House,10.0,Marla,10 Marla,3533,6,6,0.0,2,0,0,0,Servant Quarter; Lawn / Garden,2,3.02,5.78,0.39,0.96,2026-10-01,38572000.0,3169996.8300031703,1.5702222152434566,Brand New (0-1y),Tier 3 - Affordable/Suburban,2.0,0.303951367781155,0.9999833336111064,12,0,588.8235196080066
PROP-15396,Lahore,Bahria Town,Flat,5.0,Marla,5 Marla,1494,2,3,0.9,1,1,0,0,Gated Community; 24/7 Security; Central Heating / Cooling; Elevator,4,0.87,1.12,1.13,1.63,2026-10-01,18786000.0,2959994.08001184,1.3279999881955558,Brand New (0-1y),Tier 2 - Premium,6.0,0.4571428571428571,0.6666444451851604,5,1,746.9626518674065
PROP-12436,Lahore,Lake City,Farmhouse,1600.0,Kanal,4 Kanal,6069,7,7,8.0,1,1,0,0,Gated Community; 24/7 Security; Backup Generator / Solar; Servant Quarter,4,2.72,2.59,2.64,2.66,2026-10-01,215226000.0,104562.4993464844,0.016858333332865,Established (6-15y),Tier 3 - Affordable/Suburban,5.0,0.2727396699849993,0.999985714489793,14,1,866.9876144626505
PROP-10601,Islamabad,Bahria Town Phase 1-8,House,3.0,Marla,3 Marla,543,1,1,3.0,1,1,1,0,Gated Community; 24/7 Security; Backup Generator / Solar; Underground Utilities,4,1.2,1.39,2.69,2.2,2026-10-01,17129000.0,4366652.111159629,0.8044444325267491,Modern (2-5y),Tier 2 - Premium,5.5,0.3537944454272068,0.999900009999,2,2,542.945705429457
PROP-12364,Faisalabad,D Ground / Peoples Colony,Upper Portion,7.0,Marla,7 Marla,1220,3,3,6.0,1,1,0,0,24/7 Security; Backup Generator / Solar; Underground Utilities; Servant Quarter,4,1.12,0.94,4.83,1.71,2026-10-01,21237000.0,2557139.204086852,0.7746031696850593,Established (6-15y),Tier 1 - Ultra Luxury,5.5,0.3320053120849933,0.9999666677777408,6,1,406.6531115629479
PROP-12062,Lahore,DHA Defence Phase 7-9,House,5.0,Marla,5 Marla,859,2,2,12.5,1,0,0,0,24/7 Security,1,1.23,3.99,4.56,1.22,2026-10-01,20263000.0,3289993.4200131604,0.7635555487683952,Vintage (16y+),Tier 2 - Premium,1.0,0.3023888720895071,0.9999500024998748,4,0,429.4785260736963
PROP-10242,Islamabad,Sector F-6/F-7/E-7,Flat,7.5,Marla,7.5 Marla,2130,4,4,8.9,1,0,1,0,Gated Community; 24/7 Security; Backup Generator / Solar; Servant Quarter; Central Heating / Cooling,5,1.17,4.32,1.93,2.01,2026-10-01,48042000.0,4994326.6742311,1.262222214742387,Established (6-15y),Tier 1 - Ultra Luxury,6.5,0.3282455276546857,0.9999750006249843,8,1,532.4866878328043
PROP-12042,Karachi,Malir Cantt,Upper Portion,7.0,Marla,7 Marla,1153,2,3,11.2,1,0,1,0,Gated Community; 24/7 Security; Backup Generator / Solar,3,1.14,0.98,0.71,2.25,2026-10-01,22249000.0,2549996.357148061,0.7320634874154699,Established (6-15y),Tier 2 - Premium,4.0,0.423190859077444,0.6666444451851604,5,1,576.4711764411779
PROP-12825,Lahore,DHA Defence Phase 5-6,Flat,3.5,Marla,3.5 Marla,887,1,2,0.9,1,0,0,1,24/7 Security; Backup Generator / Solar; Underground Utilities; Elevator,4,1.33,1.34,2.13,1.81,2026-10-01,21251000.0,4957128.693918018,1.1263491920463595,Brand New (0-1y),Tier 1 - Ultra Luxury,7.0,0.3794346423828496,0.4999750012499374,3,1,886.9113088691131
PROP-12613,Islamabad,DHA Defence Phase 2,House,7.0,Marla,7 Marla,2649,3,3,7.9,2,1,0,0,Gated Community; 24/7 Security; Backup Generator / Solar; Servant Quarter,4,1.6,1.66,5.91,1.41,2026-10-01,43885000.0,4971421.469397902,1.6819047512260017,Established (6-15y),Tier 2 - Premium,5.0,0.2929115407147041,0.9999666677777408,6,1,882.970567647745
PROP-11364,Lahore,Johar Town,House,5.0,Marla,5 Marla,886,2,3,1.4,1,1,1,0,Gated Community; 24/7 Security; Backup Generator / Solar; Underground Utilities,4,0.97,0.97,2.61,2.26,2026-10-01,33759000.0,5629988.740022521,0.7875555485550618,Modern (2-5y),Tier 2 - Premium,5.5,0.37243947858473,0.6666444451851604,5,2,442.97785110744456
PROP-16238,Lahore,DHA Defence Phase 7-9,House,10.0,Marla,10 Marla,3788,6,6,20.8,2,0,0,1,24/7 Security; Servant Quarter,2,1.6,2.82,3.61,2.39,2026-10-01,50873000.0,4254995.745004255,1.6835555480730864,Vintage (16y+),Tier 2 - Premium,2.0,0.2922267679719462,0.9999833336111064,12,1,631.3228112864786
PROP-15489,Lahore,Bahria Town,House,7.0,Marla,7 Marla,2770,4,4,2.3,2,0,0,0,Gated Community; 24/7 Security; Backup Generator / Solar,3,1.4,6.67,2.64,1.3,2026-10-01,38646000.0,4321422.397968004,1.758730147563618,Modern (2-5y),Tier 2 - Premium,4.0,0.2933841865923426,0.9999750006249843,8,0,692.4826879328017
PROP-11479,Lahore,Bahria Town,House,5.0,Marla,5 Marla,2747,4,4,8.4,3,0,0,0,Gated Community; 24/7 Security; Underground Utilities; Central Heating / Cooling,4,0.38,2.82,4.43,1.17,2026-10-01,28009000.0,4309991.3800172405,2.4417777560730864,Established (6-15y),Tier 2 - Premium,5.0,0.3580379520229144,0.9999750006249843,8,0,686.7328316792081
PROP-12557,Rawalpindi,Adiala Road,House,7.0,Marla,7 Marla,3550,5,5,2.8,3,1,0,0,Basic,0,0.62,0.72,2.78,2.97,2026-10-01,22609000.0,2764281.765311764,2.2539682396573446,Modern (2-5y),Tier 3 - Affordable/Suburban,0.0,0.3607503607503607,0.999980000399992,10,1,709.9858002839943
PROP-10776,Karachi,PECHS,House,7.0,Marla,7 Marla,1278,2,2,3.8,1,0,1,0,Gated Community; 24/7 Security; Backup Generator / Solar,3,2.46,1.37,6.67,1.37,2026-10-01,42603000.0,4878564.45919363,0.8114285662766441,Modern (2-5y),Tier 2 - Premium,4.0,0.2623638987275351,0.9999500024998748,4,1,638.9680515974201
PROP-14016,Islamabad,Sector F-6/F-7/E-7,House,400.0,Kanal,1 Kanal,6907,5,5,13.1,2,0,0,1,Gated Community; 24/7 Security; Underground Utilities; Servant Quarter,4,1.42,2.13,5.52,2.01,2026-10-01,238153000.0,463749.9884062503,0.0767444444359172,Vintage (16y+),Tier 1 - Ultra Luxury,4.5,0.2838087129274869,0.999980000399992,10,1,1381.372372552549
PROP-10035,Karachi,PECHS,Flat,2.5,Marla,2.5 Marla,705,2,3,10.7,1,0,0,0,Gated Community; 24/7 Security; Central Heating / Cooling,3,2.85,2.85,2.56,1.26,2026-10-01,9754000.0,3299986.8000528,1.2533333110518523,Established (6-15y),Tier 2 - Premium,3.5,0.3016591251885369,0.6666444451851604,5,0,352.4823758812059
PROP-16352,Faisalabad,D Ground / Peoples Colony,House,3.0,Marla,3 Marla,548,1,1,0.0,1,0,0,0,Gated Community; 24/7 Security; Backup Generator / Solar; Underground Utilities; Central Heating / Cooling,5,0.48,2.37,5.36,3.89,2026-10-01,19998000.0,5399982.00006,0.8118518398244172,Brand New (0-1y),Tier 1 - Ultra Luxury,7.0,0.2657807308970099,0.999900009999,2,0,547.945205479452
PROP-13153,Karachi,Scheme 33,House,10.0,Marla,10 Marla,3933,5,5,0.0,2,0,0,0,Servant Quarter; Lawn / Garden,2,1.35,6.98,2.26,1.34,2026-10-01,37807000.0,2979997.0200029803,1.747999992231111,Brand New (0-1y),Tier 3 - Affordable/Suburban,2.0,0.296428042092782,0.999980000399992,10,0,786.5842683146337
PROP-11956,Karachi,Clifton,Flat,3.5,Marla,3.5 Marla,933,1,1,0.7,1,0,0,0,Gated Community; Backup Generator / Solar; Underground Utilities; Elevator,4,2.9,1.45,1.3,1.41,2026-10-01,20448000.0,4842843.306161982,1.1847618897173091,Brand New (0-1y),Tier 1 - Ultra Luxury,7.0,0.3429943405933802,0.999900009999,2,0,932.9067093290672
PROP-11586,Islamabad,Bahria Town Phase 1-8,House,5.0,Marla,5 Marla,1892,4,4,0.0,2,0,0,0,Gated Community; Servant Quarter,2,1.62,1.9,4.0,0.93,2026-10-01,27878000.0,4179991.64001672,1.681777762828642,Brand New (0-1y),Tier 2 - Premium,2.0,0.3411804844762879,0.9999750006249843,8,0,472.9881752956176
PROP-13945,Karachi,PECHS,Flat,7.5,Marla,7.5 Marla,2340,4,3,2.1,1,0,0,1,Gated Community; 24/7 Security; Backup Generator / Solar; Central Heating / Cooling,4,0.84,0.71,1.76,2.5,2026-10-01,29092000.0,3513328.648895135,1.3866666584493827,Modern (2-5y),Tier 2 - Premium,5.5,0.3996003996003995,1.3332888903703208,7,1,584.9853753656159
PROP-13074,Karachi,DHA Defence Phase 7-9,Flat,3.5,Marla,3.5 Marla,1059,3,4,0.0,1,1,0,0,Gated Community; 24/7 Security; Backup Generator / Solar; Underground Utilities; Central Heating / Cooling; Elevator,6,1.21,1.53,4.94,2.46,2026-10-01,24931000.0,5742840.734740757,1.3447618876855634,Brand New (0-1y),Tier 1 - Ultra Luxury,9.5,0.2959455460195324,0.7499812504687383,7,1,352.98823372554244
PROP-11022,Karachi,Bahria Town Karachi,Flat,5.0,Marla,5 Marla,1254,3,4,9.3,1,0,0,0,Gated Community; 24/7 Security; Backup Generator / Solar; Elevator,4,0.35,2.24,1.6,1.62,2026-10-01,13990000.0,2309995.38000924,1.1146666567585186,Established (6-15y),Tier 3 - Affordable/Suburban,6.5,0.4415985868845219,0.7499812504687383,7,0,417.9860671310956
PROP-13463,Karachi,North Nazimabad,House,5.0,Marla,5 Marla,2707,4,3,0.0,3,0,0,0,Gated Community; 24/7 Security; Central Heating / Cooling,3,1.91,0.85,6.67,2.26,2026-10-01,29540000.0,4939990.12001976,2.4062222008335805,Brand New (0-1y),Tier 2 - Premium,3.5,0.2626050420168067,1.3332888903703208,7,0,676.7330816729582
PROP-12614,Karachi,DHA Defence Phase 7-9,House,5.0,Marla,5 Marla,1759,3,3,9.2,2,1,0,0,Gated Community; Backup Generator / Solar; Underground Utilities,3,1.66,2.03,1.55,0.6,2026-10-01,48033000.0,7929984.14003172,1.5635555416572842,Established (6-15y),Tier 1 - Ultra Luxury,4.5,0.4209640075773522,0.9999666677777408,6,1,586.3137895403486
PROP-15228,Islamabad,Bahria Town Phase 1-8,Lower Portion,10.0,Marla,10 Marla,1809,5,4,9.6,1,0,0,0,Gated Community; 24/7 Security; Backup Generator / Solar,3,1.37,1.84,3.66,2.33,2026-10-01,23604000.0,1989998.01000199,0.8039999964266666,Established (6-15y),Tier 2 - Premium,4.0,0.3138239447669858,1.2499687507812305,9,0,361.7927641447171
PROP-13845,Faisalabad,Canal Road Villas,House,400.0,Kanal,1 Kanal,7390,5,5,0.0,2,0,0,0,Gated Community; 24/7 Security; Backup Generator / Solar; Underground Utilities; Servant Quarter; Lawn / Garden,6,0.97,3.52,2.88,3.47,2026-10-01,93748000.0,193499.99516250013,0.0821111111019876,Brand New (0-1y),Tier 2 - Premium,7.5,0.2869852202611566,0.999980000399992,10,0,1477.9704405911882
PROP-11501,Lahore,Wapda Town,Lower Portion,5.0,Marla,5 Marla,851,1,1,9.2,1,0,0,0,Gated Community; 24/7 Security,2,3.18,3.37,8.67,1.32,2026-10-01,11834000.0,1879996.24000752,0.7564444377204939,Established (6-15y),Tier 2 - Premium,2.0,0.2105928187848794,0.999900009999,2,0,850.9149085091491
PROP-14801,Rawalpindi,Bahria Town,Flat,3.5,Marla,3.5 Marla,1073,3,4,1.4,1,0,0,1,Gated Community; 24/7 Security; Servant Quarter; Elevator,4,1.32,1.94,2.08,1.53,2026-10-01,14121000.0,3285704.897986005,1.3625396652375916,Modern (2-5y),Tier 2 - Premium,5.5,0.380517503805175,0.7499812504687383,7,1,357.6547448418386
PROP-15678,Rawalpindi,Chaklala Scheme 3,House,7.0,Marla,7 Marla,2598,4,3,0.9,2,0,0,0,Gated Community,1,0.67,1.9,6.83,3.45,2026-10-01,30279000.0,3757137.489803586,1.6495237990506426,Brand New (0-1y),Tier 2 - Premium,1.0,0.255069506440505,1.3332888903703208,7,0,649.4837629059274
PROP-10162,Lahore,Gulberg,Flat,2.5,Marla,2.5 Marla,779,2,2,5.6,1,1,0,0,Gated Community; 24/7 Security; Backup Generator / Solar; Underground Utilities; Elevator,5,1.42,0.46,4.01,0.21,2026-10-01,14598000.0,4819980.72007712,1.3848888642686423,Established (6-15y),Tier 1 - Ultra Luxury,8.0,0.4113533525298231,0.9999500024998748,4,1,389.4805259737013
PROP-14300,Karachi,Clifton,Flat,5.0,Marla,5 Marla,1371,2,2,0.0,1,0,0,1,Gated Community; 24/7 Security; Underground Utilities; Elevator,4,1.02,3.16,5.16,2.01,2026-10-01,31777000.0,5349989.300021401,1.2186666558340742,Brand New (0-1y),Tier 1 - Ultra Luxury,6.0,0.2885170225043277,0.9999500024998748,4,1,685.4657267136643
PROP-11982,Rawalpindi,Bahria Town,House,5.0,Marla,5 Marla,1948,4,5,4.7,2,0,0,1,24/7 Security,1,1.93,1.49,1.84,2.38,2026-10-01,25937000.0,4299991.4000172,1.7315555401639509,Modern (2-5y),Tier 2 - Premium,1.0,0.3354579000335458,0.7999840003199936,9,1,486.9878253043674
PROP-10996,Faisalabad,Canal Road Villas,House,3.0,Marla,3 Marla,1050,3,3,1.4,2,0,0,0,Gated Community; 24/7 Security; Backup Generator / Solar; Lawn / Garden,4,1.74,1.41,3.49,1.02,2026-10-01,16463000.0,4449985.166716111,1.5555555325102886,Modern (2-5y),Tier 2 - Premium,5.0,0.3540449637103912,0.9999666677777408,6,0,349.98833372220923
PROP-16416,Lahore,Johar Town,Upper Portion,10.0,Marla,10 Marla,1655,2,1,1.6,1,0,0,0,Gated Community; 24/7 Security; Backup Generator / Solar,3,0.4,2.6,2.2,1.72,2026-10-01,30936000.0,2529997.47000253,0.7355555522864197,Modern (2-5y),Tier 2 - Premium,4.0,0.4022526146419951,1.999800019998,3,0,827.4586270686465
PROP-14914,Islamabad,Sector E-11,Flat,3.5,Marla,3.5 Marla,1060,3,4,8.4,1,0,0,1,Gated Community; 24/7 Security; Backup Generator / Solar; Underground Utilities; Elevator,5,3.08,4.03,4.6,0.23,2026-10-01,17159000.0,3799989.142888163,1.3460317289392796,Established (6-15y),Tier 2 - Premium,8.0,0.2723682418629988,0.7499812504687383,7,1,353.321555948135
PROP-13344,Rawalpindi,Bahria Town,House,5.0,Marla,5 Marla,1785,2,3,0.9,2,1,0,0,Gated Community; 24/7 Security; Backup Generator / Solar; Underground Utilities; Lawn / Garden,5,2.1,2.82,1.23,3.12,2026-10-01,29021000.0,4939990.12001976,1.5866666525629631,Brand New (0-1y),Tier 2 - Premium,6.5,0.2994011976047904,0.6666444451851604,5,1,892.4553772311383
PROP-14554,Islamabad,Bahria Town Phase 1-8,House,5.0,Marla,5 Marla,981,2,2,0.0,1,0,1,0,Gated Community; 24/7 Security,2,1.26,4.03,0.64,0.68,2026-10-01,23367000.0,3569992.8600142803,0.871999992248889,Brand New (0-1y),Tier 2 - Premium,2.0,0.4206098843322818,0.9999500024998748,4,1,490.4754762261886
PROP-13800,Karachi,DHA Defence Phase 7-9,Flat,2.5,Marla,2.5 Marla,660,2,2,6.1,1,0,0,0,Gated Community; 24/7 Security; Underground Utilities; Elevator,4,0.83,2.32,3.16,3.39,2026-10-01,14219000.0,4819980.72007712,1.1733333124740746,Established (6-15y),Tier 1 - Ultra Luxury,6.0,0.3041825095057034,0.9999500024998748,4,0,329.9835008249587
PROP-11276,Rawalpindi,Saddar Cantt,House,10.0,Marla,10 Marla,1913,4,4,3.5,1,0,0,0,Gated Community; 24/7 Security; Backup Generator / Solar; Underground Utilities,4,0.33,1.79,1.2,2.56,2026-10-01,62102000.0,5359994.64000536,0.8502222184434567,Modern (2-5y),Tier 1 - Ultra Luxury,5.5,0.4180602006688963,0.9999750006249843,8,0,478.2380440488988
PROP-11017,Karachi,Bahria Town Karachi,Flat,2.5,Marla,2.5 Marla,633,2,2,0.0,1,0,0,0,Gated Community; Backup Generator / Solar; Elevator,3,2.11,2.38,1.13,4.64,2026-10-01,7809000.0,2619989.52004192,1.1253333133274075,Brand New (0-1y),Tier 3 - Affordable/Suburban,5.5,0.2692877339437188,0.9999500024998748,4,0,316.4841757912104
PROP-16442,Lahore,Allama Iqbal Town,Upper Portion,7.0,Marla,7 Marla,1186,2,2,0.8,1,1,0,0,Backup Generator / Solar,1,1.43,2.79,4.64,1.57,2026-10-01,16882000.0,2035711.377555175,0.7530158682348199,Brand New (0-1y),Tier 3 - Affordable/Suburban,2.0,0.3013863773357444,0.9999500024998748,4,1,592.9703514824258
PROP-10338,Lahore,Wapda Town,Lower Portion,5.0,Marla,5 Marla,842,2,2,1.6,1,0,0,0,24/7 Security; Backup Generator / Solar; Servant Quarter,3,0.29,4.13,1.47,0.3,2026-10-01,15455000.0,2459995.08000984,0.748444437791605,Modern (2-5y),Tier 2 - Premium,4.0,0.4750593824228029,0.9999500024998748,4,0,420.9789510524473
PROP-10879,Islamabad,Sector F-8/F-10/F-11,House,5.0,Marla,5 Marla,884,2,3,3.8,1,0,0,0,Gated Community; 24/7 Security; Underground Utilities; Central Heating / Cooling,4,0.6,2.85,5.88,1.14,2026-10-01,50739000.0,7929984.14003172,0.7857777707930865,Modern (2-5y),Tier 1 - Ultra Luxury,5.0,0.316906987799081,0.6666444451851604,5,0,441.9779011049447
PROP-11077,Lahore,DHA Defence Phase 7-9,House,5.0,Marla,5 Marla,1885,4,5,0.9,2,1,0,0,Gated Community; 24/7 Security; Backup Generator / Solar,3,0.4,3.53,5.18,0.82,2026-10-01,30120000.0,4839990.320019361,1.6755555406617286,Brand New (0-1y),Tier 2 - Premium,4.0,0.338810774182619,0.7999840003199936,9,1,471.23821904452393
PROP-14890,Karachi,Gulshan-e-Iqbal,Flat,2.5,Marla,2.5 Marla,759,2,2,2.4,1,0,0,0,24/7 Security; Elevator,2,0.73,2.66,2.57,1.65,2026-10-01,9888000.0,3299986.8000528,1.3493333093451856,Modern (2-5y),Tier 2 - Premium,3.5,0.3754458419373006,0.9999500024998748,4,0,379.48102594870255
PROP-13995,Lahore,Askari,House,5.0,Marla,5 Marla,965,1,2,5.1,1,1,0,1,Gated Community; 24/7 Security; Servant Quarter,3,1.0,1.91,6.15,3.67,2026-10-01,29132000.0,4909990.18001964,0.8577777701530865,Established (6-15y),Tier 2 - Premium,3.0,0.2520478890989288,0.4999750012499374,3,2,964.9035096490352
PROP-16363,Islamabad,Sector F-8/F-10/F-11,Farmhouse,800.0,Kanal,2 Kanal,6378,6,6,0.7,1,1,0,1,Gated Community; 24/7 Security; Backup Generator / Solar; Servant Quarter; Lawn / Garden,5,3.45,2.79,7.75,1.31,2026-10-01,337163000.0,336812.4957898438,0.0354333333313648,Brand New (0-1y),Tier 1 - Ultra Luxury,6.0,0.2188662727073758,0.9999833336111064,12,2,1062.9822836286062
PROP-14862,Islamabad,Sector F-8/F-10/F-11,House,10.0,Marla,10 Marla,3719,5,5,3.0,2,0,1,1,Gated Community; 24/7 Security; Backup Generator / Solar; Underground Utilities; Servant Quarter; Lawn / Garden,6,1.62,2.89,0.93,1.85,2026-10-01,114352000.0,9114990.885009116,1.6528888815427158,Modern (2-5y),Tier 1 - Ultra Luxury,7.5,0.3647638154295094,0.999980000399992,10,2,743.7851242975141
PROP-16334,Rawalpindi,Satellite Town,House,5.0,Marla,5 Marla,1784,3,3,1.5,2,0,0,1,Gated Community; 24/7 Security; Backup Generator / Solar; Underground Utilities,4,1.5,1.72,2.03,0.66,2026-10-01,27540000.0,4829990.34001932,1.5857777636819754,Modern (2-5y),Tier 2 - Premium,5.5,0.4189359028068706,0.9999666677777408,6,1,594.6468451051632
PROP-10380,Karachi,Bahria Town Karachi,House,10.0,Marla,10 Marla,3574,5,5,8.2,2,1,0,1,Gated Community; Servant Quarter; Lawn / Garden,3,1.01,5.02,2.56,1.66,2026-10-01,33940000.0,2824997.175002825,1.588444437384691,Established (6-15y),Tier 3 - Affordable/Suburban,3.0,0.3208727739451307,0.999980000399992,10,2,714.7857042859143
PROP-10493,Rawalpindi,Chaklala Scheme 3,House,400.0,Kanal,1 Kanal,7627,6,6,7.6,2,0,0,1,24/7 Security; Underground Utilities; Servant Quarter,3,1.44,5.26,3.83,2.32,2026-10-01,122113000.0,257249.9935687502,0.0847444444350283,Established (6-15y),Tier 2 - Premium,3.5,0.2663115845539281,0.9999833336111064,12,1,1271.1454809086515
PROP-15279,Faisalabad,D Ground / Peoples Colony,House,7.0,Marla,7 Marla,2738,3,3,0.0,2,1,0,0,Gated Community; 24/7 Security; Backup Generator / Solar; Underground Utilities,4,2.29,1.6,1.59,1.59,2026-10-01,58166000.0,6414276.551033499,1.7384126873751575,Brand New (0-1y),Tier 1 - Ultra Luxury,5.5,0.352547153181738,0.9999666677777408,6,1,912.6362454584846
PROP-12063,Karachi,DHA Defence Phase 7-9,House,10.0,Marla,10 Marla,3653,5,6,3.6,2,0,0,0,Gated Community; 24/7 Security; Underground Utilities; Lawn / Garden; Central Heating / Cooling,5,0.89,1.91,3.35,1.72,2026-10-01,100092000.0,8239991.76000824,1.623555548339753,Modern (2-5y),Tier 1 - Ultra Luxury,6.0,0.3591954022988506,0.8333194446759221,11,0,730.5853882922341
PROP-13886,Lahore,Lake City,House,3.0,Marla,3 Marla,1056,3,4,3.7,2,0,1,0,24/7 Security,1,2.22,2.36,4.85,1.84,2026-10-01,12616000.0,3350988.830037233,1.5644444212674902,Modern (2-5y),Tier 3 - Affordable/Suburban,1.0,0.2737476047084587,0.7499812504687383,7,1,351.98826705776474
PROP-10065,Lahore,DHA Defence Phase 7-9,Lower Portion,7.0,Marla,7 Marla,1244,3,3,0.0,1,0,0,0,Gated Community; 24/7 Security; Backup Generator / Solar; Lawn / Garden,4,1.04,1.24,5.23,0.46,2026-10-01,20979000.0,2414282.2653110498,0.7898412648264047,Brand New (0-1y),Tier 2 - Premium,5.0,0.365764447695684,0.9999666677777408,6,0,414.6528449051698
PROP-12569,Lahore,Model Town,House,800.0,Kanal,2 Kanal,13756,6,6,0.0,2,0,0,1,Gated Community; 24/7 Security; Underground Utilities; Servant Quarter; Lawn / Garden; Swimming Pool; Central Heating / Cooling,7,2.0,2.04,2.96,0.34,2026-10-01,253981000.0,272251.2465968586,0.0764222222179765,Brand New (0-1y),Tier 1 - Ultra Luxury,10.0,0.3703703703703703,0.9999833336111064,12,1,2292.6284561923967
PROP-15466,Lahore,Gulberg,House,10.0,Marla,10 Marla,3781,5,6,14.0,2,0,0,0,Gated Community; 24/7 Security; Servant Quarter,3,2.79,4.97,2.38,1.29,2026-10-01,77583000.0,6239993.760006241,1.6804444369758025,Vintage (16y+),Tier 1 - Ultra Luxury,3.0,0.2789400278940028,0.8333194446759221,11,0,756.184876302474
PROP-15251,Islamabad,DHA Defence Phase 2,House,7.0,Marla,7 Marla,2632,4,4,0.0,2,1,0,0,Gated Community; 24/7 Security; Underground Utilities; Central Heating / Cooling,4,1.99,1.05,1.2,2.07,2026-10-01,42779000.0,4807135.989805729,1.671111100500882,Brand New (0-1y),Tier 2 - Premium,5.0,0.3683241252302026,0.9999750006249843,8,1,657.9835504112398
PROP-12028,Rawalpindi,Chaklala Scheme 3,Lower Portion,10.0,Marla,10 Marla,1589,2,3,1.4,1,0,0,0,24/7 Security; Underground Utilities; Servant Quarter; Central Heating / Cooling,4,4.04,1.07,5.69,2.26,2026-10-01,25632000.0,2024997.975002025,0.7062222190834567,Modern (2-5y),Tier 2 - Premium,5.0,0.2277644915157727,0.6666444451851604,5,0,794.4602769861506
PROP-12696,Lahore,DHA Defence Phase 7-9,Flat,3.5,Marla,3.5 Marla,999,1,1,1.6,1,0,1,0,Gated Community; Backup Generator / Solar; Underground Utilities; Elevator,4,0.82,3.56,4.37,4.82,2026-10-01,13540000.0,3128562.489821458,1.268571412462585,Modern (2-5y),Tier 2 - Premium,7.0,0.2414875633904853,0.999900009999,2,1,998.9001099890012
PROP-11496,Lahore,Wapda Town,Flat,3.5,Marla,3.5 Marla,888,2,2,4.1,1,0,0,0,Gated Community; 24/7 Security; Elevator,3,0.64,1.83,1.07,0.67,2026-10-01,12253000.0,2785706.3265533526,1.1276190333000755,Modern (2-5y),Tier 2 - Premium,4.5,0.5226025607525477,0.9999500024998748,4,0,443.9778011099445
PROP-15261,Islamabad,Sector F-6/F-7/E-7,Flat,2.5,Marla,2.5 Marla,715,2,2,1.5,1,0,0,0,Gated Community; 24/7 Security; Backup Generator / Solar; Lawn / Garden; Central Heating / Cooling; Elevator,6,0.36,3.23,3.48,3.06,2026-10-01,20214000.0,6379974.480102079,1.2711110885135808,Modern (2-5y),Tier 1 - Ultra Luxury,9.0,0.3101256008683516,0.9999500024998748,4,0,357.4821258937053
PROP-15621,Lahore,Askari,House,3.0,Marla,3 Marla,552,2,2,0.0,1,0,0,0,Gated Community; 24/7 Security; Underground Utilities,3,0.49,0.9,1.87,0.59,2026-10-01,15318000.0,4266652.444491851,0.8177777656625517,Brand New (0-1y),Tier 2 - Premium,3.5,0.5383580080753702,0.9999500024998748,4,0,275.9862006899655
PROP-10392,Lahore,Johar Town,House,400.0,Kanal,1 Kanal,7566,7,8,8.2,2,0,0,0,Gated Community; 24/7 Security; Backup Generator / Solar; Underground Utilities; Servant Quarter; Lawn / Garden,6,1.08,1.59,2.34,1.28,2026-10-01,118129000.0,228749.99428125017,0.0840666666573259,Established (6-15y),Tier 2 - Premium,7.5,0.405104314360948,0.874989062636717,15,0,1080.8417022613962
PROP-15797,Lahore,DHA Defence Phase 5-6,House,7.0,Marla,7 Marla,2391,4,3,0.0,2,0,0,1,Gated Community; 24/7 Security; Backup Generator / Solar; Underground Utilities,4,1.78,4.35,0.52,1.19,2026-10-01,60949000.0,6828561.673483324,1.5180952284565383,Brand New (0-1y),Tier 1 - Ultra Luxury,5.5,0.3654302941713868,1.3332888903703208,7,1,597.7350566235845
PROP-14517,Karachi,DHA Defence Phase 7-9,Flat,3.5,Marla,3.5 Marla,946,2,1,1.6,1,0,1,0,Gated Community; 24/7 Security; Backup Generator / Solar; Underground Utilities; Central Heating / Cooling,5,0.94,2.55,5.3,1.68,2026-10-01,22614000.0,5214270.816369096,1.2012698260156214,Modern (2-5y),Tier 1 - Ultra Luxury,7.0,0.3052969012364524,1.999800019998,3,1,472.9763511824409
PROP-16435,Lahore,Lake City,Lower Portion,10.0,Marla,10 Marla,1603,3,3,0.8,1,0,0,0,Gated Community; 24/7 Security,2,0.29,1.78,5.35,1.18,2026-10-01,18834000.0,1559998.44000156,0.7124444412780246,Brand New (0-1y),Tier 3 - Affordable/Suburban,2.0,0.3581020590868397,0.9999666677777408,6,0,534.3155228159061
PROP-14477,Islamabad,Bahria Town Phase 1-8,Flat,7.5,Marla,7.5 Marla,1863,4,3,1.7,1,1,0,0,Gated Community; 24/7 Security; Underground Utilities; Servant Quarter; Elevator,5,0.6,1.75,1.68,2.03,2026-10-01,27738000.0,2786662.951116065,1.1039999934577778,Modern (2-5y),Tier 2 - Premium,7.0,0.4136504653567736,1.3332888903703208,7,1,465.7383565410865
PROP-15895,Karachi,Malir Cantt,House,10.0,Marla,10 Marla,3955,5,5,3.3,2,0,0,0,Gated Community; Servant Quarter; Lawn / Garden,3,4.83,2.4,1.68,2.4,2026-10-01,50873000.0,4414995.585004415,1.757777769965432,Modern (2-5y),Tier 2 - Premium,3.0,0.243516376476318,0.999980000399992,10,0,790.9841803163937
PROP-13563,Karachi,PECHS,Flat,3.5,Marla,3.5 Marla,1043,3,3,3.6,1,0,0,0,Gated Community; 24/7 Security,2,2.14,2.56,2.42,2.61,2026-10-01,14095000.0,3271419.224516501,1.3244444276261025,Modern (2-5y),Tier 2 - Premium,2.0,0.2941176470588235,0.9999666677777408,6,0,347.6550781640612
PROP-12279,Islamabad,Bahria Town Phase 1-8,House,400.0,Kanal,1 Kanal,7216,6,6,0.8,2,1,1,0,24/7 Security; Lawn / Garden,2,1.07,1.12,0.92,1.64,2026-10-01,125113000.0,229999.99425000016,0.0801777777688691,Brand New (0-1y),Tier 2 - Premium,2.0,0.450755014649538,0.9999833336111064,12,2,1202.6466225562908
PROP-16187,Islamabad,Sector F-8/F-10/F-11,Upper Portion,5.0,Marla,5 Marla,848,1,1,4.5,1,0,1,0,Gated Community; 24/7 Security; Underground Utilities,3,0.61,1.39,1.6,3.85,2026-10-01,23017000.0,3749992.500015,0.753777771077531,Modern (2-5y),Tier 1 - Ultra Luxury,3.5,0.3451846738004832,0.999900009999,2,1,847.915208479152
PROP-13100,Lahore,DHA Defence Phase 7-9,House,400.0,Kanal,1 Kanal,6885,7,7,0.0,2,0,0,0,Gated Community; 24/7 Security; Underground Utilities; Servant Quarter; Lawn / Garden,5,0.39,1.01,6.09,3.28,2026-10-01,91353000.0,186999.9953250001,0.0764999999914999,Brand New (0-1y),Tier 2 - Premium,5.5,0.2865329512893983,0.999985714489793,14,0,983.5573777517463
PROP-16281,Karachi,Clifton,Flat,2.5,Marla,2.5 Marla,716,1,1,5.7,1,0,0,0,Gated Community; 24/7 Security; Backup Generator / Solar; Central Heating / Cooling; Elevator,5,1.26,0.61,4.06,3.88,2026-10-01,16783000.0,5539977.840088639,1.2728888662597535,Established (6-15y),Tier 1 - Ultra Luxury,8.0,0.2850220892119139,0.999900009999,2,0,715.9284071592841
PROP-10201,Karachi,Bahria Town Karachi,Flat,2.5,Marla,2.5 Marla,707,2,2,19.7,1,0,1,0,Gated Community; Backup Generator / Solar; Central Heating / Cooling; Elevator,4,1.66,3.78,7.18,1.83,2026-10-01,9147000.0,3079987.68004928,1.256888866544198,Vintage (16y+),Tier 3 - Affordable/Suburban,7.0,0.241954996370675,0.9999500024998748,4,1,353.48232588370576
PROP-15962,Lahore,Bahria Town,Flat,2.5,Marla,2.5 Marla,625,2,2,0.8,1,0,0,0,Gated Community; 24/7 Security; Underground Utilities; Lawn / Garden; Elevator,5,3.84,0.94,4.31,0.29,2026-10-01,8977000.0,3039987.84004864,1.111111091358025,Brand New (0-1y),Tier 2 - Premium,7.0,0.29120559114735,0.9999500024998748,4,0,312.48437578121093
PROP-14878,Rawalpindi,Chaklala Scheme 3,Lower Portion,10.0,Marla,10 Marla,1578,2,3,1.5,1,0,0,0,Gated Community; 24/7 Security; Backup Generator / Solar,3,0.65,0.54,4.56,0.79,2026-10-01,25590000.0,2179997.82000218,0.7013333302162963,Modern (2-5y),Tier 2 - Premium,4.0,0.4069175991861649,0.6666444451851604,5,0,788.9605519724013
PROP-13105,Islamabad,Sector G-11/G-13,House,7.0,Marla,7 Marla,2426,3,4,3.7,2,0,0,0,Gated Community; 24/7 Security,2,0.73,7.34,4.42,2.86,2026-10-01,40106000.0,4678564.744907508,1.540317450537667,Modern (2-5y),Tier 2 - Premium,2.0,0.2439917042820544,0.7499812504687383,7,0,808.6397120095996
PROP-14601,Lahore,DHA Defence Phase 5-6,House,7.0,Marla,7 Marla,2445,3,3,2.3,2,0,0,0,Gated Community; 24/7 Security; Backup Generator / Solar; Underground Utilities,4,0.68,1.78,2.97,2.36,2026-10-01,58258000.0,6585704.877564461,1.5523809425245654,Modern (2-5y),Tier 1 - Ultra Luxury,5.5,0.3562522265764161,0.9999666677777408,6,0,814.9728342388587
PROP-12455,Islamabad,Sector F-8/F-10/F-11,House,5.0,Marla,5 Marla,886,1,1,3.6,1,0,0,1,24/7 Security; Backup Generator / Solar; Underground Utilities; Central Heating / Cooling,4,3.39,1.03,3.36,2.1,2026-10-01,45038000.0,7319985.36002928,0.7875555485550618,Modern (2-5y),Tier 1 - Ultra Luxury,6.0,0.2744990392533626,0.999900009999,2,1,885.9114088591141
PROP-13647,Lahore,DHA Defence Phase 5-6,Flat,3.5,Marla,3.5 Marla,1018,2,2,1.7,1,1,0,1,Gated Community; 24/7 Security; Underground Utilities; Central Heating / Cooling; Elevator,5,1.33,1.34,5.68,0.44,2026-10-01,22034000.0,4814271.959222973,1.292698396283195,Modern (2-5y),Tier 1 - Ultra Luxury,7.5,0.3407735559720566,0.9999500024998748,4,2,508.9745512724363
PROP-15850,Islamabad,Sector B-17 Multi Gardens,House,7.0,Marla,7 Marla,2422,4,3,1.5,2,0,1,0,Backup Generator / Solar; Lawn / Garden,2,2.16,5.3,2.54,1.8,2026-10-01,24477000.0,2828567.387760875,1.5377777680141094,Modern (2-5y),Tier 3 - Affordable/Suburban,3.0,0.2778549597110308,1.3332888903703208,7,1,605.4848628784281
PROP-10805,Lahore,DHA Defence Phase 5-6,House,3.0,Marla,3 Marla,542,2,2,6.4,1,0,0,0,Gated Community; Backup Generator / Solar; Underground Utilities; Servant Quarter,4,2.91,5.05,3.33,1.92,2026-10-01,23763000.0,6433311.88896037,0.8029629510672156,Established (6-15y),Tier 1 - Ultra Luxury,5.5,0.2488800398208064,0.9999500024998748,4,0,270.9864506774661
PROP-16245,Karachi,DHA Defence Phase 7-9,House,400.0,Kanal,1 Kanal,7422,6,7,0.0,2,0,1,0,Gated Community; 24/7 Security; Backup Generator / Solar; Underground Utilities; Servant Quarter; Lawn / Garden,6,1.75,1.1,1.15,1.27,2026-10-01,153328000.0,309124.9922718752,0.0824666666575037,Brand New (0-1y),Tier 1 - Ultra Luxury,7.5,0.4186728072011723,0.8571306124198226,13,1,1236.9793836769388
PROP-12732,Karachi,PECHS,House,10.0,Marla,10 Marla,3855,5,4,2.8,2,0,1,0,Gated Community; 24/7 Security; Backup Generator / Solar; Lawn / Garden,4,2.9,1.21,3.04,2.14,2026-10-01,61662000.0,5319994.68000532,1.7133333257185184,Modern (2-5y),Tier 2 - Premium,5.0,0.2901494269548817,1.2499687507812305,9,1,770.9845803083939
PROP-15994,Lahore,DHA Defence Phase 5-6,House,800.0,Kanal,2 Kanal,15608,5,5,0.0,2,0,0,0,Gated Community; 24/7 Security; Backup Generator / Solar; Lawn / Garden; Swimming Pool; Central Heating / Cooling,6,1.27,2.41,1.25,1.89,2026-10-01,273053000.0,272251.2465968586,0.0867111111062938,Brand New (0-1y),Tier 1 - Ultra Luxury,9.5,0.3812428516965307,0.999980000399992,10,0,3121.537569248615
PROP-12774,Karachi,Clifton,House,7.0,Marla,7 Marla,2430,4,5,4.1,2,0,1,0,Gated Community; 24/7 Security; Servant Quarter,3,1.43,0.87,6.67,0.91,2026-10-01,72740000.0,8249988.214302551,1.5428571330612246,Modern (2-5y),Tier 1 - Ultra Luxury,3.0,0.3088326127239036,0.7999840003199936,9,1,607.4848128796781
PROP-11571,Lahore,Gulberg,House,7.0,Marla,7 Marla,2658,4,4,0.9,2,0,0,1,Gated Community; 24/7 Security; Underground Utilities; Central Heating / Cooling,4,1.52,4.6,1.29,2.55,2026-10-01,68430000.0,8292845.295935292,1.687619036904006,Brand New (0-1y),Tier 1 - Ultra Luxury,5.0,0.3081664098613251,0.9999750006249843,8,1,664.4833879153022
PROP-15059,Lahore,DHA Defence Phase 7-9,Lower Portion,7.0,Marla,7 Marla,1286,2,3,0.0,1,0,0,0,24/7 Security; Elevator,2,2.49,0.99,3.54,1.87,2026-10-01,17089000.0,1949997.214289694,0.8165079313237592,Brand New (0-1y),Tier 2 - Premium,3.5,0.3040437823046518,0.6666444451851604,5,0,642.9678516074196
PROP-15584,Karachi,Clifton,House,7.0,Marla,7 Marla,1267,3,2,6.4,1,0,0,0,Gated Community; 24/7 Security; Backup Generator / Solar; Underground Utilities,4,0.61,1.43,2.83,2.61,2026-10-01,64742000.0,7592846.295933863,0.8044444393368607,Established (6-15y),Tier 1 - Ultra Luxury,5.5,0.3601008282319049,1.4999250037498124,5,0,422.31925602479913
PROP-12691,Faisalabad,D Ground / Peoples Colony,Flat,2.5,Marla,2.5 Marla,722,2,3,0.7,1,0,0,1,Gated Community; 24/7 Security; Underground Utilities; Servant Quarter; Elevator,5,1.32,4.23,4.44,1.61,2026-10-01,15078000.0,4819980.72007712,1.283555532736791,Brand New (0-1y),Tier 1 - Ultra Luxury,7.0,0.2883922134102379,0.6666444451851604,5,1,360.98195090245486
PROP-13842,Karachi,PECHS,Lower Portion,10.0,Marla,10 Marla,1775,2,2,4.1,1,1,0,0,Gated Community; 24/7 Security; Backup Generator / Solar; Underground Utilities; Central Heating / Cooling,5,0.55,0.58,6.27,0.4,2026-10-01,33258000.0,2869997.13000287,0.788888885382716,Modern (2-5y),Tier 2 - Premium,7.0,0.3768607499528923,0.9999500024998748,4,1,887.4556272186389
PROP-11029,Rawalpindi,Satellite Town,House,5.0,Marla,5 Marla,1804,4,5,8.3,2,0,0,1,Gated Community; 24/7 Security; Backup Generator / Solar; Underground Utilities,4,0.55,3.88,2.15,2.37,2026-10-01,33335000.0,5949988.1000238005,1.6035555413017286,Established (6-15y),Tier 2 - Premium,5.5,0.3429943405933802,0.7999840003199936,9,1,450.988725281868
PROP-10503,Lahore,Bahria Town,House,7.0,Marla,7 Marla,2531,4,3,0.8,2,1,0,0,24/7 Security; Central Heating / Cooling,2,1.1,3.66,1.03,0.53,2026-10-01,42274000.0,4771421.755111779,1.6069841167810532,Brand New (0-1y),Tier 2 - Premium,2.5,0.4349717268377555,1.3332888903703208,7,1,632.7341816454589
PROP-14496,Karachi,DHA Defence Phase 7-9,House,7.0,Marla,7 Marla,2694,4,5,18.1,2,0,0,0,Gated Community; 24/7 Security; Backup Generator / Solar; Underground Utilities,4,2.51,1.12,3.39,4.28,2026-10-01,61405000.0,7192846.867361618,1.7104761796160244,Vintage (16y+),Tier 1 - Ultra Luxury,5.5,0.2494698765124111,0.7999840003199936,9,0,673.483162920927
PROP-10871,Rawalpindi,Bahria Town,Upper Portion,10.0,Marla,10 Marla,1644,3,3,0.0,1,0,0,0,24/7 Security; Underground Utilities,2,3.01,2.07,3.23,0.76,2026-10-01,22022000.0,1864998.135001865,0.7306666634192592,Brand New (0-1y),Tier 2 - Premium,2.5,0.3088326127239036,0.9999666677777408,6,0,547.9817339422019
PROP-14491,Lahore,Johar Town,House,7.0,Marla,7 Marla,1203,2,2,8.6,1,1,0,0,24/7 Security,1,0.74,1.43,3.63,1.51,2026-10-01,38008000.0,4314279.551029213,0.7638095189599395,Established (6-15y),Tier 2 - Premium,1.0,0.3770028275212064,0.9999500024998748,4,1,601.4699265036747
PROP-10207,Lahore,Gulberg,House,7.0,Marla,7 Marla,1343,2,2,7.2,1,0,0,0,Gated Community; 24/7 Security; Backup Generator / Solar; Underground Utilities,4,1.35,3.31,2.55,1.19,2026-10-01,48910000.0,5742848.93878723,0.8526984072844546,Established (6-15y),Tier 1 - Ultra Luxury,5.5,0.3526093088857546,0.9999500024998748,4,0,671.466426678666
PROP-15137,Islamabad,Sector E-11,House,7.0,Marla,7 Marla,1187,2,3,4.8,1,1,1,0,Gated Community; Underground Utilities,2,1.49,2.1,2.74,0.67,2026-10-01,42253000.0,4721421.8265402485,0.7536507888657092,Established (6-15y),Tier 2 - Premium,2.5,0.3867723844517502,0.6666444451851604,5,2,593.4703264836758
PROP-15980,Rawalpindi,Adiala Road,House,5.0,Marla,5 Marla,1974,4,3,8.0,2,0,0,0,Backup Generator / Solar,1,0.68,2.9,1.21,5.41,2026-10-01,13716000.0,2319995.36000928,1.7546666510696298,Established (6-15y),Tier 3 - Affordable/Suburban,2.0,0.2826455624646693,1.3332888903703208,7,0,493.4876628084298
PROP-11485,Karachi,Clifton,Penthouse,3.0,Marla,3 Marla,3316,4,4,4.7,1,0,0,0,Gated Community; 24/7 Security; Backup Generator / Solar; Underground Utilities; Elevator,5,2.59,2.94,3.89,2.79,2026-10-01,33557000.0,9483301.722327592,4.912592519813444,Modern (2-5y),Tier 1 - Ultra Luxury,8.0,0.2523659305993691,0.9999750006249843,8,0,828.9792755181121
PROP-10864,Karachi,Gulshan-e-Iqbal,Upper Portion,10.0,Marla,10 Marla,1640,2,2,9.8,1,0,0,0,Gated Community; 24/7 Security; Underground Utilities,3,0.22,5.26,1.87,0.74,2026-10-01,26339000.0,2054997.945002055,0.7288888856493827,Established (6-15y),Tier 2 - Premium,3.5,0.4061738424045492,0.9999500024998748,4,0,819.9590020498974
PROP-12791,Karachi,DHA Defence Phase 7-9,Flat,3.5,Marla,3.5 Marla,985,1,2,2.5,1,1,1,0,Gated Community; 24/7 Security; Underground Utilities; Elevator,4,4.05,0.85,1.47,0.61,2026-10-01,24163000.0,5628555.346984723,1.250793634910557,Modern (2-5y),Tier 1 - Ultra Luxury,6.0,0.3309066843150232,0.4999750012499374,3,2,984.9015098490152
PROP-10564,Karachi,Gulshan-e-Iqbal,Flat,5.0,Marla,5 Marla,1407,3,3,6.2,1,0,0,0,24/7 Security; Underground Utilities; Elevator,3,0.42,0.71,6.02,0.57,2026-10-01,14856000.0,2559994.88001024,1.2506666555496295,Established (6-15y),Tier 2 - Premium,5.0,0.3804451207913258,0.9999666677777408,6,0,468.9843671877604
PROP-15119,Karachi,North Nazimabad,Upper Portion,5.0,Marla,5 Marla,859,2,2,7.2,1,1,0,0,Gated Community; 24/7 Security; Backup Generator / Solar,3,2.19,0.68,1.9,0.37,2026-10-01,14250000.0,2309995.38000924,0.7635555487683952,Established (6-15y),Tier 2 - Premium,4.0,0.4238186056367875,0.9999500024998748,4,1,429.4785260736963
PROP-14193,Islamabad,DHA Defence Phase 2,Upper Portion,400.0,Kanal,1 Kanal,3382,5,5,1.7,1,0,0,0,Gated Community; 24/7 Security; Underground Utilities,3,1.08,0.92,1.31,0.73,2026-10-01,56561000.0,115124.99712187509,0.0375777777736024,Modern (2-5y),Tier 2 - Premium,3.5,0.5007511266900351,0.999980000399992,10,0,676.3864722705546
PROP-16022,Lahore,DHA Defence Phase 7-9,Flat,3.5,Marla,3.5 Marla,1094,3,3,1.7,1,0,0,0,Gated Community; 24/7 Security; Underground Utilities; Lawn / Garden; Elevator,5,0.76,2.47,1.76,1.42,2026-10-01,13786000.0,3085705.4694129443,1.389206331565634,Modern (2-5y),Tier 2 - Premium,7.0,0.4141644232760405,0.9999666677777408,6,0,364.6545115162828
PROP-11758,Lahore,DHA Defence Phase 5-6,House,10.0,Marla,10 Marla,3617,5,5,2.7,2,1,0,0,Gated Community; 24/7 Security; Backup Generator / Solar; Underground Utilities; Lawn / Garden; Central Heating / Cooling,6,3.21,4.47,4.3,0.93,2026-10-01,95713000.0,7409992.59000741,1.607555548410864,Modern (2-5y),Tier 1 - Ultra Luxury,8.0,0.2542588354945334,0.999980000399992,10,1,723.3855322893543
PROP-16377,Islamabad,Sector G-11/G-13,Flat,3.5,Marla,3.5 Marla,924,2,2,11.2,1,1,0,0,Gated Community; 24/7 Security; Elevator,3,1.11,1.98,4.76,1.36,2026-10-01,12717000.0,2942848.734717901,1.1733333184338626,Established (6-15y),Tier 2 - Premium,4.5,0.3283533081595797,0.9999500024998748,4,1,461.9769011549422
PROP-11679,Rawalpindi,Adiala Road,House,10.0,Marla,10 Marla,3543,5,5,12.1,2,0,0,0,Gated Community; Backup Generator / Solar; Lawn / Garden; Central Heating / Cooling,4,2.45,1.88,2.3,0.86,2026-10-01,23741000.0,1964998.035001965,1.574666659668148,Established (6-15y),Tier 3 - Affordable/Suburban,5.5,0.3499562554680665,0.999980000399992,10,0,708.5858282834344
PROP-13243,Islamabad,Sector G-11/G-13,House,5.0,Marla,5 Marla,1712,2,1,0.0,2,1,0,0,Gated Community; 24/7 Security,2,2.99,0.82,2.39,1.26,2026-10-01,34528000.0,5369989.260021481,1.5217777642508643,Brand New (0-1y),Tier 2 - Premium,2.0,0.3305238803503553,1.999800019998,3,1,855.957202139893
PROP-14639,Lahore,Johar Town,House,10.0,Marla,10 Marla,5261,6,6,3.0,3,1,0,0,Gated Community; Backup Generator / Solar; Underground Utilities; Servant Quarter; Lawn / Garden,5,3.55,2.89,1.21,2.67,2026-10-01,71309000.0,5579994.42000558,2.3382222118301232,Modern (2-5y),Tier 2 - Premium,6.5,0.2688894864210809,0.9999833336111064,12,1,876.8187196880052
PROP-11060,Lahore,DHA Defence Phase 5-6,House,400.0,Kanal,1 Kanal,7774,5,5,0.9,2,0,0,0,Gated Community; 24/7 Security; Backup Generator / Solar; Underground Utilities; Servant Quarter; Lawn / Garden,6,0.84,2.66,1.35,1.8,2026-10-01,178772000.0,338124.9915468752,0.0863777777681802,Brand New (0-1y),Tier 1 - Ultra Luxury,7.5,0.3995205753096284,0.999980000399992,10,0,1554.7689046219075
PROP-15282,Lahore,DHA Defence Phase 5-6,Flat,3.5,Marla,3.5 Marla,941,2,3,2.7,1,0,1,0,Gated Community; 24/7 Security; Backup Generator / Solar; Servant Quarter; Central Heating / Cooling; Elevator,6,1.96,1.11,1.26,3.17,2026-10-01,18763000.0,4342844.734729329,1.19492061974704,Modern (2-5y),Tier 1 - Ultra Luxury,9.0,0.3272786777941417,0.6666444451851604,5,1,470.4764761761911
PROP-11723,Islamabad,DHA Defence Phase 2,Flat,3.5,Marla,3.5 Marla,873,2,2,17.1,1,0,0,0,Gated Community; Servant Quarter; Elevator,3,0.86,2.23,1.31,0.63,2026-10-01,10395000.0,2399993.1428767345,1.1085714144943313,Vintage (16y+),Tier 2 - Premium,4.5,0.4792715073088904,0.9999500024998748,4,0,436.4781760911954
PROP-13315,Lahore,DHA Defence Phase 7-9,House,3.0,Marla,3 Marla,1098,2,1,0.0,2,0,0,0,24/7 Security; Underground Utilities; Servant Quarter,3,4.55,3.65,1.1,3.91,2026-10-01,16370000.0,4516651.611161296,1.6266666425679015,Brand New (0-1y),Tier 2 - Premium,3.5,0.2206044562100154,1.999800019998,3,0,548.9725513724313
PROP-13158,Lahore,Lake City,Flat,7.5,Marla,7.5 Marla,2253,3,3,5.6,1,0,0,0,Elevator,1,1.29,4.52,4.7,0.51,2026-10-01,16774000.0,1846664.2044477277,1.3351111031993417,Established (6-15y),Tier 3 - Affordable/Suburban,2.5,0.3103180760279286,0.9999666677777408,6,0,750.9749675010833
PROP-15918,Faisalabad,Madina Town,House,3.0,Marla,3 Marla,1132,3,3,10.8,2,0,0,0,Gated Community; 24/7 Security; Backup Generator / Solar,3,2.08,1.43,4.07,2.32,2026-10-01,14481000.0,3966653.4444885184,1.6770370121920444,Established (6-15y),Tier 2 - Premium,4.0,0.2896451846488052,0.9999666677777408,6,0,377.3207559748008
PROP-12626,Lahore,Johar Town,House,3.0,Marla,3 Marla,1060,3,3,0.0,2,0,0,0,Gated Community; Backup Generator / Solar; Underground Utilities,3,0.35,9.45,0.6,1.29,2026-10-01,22021000.0,5833313.888953703,1.5703703471056245,Brand New (0-1y),Tier 2 - Premium,4.5,0.3281916639317361,0.9999666677777408,6,0,353.321555948135
PROP-12730,Faisalabad,D Ground / Peoples Colony,House,7.0,Marla,7 Marla,2765,4,4,0.0,2,0,1,0,Gated Community; 24/7 Security; Backup Generator / Solar; Underground Utilities,4,2.36,4.17,1.86,1.63,2026-10-01,59830000.0,6942847.224503965,1.7555555444091713,Brand New (0-1y),Tier 1 - Ultra Luxury,5.5,0.3018867924528302,0.9999750006249843,8,1,691.2327191820204
PROP-11598,Karachi,Bahria Town Karachi,Lower Portion,7.0,Marla,7 Marla,1184,2,2,4.5,1,0,0,0,Backup Generator / Solar; Lawn / Garden,2,0.41,1.39,5.4,0.97,2026-10-01,11599000.0,1335712.3775537463,0.7517460269730412,Established (6-15y),Tier 3 - Affordable/Suburban,3.0,0.3672420124862284,0.9999500024998748,4,0,591.970401479926
PROP-13061,Faisalabad,D Ground / Peoples Colony,House,400.0,Kanal,1 Kanal,7072,5,5,0.0,2,0,0,0,Gated Community; 24/7 Security; Backup Generator / Solar; Underground Utilities; Servant Quarter; Lawn / Garden,6,0.26,2.45,6.2,1.68,2026-10-01,120465000.0,246749.99383125015,0.0785777777690469,Brand New (0-1y),Tier 1 - Ultra Luxury,7.5,0.312256049960968,0.999980000399992,10,0,1414.3717125657488
PROP-12694,Islamabad,Sector F-8/F-10/F-11,House,3.0,Marla,3 Marla,1078,3,3,6.5,2,1,0,0,Gated Community; 24/7 Security; Backup Generator / Solar,3,0.72,4.63,1.22,3.28,2026-10-01,33697000.0,8449971.833427222,1.5970370133772296,Established (6-15y),Tier 1 - Ultra Luxury,4.0,0.3150102378327296,0.9999666677777408,6,1,359.3213559548015
PROP-14894,Islamabad,Sector E-11,House,400.0,Kanal,1 Kanal,7531,5,5,3.5,2,0,0,0,Gated Community; 24/7 Security,2,3.6,2.29,5.37,1.78,2026-10-01,92448000.0,183749.9954062501,0.0836777777684802,Modern (2-5y),Tier 2 - Premium,2.0,0.2374450908227472,0.999980000399992,10,0,1506.169876602468
PROP-15150,Karachi,DHA Defence Phase 7-9,House,5.0,Marla,5 Marla,1832,4,4,0.7,2,0,1,0,Gated Community; 24/7 Security; Backup Generator / Solar; Underground Utilities,4,0.43,1.59,3.72,1.02,2026-10-01,61106000.0,9289981.420037162,1.628444429969383,Brand New (0-1y),Tier 1 - Ultra Luxury,5.5,0.4100041000410004,0.9999750006249843,8,1,457.98855028624286
PROP-15742,Karachi,DHA Defence Phase 7-9,Penthouse,7.0,Marla,7 Marla,3719,5,5,8.9,1,0,0,0,Gated Community; 24/7 Security; Backup Generator / Solar; Elevator,4,0.44,0.93,4.16,2.96,2026-10-01,58547000.0,6785704.591850583,2.361269826277652,Established (6-15y),Tier 1 - Ultra Luxury,6.5,0.3318400530944085,0.999980000399992,10,0,743.7851242975141
PROP-13629,Islamabad,DHA Defence Phase 2,House,3.0,Marla,3 Marla,1087,2,2,0.9,2,1,1,1,Gated Community; 24/7 Security,2,0.65,0.93,2.22,0.68,2026-10-01,24416000.0,6599978.000073333,1.610370346513032,Brand New (0-1y),Tier 2 - Premium,2.0,0.4962779156327543,0.9999500024998748,4,3,543.472826358682
PROP-11364,Lahore,Johar Town,House,5.0,Marla,5 Marla,886,2,3,1.4,1,1,1,0,Gated Community; 24/7 Security; Backup Generator / Solar; Underground Utilities,4,0.97,0.97,2.61,2.26,2026-10-01,33800000.0,5629988.740022521,0.7875555485550618,Modern (2-5y),Tier 2 - Premium,5.5,0.37243947858473,0.6666444451851604,5,2,442.97785110744456
PROP-11982,Rawalpindi,Bahria Town,House,5.0,Marla,5 Marla,1948,4,5,4.6,2,0,0,1,24/7 Security,1,1.93,1.49,1.84,2.38,2026-10-01,25579000.0,4299991.4000172,1.7315555401639509,Modern (2-5y),Tier 2 - Premium,1.0,0.3354579000335458,0.7999840003199936,9,1,486.9878253043674
PROP-15453,Islamabad,Bahria Town Phase 1-8,House,5.0,Marla,5 Marla,1754,3,4,6.3,2,0,0,0,Gated Community; 24/7 Security; Backup Generator / Solar; Servant Quarter,4,1.82,5.08,2.86,1.02,2026-10-01,27520000.0,4369991.260017481,1.559111097252346,Established (6-15y),Tier 2 - Premium,5.0,0.3051571559353067,0.7499812504687383,7,0,584.6471784273857
PROP-11664,Karachi,North Nazimabad,House,7.0,Marla,7 Marla,1244,2,3,4.1,1,0,0,0,Gated Community; 24/7 Security; Underground Utilities,3,0.62,4.38,3.44,1.97,2026-10-01,32880000.0,3799994.571436327,0.7898412648264047,Modern (2-5y),Tier 2 - Premium,3.5,0.3171582619727244,0.6666444451851604,5,0,621.9689015549222
PROP-11530,Lahore,DHA Defence Phase 5-6,House,10.0,Marla,10 Marla,5720,6,6,0.9,3,0,0,0,Gated Community; 24/7 Security; Underground Utilities; Servant Quarter; Lawn / Garden; Central Heating / Cooling,6,0.76,3.69,5.13,1.31,2026-10-01,87828000.0,6949993.05000695,2.5422222109234567,Brand New (0-1y),Tier 1 - Ultra Luxury,7.0,0.3087849312953528,0.9999833336111064,12,0,953.3174447092548
PROP-12039,Lahore,DHA Defence Phase 7-9,House,7.0,Marla,7 Marla,2434,4,5,0.8,2,0,0,0,Gated Community; 24/7 Security; Underground Utilities,3,0.45,3.37,2.34,1.02,2026-10-01,29794000.0,3428566.530619242,1.545396815584782,Brand New (0-1y),Tier 2 - Premium,3.5,0.4103405826836274,0.7999840003199936,9,0,608.484787880303
PROP-15595,Karachi,Malir Cantt,House,3.0,Marla,3 Marla,1089,3,3,0.0,2,1,0,0,Gated Community; 24/7 Security; Underground Utilities,3,0.49,3.61,2.49,5.69,2026-10-01,18319000.0,5199982.666724444,1.6133333094320992,Brand New (0-1y),Tier 2 - Premium,3.5,0.2552322613578356,0.9999666677777408,6,1,362.9879004033199
PROP-13303,Lahore,Johar Town,House,7.0,Marla,7 Marla,1276,3,4,2.6,1,0,0,0,Gated Community; 24/7 Security; Underground Utilities,3,1.78,0.69,2.09,2.93,2026-10-01,29328000.0,3542852.081639884,0.8101587250148653,Modern (2-5y),Tier 2 - Premium,3.5,0.330742516950554,0.7499812504687383,7,0,425.31915602813234
PROP-12238,Islamabad,DHA Defence Phase 2,Flat,5.0,Marla,5 Marla,1514,3,3,9.4,1,1,0,1,Gated Community; 24/7 Security; Underground Utilities; Elevator,4,0.46,4.42,2.49,2.92,2026-10-01,23004000.0,3679992.64001472,1.3457777658153087,Established (6-15y),Tier 2 - Premium,6.0,0.3126954346466541,0.9999666677777408,6,2,504.64984500516647
PROP-15507,Islamabad,Sector E-11,Flat,2.5,Marla,2.5 Marla,740,1,1,3.0,1,1,0,0,Gated Community; Underground Utilities; Elevator,3,1.72,2.87,2.97,3.17,2026-10-01,11870000.0,3639985.44005824,1.3155555321679018,Modern (2-5y),Tier 2 - Premium,5.0,0.2795248078266946,0.999900009999,2,1,739.9260073992601
PROP-15499,Rawalpindi,Bahria Town,House,5.0,Marla,5 Marla,1729,2,2,0.0,2,0,0,0,Basic,0,0.58,2.58,0.61,1.35,2026-10-01,21937000.0,3719992.56001488,1.5368888752276544,Brand New (0-1y),Tier 2 - Premium,0.0,0.4723665564478035,0.9999500024998748,4,0,864.4567771611419
PROP-11307,Karachi,Bahria Town Karachi,House,5.0,Marla,5 Marla,897,2,2,0.0,1,1,0,0,Gated Community; Backup Generator / Solar; Lawn / Garden,3,3.08,3.89,4.24,3.5,2026-10-01,12801000.0,2209995.58000884,0.797333326245926,Brand New (0-1y),Tier 3 - Affordable/Suburban,4.0,0.2193222941111964,0.9999500024998748,4,1,448.4775761211939
PROP-14031,Karachi,Clifton,Flat,3.5,Marla,3.5 Marla,950,1,1,4.4,1,1,0,1,Gated Community; 24/7 Security; Elevator,3,1.21,6.08,2.96,1.21,2026-10-01,26237000.0,6171410.938825889,1.2063491910304864,Established (6-15y),Tier 1 - Ultra Luxury,4.5,0.303905181583346,0.999900009999,2,2,949.9050094990502
PROP-12676,Islamabad,DHA Defence Phase 2,Lower Portion,7.0,Marla,7 Marla,1126,2,2,0.7,1,0,0,0,Gated Community; 24/7 Security,2,0.59,1.89,3.66,1.95,2026-10-01,22806000.0,2535710.6632704814,0.7149206303814564,Brand New (0-1y),Tier 2 - Premium,2.0,0.3562522265764161,0.9999500024998748,4,0,562.9718514074295
PROP-15071,Faisalabad,Canal Road Villas,House,5.0,Marla,5 Marla,1898,3,3,7.6,2,0,0,0,Gated Community; Backup Generator / Solar,2,0.4,1.75,2.63,1.81,2026-10-01,22212000.0,3749992.500015,1.687111096114568,Established (6-15y),Tier 2 - Premium,3.0,0.4046125834513454,0.9999666677777408,6,0,632.6455784807173
PROP-15867,Islamabad,Sector F-6/F-7/E-7,House,7.0,Marla,7 Marla,2636,4,4,2.5,2,0,0,0,Gated Community; 24/7 Security; Backup Generator / Solar; Underground Utilities,4,1.04,0.59,2.37,3.08,2026-10-01,84928000.0,9514272.122468395,1.6736507830244396,Modern (2-5y),Tier 1 - Ultra Luxury,5.5,0.3508156463778284,0.9999750006249843,8,0,658.9835254118648
PROP-11283,Karachi,Gulshan-e-Iqbal,Upper Portion,10.0,Marla,10 Marla,1672,3,3,7.0,1,0,0,0,Gated Community; 24/7 Security; Backup Generator / Solar,3,0.39,3.18,1.39,0.67,2026-10-01,29224000.0,2414997.585002415,0.743111107808395,Established (6-15y),Tier 2 - Premium,4.0,0.4778972520908005,0.9999666677777408,6,0,557.3147561747942
PROP-10710,Karachi,Bahria Town Karachi,House,7.0,Marla,7 Marla,2412,5,4,10.1,2,0,1,0,Lawn / Garden,1,0.74,3.49,1.13,2.29,2026-10-01,21856000.0,2685710.448985073,1.5314285617052157,Established (6-15y),Tier 3 - Affordable/Suburban,1.0,0.3709886848451122,1.2499687507812305,9,1,482.3903521929562
PROP-15578,Karachi,Bahria Town Karachi,Flat,3.5,Marla,3.5 Marla,874,1,1,5.0,1,0,1,1,24/7 Security; Backup Generator / Solar; Elevator,3,2.01,2.51,7.25,1.69,2026-10-01,11487000.0,2685706.6122668223,1.1098412557480477,Established (6-15y),Tier 3 - Affordable/Suburban,5.5,0.2477086945751796,0.999900009999,2,2,873.9126087391261
PROP-15533,Karachi,Clifton,Flat,2.5,Marla,2.5 Marla,747,2,2,1.8,1,0,1,0,Gated Community; 24/7 Security; Underground Utilities; Elevator,4,1.11,1.53,5.64,1.24,2026-10-01,16421000.0,5339978.640085439,1.3279999763911117,Modern (2-5y),Tier 1 - Ultra Luxury,6.0,0.3207184092366902,0.9999500024998748,4,1,373.48132593370326
PROP-14747,Karachi,Gulshan-e-Iqbal,Flat,3.5,Marla,3.5 Marla,1078,2,3,0.0,1,0,0,0,24/7 Security; Backup Generator / Solar; Underground Utilities; Lawn / Garden,4,2.9,3.33,1.45,1.46,2026-10-01,14008000.0,3199990.8571689795,1.368888871506173,Brand New (0-1y),Tier 2 - Premium,5.5,0.3084040092521203,0.6666444451851604,5,0,538.9730513474326
PROP-14416,Islamabad,Sector F-8/F-10/F-11,Flat,2.5,Marla,2.5 Marla,653,2,2,0.0,1,1,0,0,Gated Community; 24/7 Security; Underground Utilities; Lawn / Garden; Elevator,5,2.01,3.48,3.49,3.86,2026-10-01,15883000.0,4839980.640077439,1.160888868250865,Brand New (0-1y),Tier 1 - Ultra Luxury,7.0,0.2450079627587896,0.9999500024998748,4,1,326.48367581620914
PROP-13750,Lahore,DHA Defence Phase 7-9,Upper Portion,5.0,Marla,5 Marla,917,1,1,3.6,1,0,0,0,Gated Community; 24/7 Security,2,4.66,5.42,1.83,1.73,2026-10-01,12951000.0,2179995.64000872,0.8151111038656791,Modern (2-5y),Tier 2 - Premium,2.0,0.231000231000231,0.999900009999,2,0,916.908309169083
PROP-15356,Karachi,DHA Defence Phase 7-9,Flat,3.5,Marla,3.5 Marla,883,2,3,1.7,1,0,0,0,24/7 Security; Underground Utilities; Servant Quarter; Central Heating / Cooling,4,0.42,4.3,5.77,0.44,2026-10-01,17677000.0,4314273.38779032,1.1212698270314942,Modern (2-5y),Tier 1 - Ultra Luxury,5.0,0.3248862897985705,0.6666444451851604,5,0,441.4779261036948
PROP-14782,Lahore,Bahria Town,House,7.0,Marla,7 Marla,3859,6,7,4.4,3,0,0,1,Gated Community; 24/7 Security; Servant Quarter; Lawn / Garden; Central Heating / Cooling,5,1.06,1.57,4.65,0.47,2026-10-01,48212000.0,5442849.367358047,2.450158714602167,Modern (2-5y),Tier 2 - Premium,5.5,0.3734827264239028,0.8571306124198226,13,1,643.1559474008767
PROP-10664,Karachi,PECHS,House,400.0,Kanal,1 Kanal,6965,6,6,0.0,2,0,0,0,Gated Community; 24/7 Security; Backup Generator / Solar; Servant Quarter; Lawn / Garden,5,1.52,2.67,4.22,1.47,2026-10-01,141544000.0,288124.9927968752,0.0773888888802901,Brand New (0-1y),Tier 2 - Premium,6.0,0.3108003108003108,0.9999833336111064,12,0,1160.8139864335594
PROP-11999,Karachi,DHA Defence Phase 7-9,House,10.0,Marla,10 Marla,3855,5,4,2.5,2,1,1,0,Gated Community; 24/7 Security; Underground Utilities; Lawn / Garden; Central Heating / Cooling,5,0.66,2.98,1.96,2.08,2026-10-01,99484000.0,8099991.9000081,1.7133333257185184,Modern (2-5y),Tier 1 - Ultra Luxury,6.0,0.3711952487008166,1.2499687507812305,9,2,770.9845803083939
PROP-13447,Islamabad,Sector F-8/F-10/F-11,House,7.0,Marla,7 Marla,2427,5,4,0.0,2,0,0,0,Gated Community; 24/7 Security; Underground Utilities,3,0.56,2.23,0.72,1.39,2026-10-01,71885000.0,7314275.26532105,1.5409523711685564,Brand New (0-1y),Tier 1 - Ultra Luxury,3.5,0.4781257470714798,1.2499687507812305,9,0,485.3902921941561
PROP-13745,Faisalabad,Madina Town,House,10.0,Marla,10 Marla,3432,5,5,4.9,2,0,0,0,Gated Community; 24/7 Security; Underground Utilities; Servant Quarter; Lawn / Garden,5,0.28,2.56,3.9,1.37,2026-10-01,51205000.0,4119995.88000412,1.525333326554074,Established (6-15y),Tier 2 - Premium,5.5,0.3741114852225963,0.999980000399992,10,0,686.3862722745546
PROP-15730,Lahore,DHA Defence Phase 5-6,House,5.0,Marla,5 Marla,972,2,2,0.0,1,0,0,0,Gated Community; 24/7 Security; Backup Generator / Solar; Underground Utilities; Servant Quarter; Lawn / Garden,6,0.22,2.27,5.44,1.47,2026-10-01,46402000.0,7189985.62002876,0.8639999923200001,Brand New (0-1y),Tier 1 - Ultra Luxury,7.5,0.3393857118615306,0.9999500024998748,4,0,485.9757012149392
PROP-11496,Lahore,Wapda Town,Flat,3.5,Marla,3.5 Marla,888,2,2,4.1,1,0,0,0,Gated Community; 24/7 Security; Elevator,3,0.64,1.83,1.07,0.67,2026-10-01,12512000.0,2785706.3265533526,1.1276190333000755,Modern (2-5y),Tier 2 - Premium,4.5,0.5226025607525477,0.9999500024998748,4,0,443.9778011099445
PROP-13305,Rawalpindi,Chaklala Scheme 3,House,400.0,Kanal,1 Kanal,7771,5,6,15.4,2,0,0,0,Gated Community; 24/7 Security; Underground Utilities; Servant Quarter; Lawn / Garden; Central Heating / Cooling,6,1.22,3.73,5.59,2.41,2026-10-01,92527000.0,193374.99516562512,0.0863444444348506,Vintage (16y+),Tier 2 - Premium,7.0,0.2612671456564337,0.8333194446759221,11,0,1554.1689166216677
PROP-13765,Lahore,Lake City,Flat,3.5,Marla,3.5 Marla,947,1,2,0.0,1,0,0,1,24/7 Security; Elevator,2,1.16,1.39,0.77,0.73,2026-10-01,11515000.0,2671420.938797317,1.2025396672693376,Brand New (0-1y),Tier 3 - Affordable/Suburban,3.5,0.5031446540880503,0.4999750012499374,3,1,946.9053094690532
PROP-15235,Lahore,DHA Defence Phase 7-9,House,400.0,Kanal,1 Kanal,3716,5,6,5.2,1,0,0,0,Gated Community; 24/7 Security; Servant Quarter; Lawn / Garden,4,1.26,0.91,0.69,6.07,2026-10-01,79583000.0,155999.9961000001,0.0412888888843012,Established (6-15y),Tier 2 - Premium,4.0,0.2827654460624912,0.8333194446759221,11,0,743.1851362972741
PROP-11854,Karachi,DHA Defence Phase 7-9,House,400.0,Kanal,1 Kanal,7533,6,7,0.0,2,0,1,0,Gated Community; 24/7 Security; Underground Utilities; Servant Quarter; Lawn / Garden; Central Heating / Cooling,6,1.76,1.74,3.14,0.51,2026-10-01,188469000.0,400249.9899937503,0.0836999999906999,Brand New (0-1y),Tier 1 - Ultra Luxury,7.0,0.3762227238525206,0.8571306124198226,13,1,1255.4790753487443
PROP-15619,Karachi,DHA Defence Phase 7-9,Flat,2.5,Marla,2.5 Marla,633,2,3,3.6,1,0,0,0,Gated Community; 24/7 Security; Underground Utilities; Elevator,4,1.81,1.22,1.81,3.15,2026-10-01,14441000.0,4819980.72007712,1.1253333133274075,Modern (2-5y),Tier 1 - Ultra Luxury,6.0,0.3201536737634064,0.6666444451851604,5,0,316.4841757912104
PROP-14662,Karachi,Gulshan-e-Iqbal,House,10.0,Marla,10 Marla,1916,3,3,14.5,1,0,0,0,Gated Community; 24/7 Security; Backup Generator / Solar; Underground Utilities; Lawn / Garden,5,0.66,4.66,5.77,0.45,2026-10-01,45404000.0,3819996.18000382,0.8515555517708642,Vintage (16y+),Tier 2 - Premium,6.5,0.3106554830692762,0.9999666677777408,6,0,638.6453784873837
PROP-11292,Rawalpindi,Bahria Town,Flat,3.5,Marla,3.5 Marla,985,2,2,1.5,1,0,0,0,24/7 Security; Underground Utilities; Elevator,3,0.54,1.14,3.32,1.67,2026-10-01,11156000.0,2714277.959205831,1.250793634910557,Modern (2-5y),Tier 2 - Premium,5.0,0.396039603960396,0.9999500024998748,4,0,492.4753762311884
PROP-13583,Lahore,Bahria Town,House,5.0,Marla,5 Marla,888,2,3,2.2,1,0,0,0,Gated Community; 24/7 Security; Backup Generator / Solar; Underground Utilities; Servant Quarter,5,0.76,1.37,7.16,0.3,2026-10-01,23497000.0,3509992.98001404,0.7893333263170371,Modern (2-5y),Tier 2 - Premium,6.5,0.3340571237681644,0.6666444451851604,5,0,443.9778011099445
PROP-13459,Rawalpindi,Chaklala Scheme 3,Flat,2.5,Marla,2.5 Marla,778,1,1,0.8,1,1,1,0,Gated Community; 24/7 Security; Backup Generator / Solar; Elevator,4,0.29,1.72,3.4,2.51,2026-10-01,13634000.0,4959980.16007936,1.3831110865224696,Brand New (0-1y),Tier 2 - Premium,6.5,0.3581020590868397,0.999900009999,2,2,777.922207779222
PROP-11637,Lahore,Gulberg,Flat,3.5,Marla,3.5 Marla,988,1,1,2.4,1,0,0,0,Gated Community; 24/7 Security; Backup Generator / Solar; Underground Utilities; Central Heating / Cooling; Elevator,6,6.63,4.79,6.26,1.02,2026-10-01,19913000.0,4471415.795954868,1.254603158671706,Modern (2-5y),Tier 1 - Ultra Luxury,9.5,0.1786671431123816,0.999900009999,2,0,987.901209879012
PROP-13698,Lahore,DHA Defence Phase 7-9,House,3.0,Marla,3 Marla,1041,2,2,2.7,2,0,0,1,Gated Community; 24/7 Security; Backup Generator / Solar,3,0.47,0.83,2.23,1.66,2026-10-01,16559000.0,4683317.722274259,1.542222199374486,Modern (2-5y),Tier 2 - Premium,4.0,0.4478280340349306,0.9999500024998748,4,1,520.4739763011848
PROP-13000,Karachi,North Nazimabad,House,5.0,Marla,5 Marla,878,2,2,0.0,1,1,0,1,Gated Community; 24/7 Security; Backup Generator / Solar,3,1.65,3.19,3.58,1.68,2026-10-01,26339000.0,4429991.14001772,0.7804444375071605,Brand New (0-1y),Tier 2 - Premium,4.0,0.3052503052503053,0.9999500024998748,4,2,438.9780510974451
PROP-13153,Karachi,Scheme 33,House,10.0,Marla,10 Marla,3933,5,5,0.0,2,0,0,0,Servant Quarter; Lawn / Garden,2,1.35,6.98,2.26,1.34,2026-10-01,37277000.0,2979997.0200029803,1.747999992231111,Brand New (0-1y),Tier 3 - Affordable/Suburban,2.0,0.296428042092782,0.999980000399992,10,0,786.5842683146337
PROP-10699,Lahore,Model Town,Flat,7.5,Marla,7.5 Marla,2245,4,4,1.6,1,1,0,1,Gated Community; Underground Utilities; Servant Quarter; Central Heating / Cooling; Elevator,5,2.06,4.41,9.42,1.03,2026-10-01,46639000.0,4986660.017786644,1.3303703624866945,Modern (2-5y),Tier 1 - Ultra Luxury,7.5,0.2185553491421702,0.9999750006249843,8,2,561.2359691007725
PROP-12161,Lahore,Gulberg,Flat,2.5,Marla,2.5 Marla,738,1,1,6.4,1,1,0,0,Gated Community; 24/7 Security; Underground Utilities; Central Heating / Cooling; Elevator,5,1.59,2.08,2.66,2.97,2026-10-01,15606000.0,5199979.2000832,1.311999976675556,Established (6-15y),Tier 1 - Ultra Luxury,7.5,0.3038128512836093,0.999900009999,2,1,737.9262073792621
PROP-14099,Faisalabad,Canal Road Villas,House,5.0,Marla,5 Marla,1854,5,5,8.2,2,0,0,0,Gated Community; 24/7 Security; Underground Utilities; Servant Quarter,4,1.03,2.25,2.78,0.78,2026-10-01,23947000.0,4019991.96001608,1.6479999853511114,Established (6-15y),Tier 2 - Premium,4.5,0.4019292604501607,0.999980000399992,10,0,370.7925841483171
PROP-14740,Karachi,PECHS,House,3.0,Marla,3 Marla,1144,2,1,7.6,2,0,0,0,Gated Community; 24/7 Security,2,1.69,2.37,2.69,5.26,2026-10-01,17348000.0,4683317.722274259,1.6948147897064476,Established (6-15y),Tier 2 - Premium,2.0,0.2461235540241201,1.999800019998,3,0,571.9714014299284
PROP-16366,Islamabad,Sector G-11/G-13,House,10.0,Marla,10 Marla,3517,4,4,3.4,2,0,0,0,Gated Community; 24/7 Security; Underground Utilities; Servant Quarter; Lawn / Garden,5,2.24,2.55,1.29,1.32,2026-10-01,58020000.0,4684995.315004685,1.5631111041639505,Modern (2-5y),Tier 2 - Premium,5.5,0.3545470661230278,0.9999750006249843,8,0,879.2280192995175
PROP-15688,Lahore,Bahria Town,House,400.0,Kanal,1 Kanal,7467,5,6,0.7,2,0,0,0,Gated Community; 24/7 Security; Underground Utilities; Servant Quarter,4,1.71,3.56,2.29,1.75,2026-10-01,100447000.0,200374.99499062516,0.0829666666574481,Brand New (0-1y),Tier 2 - Premium,4.5,0.3209757663296421,0.8333194446759221,11,0,1493.3701325973482
PROP-10855,Islamabad,Sector G-11/G-13,Flat,3.5,Marla,3.5 Marla,876,2,2,9.6,1,0,0,0,Gated Community; 24/7 Security; Underground Utilities; Servant Quarter; Central Heating / Cooling; Elevator,6,1.18,1.18,3.06,2.03,2026-10-01,15820000.0,3557132.693906589,1.11238093825548,Established (6-15y),Tier 2 - Premium,8.5,0.3557452863749555,0.9999500024998748,4,0,437.9781010949452
PROP-15858,Karachi,DHA Defence Phase 7-9,House,5.0,Marla,5 Marla,2961,4,4,25.0,3,0,0,0,Gated Community; 24/7 Security; Backup Generator / Solar; Servant Quarter,4,0.88,1.73,1.65,0.82,2026-10-01,44857000.0,7589984.82003036,2.631999976604445,Vintage (16y+),Tier 1 - Ultra Luxury,5.0,0.4665267086540705,0.9999750006249843,8,0,740.2314942126447
PROP-13476,Lahore,Johar Town,Upper Portion,5.0,Marla,5 Marla,918,1,1,5.2,1,0,0,0,24/7 Security; Backup Generator / Solar,2,0.55,2.01,2.29,2.35,2026-10-01,15982000.0,2399995.2000096003,0.8159999927466668,Established (6-15y),Tier 2 - Premium,3.0,0.3763643206624012,0.999900009999,2,0,917.908209179082
PROP-15760,Islamabad,Bahria Town Phase 1-8,Flat,5.0,Marla,5 Marla,1365,3,3,1.4,1,0,1,0,Gated Community; 24/7 Security; Backup Generator / Solar; Elevator,4,0.53,5.54,5.12,0.82,2026-10-01,20140000.0,3109993.7800124404,1.2133333225481482,Modern (2-5y),Tier 2 - Premium,6.5,0.3042750646584512,0.9999666677777408,6,1,454.984833838872
PROP-15252,Karachi,Clifton,Flat,5.0,Marla,5 Marla,1381,2,2,4.5,1,1,0,0,Gated Community; Central Heating / Cooling; Elevator,3,0.74,1.52,1.3,0.2,2026-10-01,42237000.0,7491485.017029965,1.2275555446439508,Established (6-15y),Tier 1 - Ultra Luxury,5.0,0.5534034311012729,0.9999500024998748,4,1,690.4654767261636
PROP-15175,Karachi,Gulshan-e-Iqbal,Upper Portion,400.0,Kanal,1 Kanal,3365,5,4,2.7,1,0,0,0,Gated Community; 24/7 Security; Backup Generator / Solar,3,1.64,1.06,1.55,3.09,2026-10-01,47392000.0,97499.99756250008,0.0373888888847345,Modern (2-5y),Tier 2 - Premium,4.0,0.3367003367003367,1.2499687507812305,9,0,672.9865402691946
PROP-11708,Karachi,Bahria Town Karachi,Flat,2.5,Marla,2.5 Marla,670,2,2,0.0,1,0,0,0,Gated Community; 24/7 Security; Backup Generator / Solar; Lawn / Garden; Elevator,5,0.73,2.41,4.47,1.5,2026-10-01,9689000.0,3279986.88005248,1.1911110899358028,Brand New (0-1y),Tier 3 - Affordable/Suburban,7.5,0.3377237419790611,0.9999500024998748,4,0,334.9832508374581
PROP-12778,Islamabad,Sector G-11/G-13,House,400.0,Kanal,1 Kanal,7492,5,5,10.9,2,0,1,0,24/7 Security; Lawn / Garden,2,1.08,2.41,2.44,2.2,2026-10-01,140012000.0,268374.9932906252,0.083244444435195,Established (6-15y),Tier 2 - Premium,2.0,0.3463203463203463,0.999980000399992,10,1,1498.3700325993482
PROP-15794,Lahore,Bahria Town,Flat,5.0,Marla,5 Marla,1337,3,3,5.4,1,1,1,0,Gated Community; 24/7 Security; Underground Utilities; Elevator,4,0.29,2.6,2.88,1.31,2026-10-01,16848000.0,2779994.4400111204,1.188444433880494,Established (6-15y),Tier 2 - Premium,6.0,0.406421459053038,0.9999666677777408,6,2,445.65181160627975
PROP-11734,Karachi,Clifton,House,3.0,Marla,3 Marla,1030,2,2,0.9,2,0,0,0,Gated Community; 24/7 Security; Backup Generator / Solar; Servant Quarter; Swimming Pool; Central Heating / Cooling,6,0.23,1.71,4.94,1.08,2026-10-01,36759000.0,10183299.389002036,1.5259259033196162,Brand New (0-1y),Tier 1 - Ultra Luxury,9.5,0.3775009437523594,0.9999500024998748,4,0,514.9742512874355
PROP-15538,Lahore,Gulberg,House,10.0,Marla,10 Marla,1786,3,3,0.0,1,0,0,0,Gated Community; 24/7 Security; Backup Generator / Solar; Underground Utilities; Servant Quarter; Lawn / Garden,6,1.39,0.72,7.74,2.42,2026-10-01,70334000.0,5559994.44000556,0.7937777742498765,Brand New (0-1y),Tier 1 - Ultra Luxury,7.5,0.2584981258885873,0.9999666677777408,6,0,595.3134895503483
PROP-16393,Rawalpindi,Adiala Road,House,400.0,Kanal,1 Kanal,7560,5,5,3.3,2,1,0,1,Gated Community; Backup Generator / Solar; Servant Quarter; Lawn / Garden,4,0.85,0.43,1.58,1.27,2026-10-01,63173000.0,131124.9967218751,0.0839999999906666,Modern (2-5y),Tier 3 - Affordable/Suburban,5.0,0.4856726566294317,0.999980000399992,10,2,1511.969760604788
PROP-14934,Karachi,Malir Cantt,Flat,3.5,Marla,3.5 Marla,1056,3,3,0.8,1,0,0,0,Gated Community; 24/7 Security; Underground Utilities; Elevator,4,2.53,5.12,3.49,3.94,2026-10-01,12415000.0,3057134.122473936,1.3409523639244143,Brand New (0-1y),Tier 2 - Premium,6.0,0.2205801257306716,0.9999666677777408,6,0,351.98826705776474
PROP-13512,Karachi,DHA Defence Phase 7-9,Flat,3.5,Marla,3.5 Marla,1032,3,3,0.0,1,0,1,1,Gated Community; 24/7 Security; Underground Utilities; Central Heating / Cooling; Elevator,5,2.1,1.11,1.68,1.55,2026-10-01,24130000.0,5771412.081679766,1.3104761738352233,Brand New (0-1y),Tier 1 - Ultra Luxury,7.5,0.3700277520814061,0.9999666677777408,6,2,343.9885337155428
PROP-10203,Lahore,Askari,Lower Portion,5.0,Marla,5 Marla,831,1,1,0.0,1,0,0,0,Gated Community; 24/7 Security; Servant Quarter; Lawn / Garden; Central Heating / Cooling,5,1.09,2.62,2.3,1.76,2026-10-01,14823000.0,2419995.1600096803,0.7386666601007408,Brand New (0-1y),Tier 2 - Premium,5.5,0.3619909502262443,0.999900009999,2,0,830.9169083091691
PROP-13256,Rawalpindi,Bahria Town,House,10.0,Marla,10 Marla,3899,5,4,6.2,2,1,1,0,Gated Community; 24/7 Security; Servant Quarter; Lawn / Garden,4,1.56,2.34,0.6,1.89,2026-10-01,49684000.0,4334995.665004335,1.7328888811871603,Established (6-15y),Tier 2 - Premium,4.0,0.3869969040247678,1.2499687507812305,9,2,779.7844043119138
PROP-14220,Lahore,Wapda Town,House,5.0,Marla,5 Marla,1728,2,2,11.2,2,0,1,0,24/7 Security; Lawn / Garden; Central Heating / Cooling,3,0.56,0.84,10.61,1.06,2026-10-01,26131000.0,3969992.06001588,1.535999986346667,Established (6-15y),Tier 2 - Premium,3.5,0.2658160552897395,0.9999500024998748,4,1,863.9568021598919
PROP-14499,Lahore,Bahria Town,Flat,2.5,Marla,2.5 Marla,763,1,1,1.9,1,0,0,0,Gated Community; 24/7 Security; Backup Generator / Solar; Elevator,4,3.02,2.75,2.07,2.22,2026-10-01,10970000.0,3479986.08005568,1.356444420329877,Modern (2-5y),Tier 2 - Premium,6.5,0.2817298211015636,0.999900009999,2,0,762.9237076292371
PROP-10767,Rawalpindi,Bahria Town,House,400.0,Kanal,1 Kanal,7282,5,6,1.8,2,0,0,1,Gated Community; 24/7 Security; Servant Quarter; Lawn / Garden,4,2.35,2.78,4.28,3.15,2026-10-01,93865000.0,208999.99477500012,0.0809111111021209,Modern (2-5y),Tier 2 - Premium,4.0,0.2474941220146021,0.8333194446759221,11,1,1456.3708725825484
PROP-14392,Karachi,Clifton,House,5.0,Marla,5 Marla,941,2,3,12.5,1,1,0,0,Gated Community; 24/7 Security; Underground Utilities; Central Heating / Cooling,4,1.34,3.91,8.73,0.26,2026-10-01,46344000.0,7449985.1000298,0.8364444370093828,Established (6-15y),Tier 1 - Ultra Luxury,5.0,0.2577651759247326,0.6666444451851604,5,1,470.4764761761911
PROP-12328,Karachi,Scheme 33,House,400.0,Kanal,1 Kanal,6776,7,7,7.2,2,1,0,0,Gated Community; 24/7 Security; Servant Quarter; Lawn / Garden,4,1.54,1.8,4.23,3.19,2026-10-01,67499000.0,130624.99673437508,0.0752888888805234,Established (6-15y),Tier 3 - Affordable/Suburban,4.0,0.2768549280177187,0.999985714489793,14,1,967.9861716261196
PROP-12932,Karachi,PECHS,Flat,7.5,Marla,7.5 Marla,2358,4,3,1.7,1,0,0,1,Gated Community; 24/7 Security; Underground Utilities; Elevator,4,1.01,1.89,1.52,0.67,2026-10-01,34963000.0,3733328.355562193,1.3973333250528397,Modern (2-5y),Tier 2 - Premium,6.0,0.4668534080298786,1.3332888903703208,7,1,589.4852628684283
PROP-10198,Rawalpindi,Bahria Town,Upper Portion,5.0,Marla,5 Marla,907,1,1,2.3,1,0,1,0,Gated Community; 24/7 Security; Backup Generator / Solar; Underground Utilities,4,1.1,1.27,2.8,0.81,2026-10-01,14968000.0,2689994.62001076,0.8062222150558026,Modern (2-5y),Tier 2 - Premium,5.5,0.4204330460374185,0.999900009999,2,1,906.9093090690932
PROP-11931,Islamabad,DHA Defence Phase 2,House,5.0,Marla,5 Marla,1873,3,3,4.6,2,1,1,1,Gated Community; 24/7 Security; Backup Generator / Solar; Underground Utilities,4,1.01,8.77,5.14,0.57,2026-10-01,42142000.0,6749986.500027001,1.6648888740898766,Modern (2-5y),Tier 2 - Premium,5.5,0.2585315408479834,0.9999666677777408,6,3,624.3125229159027
PROP-13584,Faisalabad,Canal Road Villas,House,5.0,Marla,5 Marla,1745,2,2,2.6,2,0,0,0,Gated Community; 24/7 Security; Backup Generator / Solar,3,1.46,3.75,2.57,0.96,2026-10-01,27320000.0,4299991.4000172,1.551111097323457,Modern (2-5y),Tier 2 - Premium,4.0,0.3477656059815684,0.9999500024998748,4,0,872.4563771811409
PROP-16290,Karachi,North Nazimabad,Lower Portion,10.0,Marla,10 Marla,1774,3,4,16.8,1,0,0,0,Gated Community; Servant Quarter,2,0.97,0.77,3.62,0.65,2026-10-01,22357000.0,1894998.105001895,0.7884444409402469,Vintage (16y+),Tier 2 - Premium,2.0,0.4212299915754001,0.7499812504687383,7,0,591.3136228792373
PROP-10609,Karachi,PECHS,Flat,5.0,Marla,5 Marla,1337,3,3,0.7,1,1,0,0,Gated Community; 24/7 Security; Backup Generator / Solar; Lawn / Garden; Central Heating / Cooling; Elevator,6,0.31,1.58,2.22,2.31,2026-10-01,25733000.0,4199991.600016801,1.188444433880494,Brand New (0-1y),Tier 2 - Premium,9.0,0.4028197381671702,0.9999666677777408,6,1,445.65181160627975
PROP-13273,Faisalabad,Madina Town,Lower Portion,7.0,Marla,7 Marla,1288,2,2,0.8,1,0,0,0,Gated Community; 24/7 Security; Backup Generator / Solar; Underground Utilities,4,1.09,0.28,4.97,0.78,2026-10-01,17514000.0,1999997.1428612245,0.817777772585538,Brand New (0-1y),Tier 2 - Premium,5.5,0.3771450122572129,0.9999500024998748,4,0,643.9678016099194
PROP-11148,Rawalpindi,Chaklala Scheme 3,Flat,5.0,Marla,5 Marla,1520,3,3,0.8,1,1,0,0,Gated Community; 24/7 Security; Elevator,3,2.25,0.93,2.53,1.54,2026-10-01,18681000.0,3289993.4200131604,1.3511110991012347,Brand New (0-1y),Tier 2 - Premium,4.5,0.3454231433506045,0.9999666677777408,6,1,506.6497783407219
PROP-14285,Lahore,Model Town,House,7.0,Marla,7 Marla,4146,5,5,9.2,3,0,0,0,Gated Community; 24/7 Security; Underground Utilities; Servant Quarter,4,0.34,3.99,2.89,3.24,2026-10-01,66321000.0,7628560.530627814,2.6323809356674226,Established (6-15y),Tier 1 - Ultra Luxury,4.5,0.306044376434583,0.999980000399992,10,0,829.1834163316734
PROP-13399,Islamabad,Sector F-8/F-10/F-11,Flat,5.0,Marla,5 Marla,1411,3,3,0.8,1,0,0,1,24/7 Security; Backup Generator / Solar; Underground Utilities,3,2.05,1.14,3.37,0.75,2026-10-01,28122000.0,4959990.08001984,1.2542222110735803,Brand New (0-1y),Tier 1 - Ultra Luxury,4.5,0.3587443946188341,0.9999666677777408,6,1,470.3176560781307
PROP-12512,Lahore,Lake City,House,10.0,Marla,10 Marla,3447,5,5,5.6,2,0,0,0,Servant Quarter; Lawn / Garden,2,1.16,4.07,3.86,1.41,2026-10-01,33673000.0,2799997.2000028,1.531999993191111,Established (6-15y),Tier 3 - Affordable/Suburban,2.0,0.3113809746224505,0.999980000399992,10,0,689.3862122757545
PROP-11795,Islamabad,Sector F-6/F-7/E-7,House,5.0,Marla,5 Marla,1862,5,6,20.8,2,0,0,0,24/7 Security; Underground Utilities,2,1.65,6.13,8.73,3.67,2026-10-01,47689000.0,7579984.840030321,1.6551110963990123,Vintage (16y+),Tier 1 - Ultra Luxury,2.5,0.187125748502994,0.8333194446759221,11,0,372.39255214895707
PROP-10660,Lahore,Lake City,House,400.0,Kanal,1 Kanal,6871,7,7,0.0,2,1,0,0,Servant Quarter; Lawn / Garden; Central Heating / Cooling,3,1.24,1.58,2.8,1.58,2026-10-01,81694000.0,171124.9957218751,0.0763444444359617,Brand New (0-1y),Tier 3 - Affordable/Suburban,3.5,0.3696857670979667,0.999985714489793,14,1,981.5574063227668
PROP-12812,Islamabad,Sector F-6/F-7/E-7,Flat,7.5,Marla,7.5 Marla,1886,4,4,1.6,1,0,0,0,Gated Community; 24/7 Security; Backup Generator / Solar; Underground Utilities; Lawn / Garden; Central Heating / Cooling; Elevator,7,0.13,1.32,4.74,0.3,2026-10-01,50070000.0,4994326.6742311,1.1176296230066394,Modern (2-5y),Tier 1 - Ultra Luxury,10.5,0.4383081306158228,0.9999750006249843,8,0,471.4882127946802
PROP-16054,Karachi,Gulshan-e-Iqbal,Flat,5.0,Marla,5 Marla,1493,3,3,2.1,1,1,0,0,Gated Community; 24/7 Security; Servant Quarter; Central Heating / Cooling; Elevator,5,1.26,2.11,1.77,1.63,2026-10-01,19282000.0,3349993.3000134,1.327111099314568,Modern (2-5y),Tier 2 - Premium,7.0,0.38454143433955,0.9999666677777408,6,1,497.6500783307223
PROP-11370,Lahore,DHA Defence Phase 5-6,Flat,3.5,Marla,3.5 Marla,886,1,1,0.0,1,1,1,0,Gated Community; 24/7 Security; Backup Generator / Solar; Underground Utilities; Central Heating / Cooling; Elevator,6,2.35,3.37,1.65,1.1,2026-10-01,22873000.0,5328556.204125131,1.125079350792643,Brand New (0-1y),Tier 1 - Ultra Luxury,9.5,0.3346720214190093,0.999900009999,2,2,885.9114088591141
PROP-11987,Karachi,PECHS,Flat,2.5,Marla,2.5 Marla,742,2,2,7.4,1,1,0,0,Gated Community; 24/7 Security; Backup Generator / Solar; Lawn / Garden; Elevator,5,0.4,2.96,1.29,1.13,2026-10-01,13707000.0,4519981.92007232,1.3191110876602474,Established (6-15y),Tier 2 - Premium,7.5,0.4585052728106373,0.9999500024998748,4,1,370.9814509274536
PROP-15633,Karachi,Scheme 33,House,5.0,Marla,5 Marla,1695,2,2,0.0,2,1,0,0,Gated Community; 24/7 Security; Servant Quarter,3,0.63,4.33,1.38,1.36,2026-10-01,18594000.0,2939994.1200117604,1.5066666532740742,Brand New (0-1y),Tier 3 - Affordable/Suburban,3.0,0.3915426781519185,0.9999500024998748,4,1,847.4576271186439
PROP-10147,Lahore,DHA Defence Phase 7-9,House,10.0,Marla,10 Marla,3512,5,6,0.0,2,0,0,0,Gated Community; 24/7 Security; Servant Quarter; Lawn / Garden,4,2.19,1.41,2.97,0.33,2026-10-01,67710000.0,5709994.29000571,1.560888881951605,Brand New (0-1y),Tier 2 - Premium,4.0,0.3743916136278547,0.8333194446759221,11,0,702.3859522809544
PROP-13220,Faisalabad,D Ground / Peoples Colony,House,5.0,Marla,5 Marla,1710,3,3,0.8,2,0,0,0,Gated Community; 24/7 Security; Backup Generator / Solar; Underground Utilities; Servant Quarter; Central Heating / Cooling,6,1.43,1.51,2.61,2.36,2026-10-01,34260000.0,5409989.18002164,1.5199999864888891,Brand New (0-1y),Tier 1 - Ultra Luxury,8.0,0.3381805884342239,0.9999666677777408,6,0,569.9810006333122
PROP-12912,Lahore,DHA Defence Phase 7-9,House,7.0,Marla,7 Marla,2738,4,5,16.7,2,0,0,0,Gated Community; 24/7 Security; Underground Utilities; Central Heating / Cooling,4,2.54,1.14,0.74,4.34,2026-10-01,30934000.0,3549994.928578674,1.7384126873751575,Vintage (16y+),Tier 2 - Premium,5.0,0.2849002849002849,0.7999840003199936,9,0,684.4828879278018
PROP-11735,Islamabad,Sector F-6/F-7/E-7,Flat,2.5,Marla,2.5 Marla,661,1,1,8.9,1,0,0,0,Gated Community; 24/7 Security; Backup Generator / Solar; Underground Utilities; Elevator,5,0.43,3.24,1.02,0.65,2026-10-01,17499000.0,5699977.2000912,1.1751110902202473,Established (6-15y),Tier 1 - Ultra Luxury,8.0,0.4912797838368951,0.999900009999,2,0,660.933906609339
PROP-11844,Faisalabad,Madina Town,House,5.0,Marla,5 Marla,947,1,1,3.6,1,0,1,0,Gated Community; 24/7 Security,2,0.77,0.68,1.96,1.21,2026-10-01,21240000.0,3429993.1400137204,0.8417777702953088,Modern (2-5y),Tier 2 - Premium,2.0,0.4702562896778744,0.999900009999,2,1,946.9053094690532
PROP-10489,Rawalpindi,Saddar Cantt,House,5.0,Marla,5 Marla,1948,3,2,1.4,2,0,0,0,Gated Community; 24/7 Security; Underground Utilities,3,0.33,1.37,3.54,1.8,2026-10-01,32182000.0,5459989.0800218405,1.7315555401639509,Modern (2-5y),Tier 1 - Ultra Luxury,3.5,0.3892565200467108,1.4999250037498124,5,0,649.3116896103463
PROP-12977,Lahore,Askari,House,400.0,Kanal,1 Kanal,7887,5,5,2.8,2,0,0,0,Gated Community; 24/7 Security; Underground Utilities; Servant Quarter,4,4.09,0.67,2.63,3.81,2026-10-01,88871000.0,182124.99544687517,0.0876333333235963,Modern (2-5y),Tier 2 - Premium,4.5,0.2380385622470841,0.999980000399992,10,0,1577.3684526309476
PROP-11960,Lahore,DHA Defence Phase 5-6,House,5.0,Marla,5 Marla,1835,5,4,0.0,2,0,0,0,Gated Community; 24/7 Security; Underground Utilities,3,0.48,1.63,1.59,3.74,2026-10-01,40660000.0,6519986.960026081,1.631111096612346,Brand New (0-1y),Tier 1 - Ultra Luxury,3.5,0.35056967572305,1.2499687507812305,9,0,366.9926601467971
PROP-15762,Lahore,Askari,House,3.0,Marla,3 Marla,1147,2,3,3.9,2,0,0,0,Gated Community; 24/7 Security; Central Heating / Cooling,3,1.47,4.36,1.83,2.39,2026-10-01,17877000.0,4849983.833387222,1.6992592340850483,Modern (2-5y),Tier 2 - Premium,3.5,0.3075503613716746,0.6666444451851604,5,0,573.4713264336782
PROP-12386,Lahore,DHA Defence Phase 5-6,House,400.0,Kanal,1 Kanal,7871,5,6,3.6,2,0,0,0,Gated Community; 24/7 Security; Backup Generator / Solar; Servant Quarter; Lawn / Garden,5,0.96,2.82,6.16,1.8,2026-10-01,149134000.0,298499.9925375002,0.0874555555458382,Modern (2-5y),Tier 1 - Ultra Luxury,6.0,0.2832058906825261,0.8333194446759221,11,0,1574.1685166296677
PROP-12920,Lahore,DHA Defence Phase 7-9,Farmhouse,1600.0,Kanal,4 Kanal,7727,6,6,0.0,1,0,0,0,Gated Community; 24/7 Security; Underground Utilities; Servant Quarter; Lawn / Garden,5,2.8,1.79,8.81,2.91,2026-10-01,298973000.0,146968.74908144533,0.0214638888882926,Brand New (0-1y),Tier 2 - Premium,5.5,0.2047711682195147,0.9999833336111064,12,0,1287.81186980217
PROP-14739,Rawalpindi,Satellite Town,Lower Portion,10.0,Marla,10 Marla,1740,3,3,11.9,1,0,0,0,Gated Community; 24/7 Security; Lawn / Garden,3,0.78,2.05,3.79,0.97,2026-10-01,24149000.0,1959998.04000196,0.7733333298962962,Established (6-15y),Tier 2 - Premium,3.0,0.3803004373455029,0.9999666677777408,6,0,579.9806673110896
PROP-11803,Karachi,PECHS,Flat,3.5,Marla,3.5 Marla,1026,3,3,1.5,1,0,1,0,Gated Community; 24/7 Security; Backup Generator / Solar; Elevator,4,3.41,1.81,2.05,3.73,2026-10-01,15702000.0,3871417.510235685,1.3028571263129254,Modern (2-5y),Tier 2 - Premium,6.5,0.2503755633450175,0.9999666677777408,6,1,341.9886003799873
PROP-16068,Islamabad,DHA Defence Phase 2,House,5.0,Marla,5 Marla,1816,4,4,1.8,2,0,0,1,Underground Utilities,1,0.7,1.58,0.94,1.97,2026-10-01,34074000.0,5019989.96002008,1.6142222078735804,Modern (2-5y),Tier 2 - Premium,1.5,0.442282176028306,0.9999750006249843,8,1,453.9886502837429
PROP-16297,Karachi,PECHS,House,5.0,Marla,5 Marla,1863,5,6,4.2,2,0,1,0,Gated Community; 24/7 Security; Underground Utilities,3,0.9,2.04,3.2,0.4,2026-10-01,31484000.0,5569988.86002228,1.6559999852800005,Modern (2-5y),Tier 2 - Premium,3.5,0.4199916001679966,0.8333194446759221,11,1,372.592548149037
PROP-15537,Rawalpindi,Satellite Town,House,5.0,Marla,5 Marla,857,1,1,1.4,1,0,0,0,Gated Community; 24/7 Security; Backup Generator / Solar; Underground Utilities; Central Heating / Cooling,5,2.31,2.75,1.55,5.99,2026-10-01,24648000.0,4229991.54001692,0.7617777710064199,Modern (2-5y),Tier 2 - Premium,7.0,0.2310536044362292,0.999900009999,2,0,856.9143085691431
PROP-14063,Karachi,North Nazimabad,House,10.0,Marla,10 Marla,1703,3,3,0.0,1,0,0,0,24/7 Security; Underground Utilities; Lawn / Garden,3,4.63,2.29,2.89,0.31,2026-10-01,37302000.0,3029996.9700030303,0.7568888855249383,Brand New (0-1y),Tier 2 - Premium,3.5,0.2751031636863824,0.9999666677777408,6,0,567.6477450751642
PROP-13371,Karachi,North Nazimabad,Penthouse,10.0,Marla,10 Marla,3963,5,5,0.0,2,0,0,0,Gated Community; 24/7 Security; Elevator,3,1.01,4.14,1.85,1.82,2026-10-01,45954000.0,3769996.23000377,1.761333325505185,Brand New (0-1y),Tier 2 - Premium,4.5,0.3459609064175748,0.999980000399992,10,0,792.5841483170337
PROP-15733,Lahore,DHA Defence Phase 7-9,Flat,3.5,Marla,3.5 Marla,1094,3,2,22.1,1,1,0,0,Gated Community; 24/7 Security; Underground Utilities; Servant Quarter; Lawn / Garden; Elevator,6,0.43,6.56,5.77,2.03,2026-10-01,14506000.0,3399990.2857420407,1.389206331565634,Vintage (16y+),Tier 2 - Premium,8.0,0.2565747273893521,1.4999250037498124,5,1,364.6545115162828
PROP-10263,Faisalabad,Madina Town,House,5.0,Marla,5 Marla,1811,4,4,14.7,2,1,0,1,Gated Community; Backup Generator / Solar; Underground Utilities,3,2.85,1.87,2.48,0.56,2026-10-01,21689000.0,3579992.8400143203,1.609777763468642,Vintage (16y+),Tier 2 - Premium,4.5,0.3399048266485384,0.9999750006249843,8,2,452.7386815329617
PROP-15886,Faisalabad,Canal Road Villas,House,5.0,Marla,5 Marla,1914,4,4,0.0,2,0,0,0,Gated Community; 24/7 Security,2,2.43,3.67,4.16,0.87,2026-10-01,22745000.0,3789992.420015161,1.7013333182103705,Brand New (0-1y),Tier 2 - Premium,2.0,0.2862049227246709,0.9999750006249843,8,0,478.4880377990551
PROP-16290,Karachi,North Nazimabad,Lower Portion,10.0,Marla,10 Marla,1774,3,4,15.5,1,0,0,0,Gated Community; Servant Quarter,2,0.97,0.77,3.62,0.65,2026-10-01,22446000.0,1894998.105001895,0.7884444409402469,Vintage (16y+),Tier 2 - Premium,2.0,0.4212299915754001,0.7499812504687383,7,0,591.3136228792373
PROP-16492,Lahore,Bahria Town,Upper Portion,5.0,Marla,5 Marla,810,1,2,1.5,1,0,0,0,Gated Community; 24/7 Security; Backup Generator / Solar,3,1.83,1.76,4.29,1.83,2026-10-01,14837000.0,2319995.36000928,0.7199999936000001,Modern (2-5y),Tier 2 - Premium,4.0,0.3019779556092404,0.4999750012499374,3,0,809.9190080991901
PROP-10624,Lahore,Gulberg,Upper Portion,5.0,Marla,5 Marla,818,2,2,0.9,1,0,0,0,24/7 Security; Backup Generator / Solar,2,1.81,1.17,5.03,0.49,2026-10-01,22158000.0,3519992.96001408,0.7271111046479013,Brand New (0-1y),Tier 1 - Ultra Luxury,3.0,0.337609723160027,0.9999500024998748,4,0,408.9795510224489
PROP-11017,Karachi,Bahria Town Karachi,Flat,2.5,Marla,2.5 Marla,633,2,2,0.0,1,0,0,0,Gated Community; Backup Generator / Solar; Elevator,3,2.11,2.38,1.13,4.64,2026-10-01,7731000.0,2619989.52004192,1.1253333133274075,Brand New (0-1y),Tier 3 - Affordable/Suburban,5.5,0.2692877339437188,0.9999500024998748,4,0,316.4841757912104
PROP-13645,Rawalpindi,Satellite Town,Upper Portion,7.0,Marla,7 Marla,1279,2,2,0.9,1,0,0,0,Gated Community; Backup Generator / Solar,2,1.87,2.4,6.28,4.08,2026-10-01,17604000.0,2085711.3061267056,0.8120634869075334,Brand New (0-1y),Tier 2 - Premium,3.0,0.2224941595283123,0.9999500024998748,4,0,639.46802659867
PROP-14979,Karachi,DHA Defence Phase 7-9,House,7.0,Marla,7 Marla,1199,2,2,3.7,1,0,0,0,Gated Community; 24/7 Security; Backup Generator / Solar; Underground Utilities,4,1.11,0.68,2.78,3.12,2026-10-01,59900000.0,7014275.693891866,0.761269836436382,Modern (2-5y),Tier 1 - Ultra Luxury,5.5,0.3352891869237217,0.9999500024998748,4,0,599.470026498675
PROP-12050,Lahore,Bahria Town,House,7.0,Marla,7 Marla,2460,4,4,5.2,2,0,0,0,Gated Community; 24/7 Security; Underground Utilities,3,3.21,2.86,0.88,1.14,2026-10-01,31109000.0,3478566.459190773,1.5619047519879063,Established (6-15y),Tier 2 - Premium,3.5,0.325679856700863,0.9999750006249843,8,0,614.9846253843655
PROP-15426,Karachi,PECHS,Flat,3.5,Marla,3.5 Marla,1048,2,2,2.5,1,1,0,0,Gated Community; 24/7 Security; Elevator,3,0.29,2.13,1.61,2.86,2026-10-01,18244000.0,4228559.346973294,1.330793633894684,Modern (2-5y),Tier 2 - Premium,4.5,0.3844675124951942,0.9999500024998748,4,1,523.9738013099344
PROP-16400,Lahore,DHA Defence Phase 5-6,Flat,2.5,Marla,2.5 Marla,664,2,3,5.5,1,0,0,0,Gated Community; 24/7 Security; Backup Generator / Solar; Underground Utilities; Elevator,5,1.81,1.65,4.05,2.35,2026-10-01,13437000.0,4439982.24007104,1.180444423458766,Established (6-15y),Tier 1 - Ultra Luxury,8.0,0.2944640753828033,0.6666444451851604,5,0,331.98340082995844
PROP-13725,Lahore,Model Town,Flat,7.5,Marla,7.5 Marla,1927,3,3,1.5,1,1,1,0,Gated Community; 24/7 Security; Backup Generator / Solar; Underground Utilities; Servant Quarter; Swimming Pool; Central Heating / Cooling; Elevator,8,4.47,3.96,5.57,3.44,2026-10-01,45380000.0,4953326.728897695,1.1419259191589577,Modern (2-5y),Tier 1 - Ultra Luxury,13.5,0.1885191818267508,0.9999666677777408,6,2,642.3119229359021
PROP-14551,Lahore,Gulberg,House,3.0,Marla,3 Marla,555,2,3,4.3,1,1,0,0,Gated Community; 24/7 Security; Backup Generator / Solar; Underground Utilities,4,0.24,2.02,2.07,2.2,2026-10-01,27283000.0,7133309.555634814,0.8222222100411525,Established (6-15y),Tier 1 - Ultra Luxury,5.5,0.4063388866314507,0.6666444451851604,5,1,277.4861256937153
PROP-13109,Lahore,DHA Defence Phase 5-6,Lower Portion,5.0,Marla,5 Marla,871,1,2,2.3,1,0,1,0,24/7 Security; Backup Generator / Solar; Underground Utilities,3,0.99,4.43,3.89,1.06,2026-10-01,23926000.0,3769992.46001508,0.774222215340247,Modern (2-5y),Tier 1 - Ultra Luxury,4.5,0.321853878339234,0.4999750012499374,3,1,870.912908709129
PROP-15282,Lahore,DHA Defence Phase 5-6,Flat,3.5,Marla,3.5 Marla,941,2,3,2.7,1,0,1,0,Gated Community; 24/7 Security; Backup Generator / Solar; Servant Quarter; Central Heating / Cooling; Elevator,6,1.96,1.11,1.26,3.17,2026-10-01,18902000.0,4342844.734729329,1.19492061974704,Modern (2-5y),Tier 1 - Ultra Luxury,9.0,0.3272786777941417,0.6666444451851604,5,1,470.4764761761911
PROP-14092,Islamabad,Sector F-8/F-10/F-11,Farmhouse,800.0,Kanal,2 Kanal,4677,4,4,0.7,2,0,1,0,24/7 Security; Backup Generator / Solar; Underground Utilities; Servant Quarter; Lawn / Garden,5,0.88,9.26,1.69,1.02,2026-10-01,345295000.0,338874.99576406257,0.0259833333318898,Brand New (0-1y),Tier 1 - Ultra Luxury,6.5,0.2993115833582759,0.9999750006249843,8,1,1169.220769480763
PROP-12057,Lahore,Model Town,Flat,5.0,Marla,5 Marla,1299,3,3,0.0,1,0,0,1,Gated Community; Backup Generator / Solar; Underground Utilities; Elevator,4,0.7,1.18,4.44,1.76,2026-10-01,30274000.0,4669990.660018681,1.154666656402963,Brand New (0-1y),Tier 1 - Ultra Luxury,7.0,0.3523608174770965,0.9999666677777408,6,1,432.9855671477617
PROP-13171,Rawalpindi,Bahria Town,Upper Portion,10.0,Marla,10 Marla,1670,3,4,21.8,1,0,0,0,Gated Community; 24/7 Security; Underground Utilities,3,4.43,0.71,4.18,2.64,2026-10-01,17400000.0,1514998.4850015151,0.7422222189234567,Vintage (16y+),Tier 2 - Premium,3.5,0.2333722287047841,0.7499812504687383,7,0,556.648111729609
PROP-11683,Rawalpindi,Chaklala Scheme 3,House,5.0,Marla,5 Marla,2888,4,4,0.9,3,0,0,0,Gated Community; 24/7 Security,2,5.28,1.68,2.13,7.82,2026-10-01,31832000.0,5339989.32002136,2.567111088292346,Brand New (0-1y),Tier 2 - Premium,2.0,0.1702997275204359,0.9999750006249843,8,0,721.9819504512387
PROP-12256,Islamabad,Sector F-8/F-10/F-11,Lower Portion,10.0,Marla,10 Marla,1692,3,3,5.8,1,0,0,0,24/7 Security; Backup Generator / Solar; Underground Utilities; Central Heating / Cooling,4,2.34,2.36,2.12,0.59,2026-10-01,44303000.0,3514996.485003515,0.7519999966577777,Established (6-15y),Tier 1 - Ultra Luxury,6.0,0.3604902667627974,0.9999666677777408,6,0,563.9812006266458
PROP-11155,Islamabad,Sector F-8/F-10/F-11,House,7.0,Marla,7 Marla,2626,3,3,17.9,2,0,0,0,Gated Community; 24/7 Security; Backup Generator / Solar; Underground Utilities; Servant Quarter,5,2.41,2.0,8.04,2.42,2026-10-01,65696000.0,7449989.357158062,1.6673015767155457,Vintage (16y+),Tier 1 - Ultra Luxury,6.5,0.2233389168062534,0.9999666677777408,6,0,875.3041565281156
PROP-14502,Karachi,DHA Defence Phase 7-9,Upper Portion,7.0,Marla,7 Marla,1235,3,3,11.8,1,0,0,0,Backup Generator / Solar; Underground Utilities,2,1.49,4.62,1.26,1.8,2026-10-01,32346000.0,3692851.8673544754,0.7841269791484001,Established (6-15y),Tier 1 - Ultra Luxury,3.5,0.3326126725428239,0.9999666677777408,6,0,411.6529449018366
PROP-16298,Karachi,Scheme 33,House,400.0,Kanal,1 Kanal,3898,5,4,7.6,1,0,0,0,Gated Community; 24/7 Security; Underground Utilities; Servant Quarter; Lawn / Garden,5,0.28,2.47,6.68,3.67,2026-10-01,52224000.0,105249.99736875008,0.0433111111062987,Established (6-15y),Tier 3 - Affordable/Suburban,5.5,0.2560491614389963,1.2499687507812305,9,0,779.5844083118338
PROP-16200,Rawalpindi,Bahria Town,House,5.0,Marla,5 Marla,2750,4,5,0.7,3,0,0,0,Gated Community; 24/7 Security; Servant Quarter,3,0.95,1.43,5.01,2.8,2026-10-01,28317000.0,4709990.580018841,2.4444444227160496,Brand New (0-1y),Tier 2 - Premium,3.0,0.2950722927117143,0.7999840003199936,9,0,687.4828129296768
PROP-13192,Lahore,Wapda Town,House,10.0,Marla,10 Marla,3731,5,5,3.6,2,0,0,0,Gated Community; Servant Quarter; Lawn / Garden,3,2.25,1.59,6.6,3.18,2026-10-01,49960000.0,3849996.15000385,1.6582222148523456,Modern (2-5y),Tier 2 - Premium,3.0,0.2325581395348837,0.999980000399992,10,0,746.1850762984741
PROP-11697,Lahore,DHA Defence Phase 5-6,House,5.0,Marla,5 Marla,1818,4,4,0.0,2,1,0,0,Gated Community; 24/7 Security; Backup Generator / Solar; Central Heating / Cooling,4,0.32,1.4,1.67,1.86,2026-10-01,41405000.0,6649986.700026601,1.6159999856355558,Brand New (0-1y),Tier 1 - Ultra Luxury,5.5,0.4516711833785005,0.9999750006249843,8,1,454.4886377840554
PROP-13993,Islamabad,Sector G-11/G-13,House,10.0,Marla,10 Marla,3867,6,6,5.2,2,0,0,0,Gated Community; 24/7 Security; Servant Quarter; Lawn / Garden,4,0.78,2.12,1.47,0.24,2026-10-01,63821000.0,4919995.08000492,1.718666659028148,Established (6-15y),Tier 2 - Premium,4.0,0.5109862033725089,0.9999833336111064,12,0,644.4892585123581
PROP-14726,Lahore,Gulberg,House,5.0,Marla,5 Marla,1688,2,2,0.9,2,0,0,0,Gated Community; 24/7 Security; Backup Generator / Solar; Underground Utilities; Central Heating / Cooling,5,1.39,2.02,4.76,1.04,2026-10-01,44651000.0,7249985.500029,1.5004444311071607,Brand New (0-1y),Tier 1 - Ultra Luxury,7.0,0.3274930407728835,0.9999500024998748,4,0,843.9578021098944
PROP-14685,Karachi,North Nazimabad,Flat,5.0,Marla,5 Marla,1499,3,3,0.0,1,0,0,0,Gated Community; 24/7 Security; Underground Utilities; Elevator,4,1.12,1.87,2.74,5.36,2026-10-01,15563000.0,2549994.9000102,1.332444432600494,Brand New (0-1y),Tier 2 - Premium,6.0,0.2611989029646075,0.9999666677777408,6,0,499.65001166627775
PROP-11649,Lahore,Wapda Town,Upper Portion,10.0,Marla,10 Marla,1743,2,3,2.5,1,0,0,0,Gated Community; 24/7 Security; Backup Generator / Solar; Underground Utilities; Servant Quarter; Central Heating / Cooling,6,0.94,0.77,7.2,1.63,2026-10-01,27941000.0,2254997.745002256,0.7746666632237037,Modern (2-5y),Tier 2 - Premium,8.0,0.296428042092782,0.6666444451851604,5,0,871.456427178641
PROP-15542,Karachi,Bahria Town Karachi,Flat,5.0,Marla,5 Marla,1251,2,2,5.0,1,1,0,0,Gated Community; 24/7 Security; Elevator,3,3.59,1.76,2.83,1.26,2026-10-01,11995000.0,1979996.04000792,1.1119999901155555,Established (6-15y),Tier 3 - Affordable/Suburban,4.5,0.2886419396738346,0.9999500024998748,4,1,625.4687265636718
PROP-11446,Karachi,Gulshan-e-Iqbal,Flat,5.0,Marla,5 Marla,1403,3,3,5.7,1,1,0,1,Gated Community; 24/7 Security,2,1.13,0.56,5.45,2.39,2026-10-01,18286000.0,2969994.06001188,1.2471111000256792,Established (6-15y),Tier 2 - Premium,2.0,0.3042750646584513,0.9999666677777408,6,2,467.65107829739
PROP-14201,Lahore,Lake City,House,5.0,Marla,5 Marla,1745,2,1,0.8,2,0,1,0,Gated Community; Backup Generator / Solar,2,0.5,1.55,2.94,2.15,2026-10-01,24402000.0,4029991.94001612,1.551111097323457,Brand New (0-1y),Tier 3 - Affordable/Suburban,3.0,0.3787161522438932,1.999800019998,3,1,872.4563771811409
PROP-13925,Rawalpindi,Bahria Town,Upper Portion,10.0,Marla,10 Marla,1836,3,3,9.7,1,0,0,0,24/7 Security,1,1.48,2.57,5.76,0.72,2026-10-01,23654000.0,1889998.11000189,0.8159999963733333,Established (6-15y),Tier 2 - Premium,1.0,0.3056701818737583,0.9999666677777408,6,0,611.9796006799772
PROP-10254,Lahore,Wapda Town,House,5.0,Marla,5 Marla,1814,5,5,9.8,2,0,0,0,24/7 Security; Backup Generator / Solar; Underground Utilities,3,0.85,1.29,3.62,1.58,2026-10-01,24127000.0,4009991.98001604,1.6124444301116052,Established (6-15y),Tier 2 - Premium,4.5,0.3718854592785422,0.999980000399992,10,0,362.7927441451171
PROP-13184,Karachi,Gulshan-e-Iqbal,Flat,3.5,Marla,3.5 Marla,1096,2,3,1.7,1,0,0,0,Elevator,1,4.53,3.12,3.33,2.67,2026-10-01,11539000.0,2842849.02043137,1.3917460140730666,Modern (2-5y),Tier 2 - Premium,2.5,0.2212144674261696,0.6666444451851604,5,0,547.9726013699315
PROP-12558,Islamabad,Sector F-8/F-10/F-11,Flat,3.5,Marla,3.5 Marla,938,2,2,6.5,1,1,1,0,Gated Community; 24/7 Security; Backup Generator / Solar; Underground Utilities; Central Heating / Cooling,5,1.3,1.62,2.05,2.05,2026-10-01,26932000.0,5842840.449027289,1.1911110959858908,Established (6-15y),Tier 1 - Ultra Luxury,7.0,0.3672420124862284,0.9999500024998748,4,2,468.9765511724413
PROP-15595,Karachi,Malir Cantt,House,3.0,Marla,3 Marla,1089,3,3,0.0,2,1,0,0,Gated Community; 24/7 Security; Underground Utilities,3,0.49,3.61,2.49,5.69,2026-10-01,19331000.0,5199982.666724444,1.6133333094320992,Brand New (0-1y),Tier 2 - Premium,3.5,0.2552322613578356,0.9999666677777408,6,1,362.9879004033199
PROP-10099,Karachi,Gulshan-e-Iqbal,House,10.0,Marla,10 Marla,1942,4,4,7.7,1,0,0,0,Gated Community; 24/7 Security; Backup Generator / Solar; Servant Quarter; Lawn / Garden,5,0.99,3.39,0.58,0.62,2026-10-01,50040000.0,4059995.94000406,0.8631111072750617,Established (6-15y),Tier 2 - Premium,6.0,0.4636068613815484,0.9999750006249843,8,0,485.48786280343
PROP-12201,Islamabad,Sector F-6/F-7/E-7,Flat,2.5,Marla,2.5 Marla,748,1,1,6.0,1,0,0,0,Gated Community; 24/7 Security; Central Heating / Cooling; Elevator,4,1.28,3.6,2.09,1.29,2026-10-01,19877000.0,6139975.440098239,1.3297777541372844,Established (6-15y),Tier 1 - Ultra Luxury,6.0,0.3580379520229144,0.999900009999,2,0,747.9252074792521
PROP-15983,Rawalpindi,Adiala Road,House,5.0,Marla,5 Marla,2632,4,5,14.4,3,1,0,0,Gated Community; 24/7 Security; Backup Generator / Solar,3,0.61,0.71,5.12,1.59,2026-10-01,17327000.0,2959994.08001184,2.3395555347595063,Vintage (16y+),Tier 3 - Affordable/Suburban,4.0,0.3544842254519673,0.7999840003199936,9,1,657.9835504112398
PROP-12962,Lahore,DHA Defence Phase 7-9,House,5.0,Marla,5 Marla,1969,4,4,0.0,2,0,0,0,Gated Community; 24/7 Security,2,2.08,1.91,4.17,0.9,2026-10-01,25907000.0,4289991.4200171605,1.7502222066646915,Brand New (0-1y),Tier 2 - Premium,2.0,0.320666987333654,0.9999750006249843,8,0,492.2376940576486
PROP-16018,Karachi,Gulshan-e-Iqbal,Flat,3.5,Marla,3.5 Marla,996,1,1,13.7,1,1,0,1,Gated Community; 24/7 Security; Elevator,3,0.97,1.16,3.04,2.45,2026-10-01,15317000.0,3614275.3877846063,1.2647618887014365,Vintage (16y+),Tier 2 - Premium,4.5,0.3500787677227376,0.999900009999,2,2,995.9004099590042
PROP-14976,Lahore,Lake City,Flat,5.0,Marla,5 Marla,1513,2,2,1.7,1,0,1,0,Central Heating / Cooling; Elevator,2,1.23,1.52,2.22,0.9,2026-10-01,15210000.0,2499995.00001,1.344888876934321,Modern (2-5y),Tier 3 - Affordable/Suburban,4.0,0.4214963119072708,0.9999500024998748,4,1,756.4621768911553
PROP-14436,Karachi,Bahria Town Karachi,Lower Portion,10.0,Marla,10 Marla,1659,3,3,2.2,1,0,0,0,Backup Generator / Solar,1,0.82,2.95,3.63,2.43,2026-10-01,16827000.0,1349998.65000135,0.7373333300562962,Modern (2-5y),Tier 3 - Affordable/Suburban,2.0,0.3140210394096404,0.9999666677777408,6,0,552.9815672810906
PROP-13779,Karachi,North Nazimabad,House,5.0,Marla,5 Marla,1740,3,3,2.4,2,0,0,1,Gated Community; 24/7 Security; Backup Generator / Solar; Servant Quarter,4,0.59,1.57,8.17,0.7,2026-10-01,28427000.0,4729990.54001892,1.546666652918519,Modern (2-5y),Tier 2 - Premium,5.0,0.3043213633597078,0.9999666677777408,6,1,579.9806673110896
PROP-12870,Islamabad,Bahria Town Phase 1-8,Farmhouse,1600.0,Kanal,4 Kanal,5021,6,6,4.9,2,0,0,0,Gated Community; 24/7 Security; Servant Quarter; Lawn / Garden,4,2.69,1.54,1.75,0.84,2026-10-01,236399000.0,119687.49925195314,0.0139472222218348,Established (6-15y),Tier 2 - Premium,4.0,0.3604253018561903,0.9999833336111064,12,0,836.819386343561
PROP-13235,Islamabad,Sector F-6/F-7/E-7,House,5.0,Marla,5 Marla,1967,3,4,5.2,2,0,0,0,Gated Community; 24/7 Security; Backup Generator / Solar,3,0.92,3.85,3.1,1.18,2026-10-01,63713000.0,10149979.7000406,1.748444428902716,Established (6-15y),Tier 1 - Ultra Luxury,4.0,0.3480076561684357,0.7499812504687383,7,0,655.6448118396053
PROP-13793,Faisalabad,Madina Town,House,5.0,Marla,5 Marla,1944,4,4,0.0,2,0,0,1,Gated Community; 24/7 Security; Backup Generator / Solar; Underground Utilities,4,1.32,2.4,2.58,2.28,2026-10-01,29058000.0,4699990.6000188,1.7279999846400005,Brand New (0-1y),Tier 2 - Premium,5.5,0.3309066843150232,0.9999750006249843,8,1,485.9878503037425
PROP-10957,Islamabad,Sector F-8/F-10/F-11,Flat,2.5,Marla,2.5 Marla,629,2,2,0.9,1,0,0,0,Gated Community; Backup Generator / Solar; Underground Utilities; Elevator,4,2.15,4.64,0.9,1.81,2026-10-01,14322000.0,4599981.600073599,1.1182222023427164,Brand New (0-1y),Tier 1 - Ultra Luxury,7.0,0.3153082137789689,0.9999500024998748,4,0,314.4842757862107
PROP-15803,Faisalabad,D Ground / Peoples Colony,House,10.0,Marla,10 Marla,3575,5,4,0.0,2,0,0,0,Gated Community; 24/7 Security; Underground Utilities; Lawn / Garden,4,0.88,1.62,3.25,1.64,2026-10-01,71167000.0,5994994.005005995,1.5888888818271605,Brand New (0-1y),Tier 1 - Ultra Luxury,4.5,0.3713330857779428,1.2499687507812305,9,0,714.9857002859943
PROP-14069,Lahore,Model Town,House,5.0,Marla,5 Marla,1805,4,4,22.3,2,0,0,0,Gated Community; Servant Quarter,2,1.35,5.64,2.36,1.92,2026-10-01,40327000.0,6429987.14002572,1.6044444301827163,Vintage (16y+),Tier 1 - Ultra Luxury,2.0,0.2970444081390168,0.9999750006249843,8,0,451.2387190320242
PROP-10161,Lahore,Gulberg,Flat,5.0,Marla,5 Marla,1551,2,2,6.0,1,1,0,0,Gated Community; Backup Generator / Solar; Underground Utilities,3,3.26,4.11,1.75,4.26,2026-10-01,25025000.0,3989992.02001596,1.378666654411852,Established (6-15y),Tier 1 - Ultra Luxury,4.5,0.2280241705620796,0.9999500024998748,4,1,775.461226938653
PROP-15702,Rawalpindi,Chaklala Scheme 3,House,5.0,Marla,5 Marla,1709,3,4,1.4,2,1,0,0,Gated Community; 24/7 Security; Central Heating / Cooling,3,2.39,2.45,0.82,0.16,2026-10-01,27699000.0,4809990.38001924,1.5191110976079014,Modern (2-5y),Tier 2 - Premium,3.5,0.4139072847682119,0.7499812504687383,7,1,569.6476784107195
PROP-14496,Karachi,DHA Defence Phase 7-9,House,7.0,Marla,7 Marla,2694,4,5,16.8,2,0,0,0,Gated Community; 24/7 Security; Backup Generator / Solar; Underground Utilities,4,2.51,1.12,3.39,4.28,2026-10-01,59874000.0,7192846.867361618,1.7104761796160244,Vintage (16y+),Tier 1 - Ultra Luxury,5.5,0.2494698765124111,0.7999840003199936,9,0,673.483162920927
PROP-11301,Rawalpindi,Saddar Cantt,House,7.0,Marla,7 Marla,2673,4,5,6.3,2,0,0,0,Gated Community; Backup Generator / Solar; Underground Utilities; Central Heating / Cooling,4,0.69,7.71,3.01,0.59,2026-10-01,53518000.0,6478562.17348261,1.697142846367347,Established (6-15y),Tier 1 - Ultra Luxury,6.0,0.3147623544224111,0.7999840003199936,9,0,668.2332941676458
PROP-14914,Islamabad,Sector E-11,Flat,3.5,Marla,3.5 Marla,1060,3,4,9.0,1,0,0,1,Gated Community; 24/7 Security; Backup Generator / Solar; Underground Utilities; Elevator,5,3.08,4.03,4.6,0.23,2026-10-01,16074000.0,3799989.142888163,1.3460317289392796,Established (6-15y),Tier 2 - Premium,8.0,0.2723682418629988,0.7499812504687383,7,1,353.321555948135
PROP-13989,Lahore,Johar Town,House,400.0,Kanal,1 Kanal,7717,6,6,13.5,2,0,0,0,Gated Community; 24/7 Security; Lawn / Garden,3,0.53,0.35,4.99,1.07,2026-10-01,104038000.0,219124.99452187517,0.0857444444349172,Vintage (16y+),Tier 2 - Premium,3.0,0.3910833007430582,0.9999833336111064,12,0,1286.145230912818
PROP-11528,Lahore,Gulberg,House,5.0,Marla,5 Marla,1977,4,4,2.9,2,0,0,0,Gated Community; 24/7 Security; Backup Generator / Solar; Underground Utilities,4,4.03,4.96,4.49,1.57,2026-10-01,37546000.0,6179987.640024721,1.7573333177125927,Modern (2-5y),Tier 1 - Ultra Luxury,5.5,0.2210677572676025,0.9999750006249843,8,0,494.2376440588986
PROP-16018,Karachi,Gulshan-e-Iqbal,Flat,3.5,Marla,3.5 Marla,996,1,1,13.8,1,1,0,1,Gated Community; 24/7 Security; Elevator,3,0.97,1.16,3.04,2.45,2026-10-01,15172000.0,3614275.3877846063,1.2647618887014365,Vintage (16y+),Tier 2 - Premium,4.5,0.3500787677227376,0.999900009999,2,2,995.9004099590042
PROP-15514,Karachi,PECHS,Flat,3.5,Marla,3.5 Marla,926,1,1,0.9,1,1,1,0,Gated Community; 24/7 Security; Backup Generator / Solar,3,2.5,7.69,9.25,0.82,2026-10-01,17631000.0,4128559.632686764,1.1758730009412952,Brand New (0-1y),Tier 2 - Premium,4.0,0.195140989364816,0.999900009999,2,2,925.907409259074
PROP-15257,Faisalabad,Madina Town,House,10.0,Marla,10 Marla,3842,5,5,14.9,2,0,0,1,Gated Community; 24/7 Security; Servant Quarter; Lawn / Garden,4,0.53,2.1,4.22,2.73,2026-10-01,47835000.0,3739996.26000374,1.7075555479664195,Vintage (16y+),Tier 2 - Premium,4.0,0.316105579263474,0.999980000399992,10,1,768.3846323073539
PROP-11219,Faisalabad,D Ground / Peoples Colony,Flat,3.5,Marla,3.5 Marla,959,2,2,5.7,1,1,0,0,Gated Community; 24/7 Security; Backup Generator / Solar; Underground Utilities; Lawn / Garden; Elevator,6,0.42,1.33,6.64,0.81,2026-10-01,17435000.0,3971417.224522216,1.2177777623139332,Established (6-15y),Tier 1 - Ultra Luxury,9.0,0.3427592116538132,0.9999500024998748,4,1,479.47602619869
PROP-14499,Lahore,Bahria Town,Flat,2.5,Marla,2.5 Marla,763,1,1,1.5,1,0,0,0,Gated Community; 24/7 Security; Backup Generator / Solar; Elevator,4,3.02,2.75,2.07,2.22,2026-10-01,10770000.0,3479986.08005568,1.356444420329877,Modern (2-5y),Tier 2 - Premium,6.5,0.2817298211015636,0.999900009999,2,0,762.9237076292371
PROP-14738,Islamabad,Bahria Town Phase 1-8,House,7.0,Marla,7 Marla,3698,6,7,6.8,3,1,1,0,Gated Community; 24/7 Security; Underground Utilities,3,0.82,5.82,0.95,0.15,2026-10-01,45648000.0,5142849.795928863,2.347936493028975,Established (6-15y),Tier 2 - Premium,3.5,0.4175365344467641,0.8571306124198226,13,2,616.323061282312
PROP-13105,Islamabad,Sector G-11/G-13,House,7.0,Marla,7 Marla,2426,3,4,3.9,2,0,0,0,Gated Community; 24/7 Security,2,0.73,7.34,4.42,2.86,2026-10-01,40187000.0,4678564.744907508,1.540317450537667,Modern (2-5y),Tier 2 - Premium,2.0,0.2439917042820544,0.7499812504687383,7,0,808.6397120095996
PROP-12736,Lahore,Gulberg,Flat,3.5,Marla,3.5 Marla,973,2,2,5.3,1,1,1,0,Gated Community; 24/7 Security; Backup Generator / Solar; Swimming Pool; Central Heating / Cooling,5,4.52,1.1,4.64,1.73,2026-10-01,23754000.0,5457127.265350671,1.2355555398659614,Established (6-15y),Tier 1 - Ultra Luxury,8.5,0.2384358607534573,0.9999500024998748,4,2,486.47567621618913
PROP-14558,Islamabad,Sector B-17 Multi Gardens,Lower Portion,10.0,Marla,10 Marla,1694,3,3,19.1,1,0,0,0,24/7 Security; Underground Utilities,2,3.62,3.08,2.19,2.56,2026-10-01,13385000.0,1064998.935001065,0.752888885542716,Vintage (16y+),Tier 3 - Affordable/Suburban,2.5,0.2541296060991105,0.9999666677777408,6,0,564.647845071831
PROP-10955,Faisalabad,Canal Road Villas,House,5.0,Marla,5 Marla,868,1,1,8.4,1,1,0,0,Basic,0,0.52,4.43,3.46,1.98,2026-10-01,19911000.0,3229993.5400129203,0.771555548697284,Established (6-15y),Tier 2 - Premium,0.0,0.3192338387869114,0.999900009999,2,1,867.9132086791321
PROP-14568,Lahore,DHA Defence Phase 7-9,House,7.0,Marla,7 Marla,2706,5,5,5.6,2,1,0,0,Gated Community; 24/7 Security; Underground Utilities,3,2.35,1.77,6.9,2.31,2026-10-01,37167000.0,4385708.020417114,1.718095227186697,Established (6-15y),Tier 2 - Premium,3.5,0.2403268445085316,0.999980000399992,10,1,541.1891762164757
PROP-13448,Rawalpindi,Bahria Town,House,5.0,Marla,5 Marla,1892,3,3,7.5,2,0,0,0,Gated Community; 24/7 Security; Backup Generator / Solar; Underground Utilities; Lawn / Garden,5,2.14,2.71,1.36,2.68,2026-10-01,20488000.0,3439993.1200137604,1.681777762828642,Established (6-15y),Tier 2 - Premium,6.5,0.3094538140182578,0.9999666677777408,6,0,630.6456451451618
PROP-11046,Islamabad,Sector E-11,House,7.0,Marla,7 Marla,2766,3,3,0.7,2,0,0,0,24/7 Security,1,0.82,0.97,1.88,0.19,2026-10-01,41043000.0,4399993.714294694,1.7561904650400606,Brand New (0-1y),Tier 2 - Premium,1.0,0.5360493165371214,0.9999666677777408,6,0,921.9692676910768
PROP-11694,Islamabad,Sector B-17 Multi Gardens,Flat,3.5,Marla,3.5 Marla,1063,2,2,2.2,1,1,0,0,Backup Generator / Solar,1,0.64,3.4,2.7,0.17,2026-10-01,9292000.0,2099994.000017143,1.3498412527004289,Modern (2-5y),Tier 3 - Affordable/Suburban,2.0,0.4301075268817204,0.9999500024998748,4,1,531.4734263286836
PROP-16184,Lahore,Bahria Town,House,7.0,Marla,7 Marla,1325,2,3,2.4,1,0,1,0,Gated Community; 24/7 Security; Backup Generator / Solar; Underground Utilities; Servant Quarter; Lawn / Garden,6,1.97,1.92,8.1,2.68,2026-10-01,32402000.0,3671423.326538105,0.8412698359284455,Modern (2-5y),Tier 2 - Premium,7.5,0.2271952743382937,0.6666444451851604,5,1,662.4668766561671
PROP-16376,Karachi,DHA Defence Phase 7-9,House,5.0,Marla,5 Marla,1963,4,4,2.7,2,0,0,0,Gated Community; 24/7 Security; Backup Generator / Solar; Underground Utilities,4,0.35,4.25,4.7,1.6,2026-10-01,49282000.0,7979984.04003192,1.7448888733787655,Modern (2-5y),Tier 1 - Ultra Luxury,5.5,0.3144654088050315,0.9999750006249843,8,0,490.7377315567111
PROP-13438,Karachi,North Nazimabad,House,5.0,Marla,5 Marla,1942,4,4,0.8,2,0,0,0,Gated Community; 24/7 Security; Backup Generator / Solar,3,1.74,2.09,0.99,1.64,2026-10-01,30573000.0,5129989.74002052,1.7262222068780249,Brand New (0-1y),Tier 2 - Premium,4.0,0.3827751196172249,0.9999750006249843,8,0,485.48786280343
PROP-10563,Rawalpindi,Chaklala Scheme 3,Flat,2.5,Marla,2.5 Marla,694,1,1,1.7,1,0,0,0,Gated Community; 24/7 Security; Underground Utilities,3,1.11,1.92,4.56,0.22,2026-10-01,8554000.0,2899988.4000464,1.233777755843951,Modern (2-5y),Tier 2 - Premium,3.5,0.3767187794311546,0.999900009999,2,0,693.9306069393061
PROP-12486,Lahore,Gulberg,Flat,7.5,Marla,7.5 Marla,2154,4,4,7.0,1,1,0,0,Gated Community; 24/7 Security; Backup Generator / Solar; Underground Utilities; Elevator,5,2.11,1.55,4.69,4.57,2026-10-01,38219000.0,4093327.8755628327,1.2764444368803294,Established (6-15y),Tier 1 - Ultra Luxury,8.0,0.2336448598130841,0.9999750006249843,8,1,538.4865378365541
PROP-15898,Rawalpindi,Bahria Town,House,5.0,Marla,5 Marla,1688,3,3,3.7,2,0,1,0,Gated Community; 24/7 Security; Backup Generator / Solar; Lawn / Garden,4,3.14,3.51,0.96,1.55,2026-10-01,29021000.0,4939990.12001976,1.5004444311071607,Modern (2-5y),Tier 2 - Premium,5.0,0.3046458492003047,0.9999666677777408,6,1,562.6479117362754
PROP-13356,Karachi,Clifton,Flat,2.5,Marla,2.5 Marla,650,2,3,4.0,1,0,0,0,Gated Community; Elevator,2,0.79,3.55,11.3,0.63,2026-10-01,13126000.0,4459982.16007136,1.155555535012346,Modern (2-5y),Tier 1 - Ultra Luxury,3.5,0.2348520432127759,0.6666444451851604,5,0,324.98375081245933
PROP-16173,Karachi,Clifton,Flat,5.0,Marla,5 Marla,1267,3,3,6.5,1,0,0,0,Gated Community; 24/7 Security; Backup Generator / Solar; Underground Utilities; Central Heating / Cooling; Elevator,6,1.42,5.26,5.14,1.09,2026-10-01,28890000.0,4779990.44001912,1.126222212211358,Established (6-15y),Tier 1 - Ultra Luxury,9.5,0.274649821477616,0.9999666677777408,6,0,422.31925602479913
PROP-10226,Lahore,DHA Defence Phase 7-9,Flat,3.5,Marla,3.5 Marla,961,1,1,6.8,1,1,1,0,24/7 Security; Backup Generator / Solar; Underground Utilities; Elevator,4,1.94,3.31,3.21,0.73,2026-10-01,13912000.0,3142848.163290962,1.2203174448213658,Established (6-15y),Tier 2 - Premium,7.0,0.3293265272517701,0.999900009999,2,2,960.9039096090391
PROP-14896,Islamabad,DHA Defence Phase 2,House,5.0,Marla,5 Marla,914,2,2,3.6,1,0,0,0,Gated Community; 24/7 Security; Servant Quarter,3,2.31,1.0,3.44,7.1,2026-10-01,25653000.0,3859992.28001544,0.8124444372227161,Modern (2-5y),Tier 2 - Premium,3.0,0.2093583167591332,0.9999500024998748,4,0,456.9771511424429
PROP-16430,Karachi,PECHS,Upper Portion,10.0,Marla,10 Marla,1604,3,3,0.8,1,0,0,0,24/7 Security,1,0.68,0.37,3.25,4.24,2026-10-01,35630000.0,2859997.14000286,0.7128888857204938,Brand New (0-1y),Tier 2 - Premium,1.0,0.3109936246306951,0.9999666677777408,6,0,534.6488450384987
PROP-10960,Lahore,Bahria Town,House,400.0,Kanal,1 Kanal,7743,6,6,1.7,2,0,1,0,Gated Community; Servant Quarter; Lawn / Garden,3,1.42,3.24,3.53,1.83,2026-10-01,115040000.0,215874.99460312515,0.086033333323774,Modern (2-5y),Tier 2 - Premium,3.0,0.3088326127239036,0.9999833336111064,12,1,1290.478492025133
PROP-15603,Karachi,Gulshan-e-Iqbal,Flat,5.0,Marla,5 Marla,1268,2,2,2.8,1,1,0,0,Gated Community; 24/7 Security; Underground Utilities,3,0.8,2.55,0.84,2.77,2026-10-01,16543000.0,2809994.38001124,1.1271111010923458,Modern (2-5y),Tier 2 - Premium,3.5,0.375727972947586,0.9999500024998748,4,1,633.9683015849207
PROP-14551,Lahore,Gulberg,House,3.0,Marla,3 Marla,555,2,3,4.9,1,1,0,0,Gated Community; 24/7 Security; Backup Generator / Solar; Underground Utilities,4,0.24,2.02,2.07,2.2,2026-10-01,27392000.0,7133309.555634814,0.8222222100411525,Established (6-15y),Tier 1 - Ultra Luxury,5.5,0.4063388866314507,0.6666444451851604,5,1,277.4861256937153
PROP-13068,Karachi,Gulshan-e-Iqbal,Flat,3.5,Marla,3.5 Marla,946,2,2,0.0,1,0,0,0,Gated Community; 24/7 Security,2,2.71,1.44,2.71,3.42,2026-10-01,10328000.0,2428564.489815743,1.2012698260156214,Brand New (0-1y),Tier 2 - Premium,2.0,0.2679169457468185,0.9999500024998748,4,0,472.9763511824409
PROP-10816,Karachi,DHA Defence Phase 7-9,Lower Portion,7.0,Marla,7 Marla,1188,3,3,1.9,1,1,0,0,24/7 Security; Backup Generator / Solar; Underground Utilities,3,1.6,0.69,3.19,1.6,2026-10-01,35405000.0,3907137.275518178,0.7542857094965987,Modern (2-5y),Tier 1 - Ultra Luxury,4.5,0.3595182455509617,0.9999666677777408,6,1,395.9868004399853
PROP-14757,Islamabad,DHA Defence Phase 2,House,5.0,Marla,5 Marla,1728,3,3,8.1,2,0,0,0,24/7 Security; Backup Generator / Solar,2,0.27,1.15,2.79,3.32,2026-10-01,34894000.0,5649988.700022601,1.535999986346667,Established (6-15y),Tier 2 - Premium,3.0,0.3544842254519674,0.9999666677777408,6,0,575.9808006399786
PROP-14645,Lahore,Bahria Town,House,5.0,Marla,5 Marla,1711,2,1,1.5,2,1,0,0,Gated Community; Underground Utilities; Lawn / Garden,3,1.09,2.05,7.01,1.55,2026-10-01,27531000.0,4549990.9000182,1.5208888753698766,Modern (2-5y),Tier 2 - Premium,3.5,0.281214848143982,1.999800019998,3,1,855.457227138643
PROP-15314,Lahore,DHA Defence Phase 7-9,House,3.0,Marla,3 Marla,1076,3,3,4.8,2,0,0,0,Gated Community; 24/7 Security; Backup Generator / Solar; Underground Utilities,4,2.01,1.36,3.6,3.28,2026-10-01,15920000.0,4349985.500048333,1.5940740504581623,Established (6-15y),Tier 2 - Premium,5.5,0.2768932576491762,0.9999666677777408,6,0,358.65471150961633
PROP-13121,Lahore,Askari,Upper Portion,5.0,Marla,5 Marla,916,2,2,4.0,1,0,0,0,Gated Community; 24/7 Security; Backup Generator / Solar,3,0.78,0.6,2.56,1.97,2026-10-01,14819000.0,2559994.88001024,0.8142222149846915,Modern (2-5y),Tier 2 - Premium,4.0,0.40551500405515,0.9999500024998748,4,0,457.9771011449427
PROP-10017,Lahore,Johar Town,House,400.0,Kanal,1 Kanal,7730,6,6,0.8,2,1,0,0,Lawn / Garden,1,0.87,0.75,3.97,0.77,2026-10-01,119238000.0,243749.99390625017,0.0858888888793456,Brand New (0-1y),Tier 2 - Premium,1.0,0.4095004095004094,0.9999833336111064,12,1,1288.3118614689756
PROP-11244,Lahore,DHA Defence Phase 5-6,House,10.0,Marla,10 Marla,3879,5,5,0.9,2,0,0,1,24/7 Security; Underground Utilities; Servant Quarter; Central Heating / Cooling,4,1.41,2.0,3.13,1.61,2026-10-01,87852000.0,7239992.76000724,1.7239999923377776,Brand New (0-1y),Tier 1 - Ultra Luxury,5.0,0.3445305770887166,0.999980000399992,10,1,775.7844843103138
PROP-12206,Lahore,Model Town,House,5.0,Marla,5 Marla,1971,4,5,8.8,2,0,0,0,Gated Community; 24/7 Security; Backup Generator / Solar,3,1.45,3.35,2.8,0.61,2026-10-01,43519000.0,6959986.08002784,1.751999984426667,Established (6-15y),Tier 1 - Ultra Luxury,4.0,0.3632401017072285,0.7999840003199936,9,0,492.7376815579611
PROP-12525,Karachi,Scheme 33,Flat,7.5,Marla,7.5 Marla,2227,4,4,1.7,1,0,0,0,Gated Community; 24/7 Security; Backup Generator / Solar; Servant Quarter; Elevator,5,2.7,0.46,5.16,1.62,2026-10-01,19358000.0,2113330.515559313,1.319703695883237,Modern (2-5y),Tier 3 - Affordable/Suburban,7.5,0.2831257078142695,0.9999750006249843,8,0,556.73608159796
PROP-11070,Islamabad,Sector G-11/G-13,House,7.0,Marla,7 Marla,1308,3,4,4.7,1,1,0,0,Gated Community; 24/7 Security; Backup Generator / Solar; Central Heating / Cooling,4,1.08,2.75,0.72,1.21,2026-10-01,43638000.0,4628564.816335977,0.8304761852033258,Established (6-15y),Tier 2 - Premium,5.5,0.4352557127312296,0.7499812504687383,7,1,435.98546715109495
PROP-13446,Lahore,Askari,House,10.0,Marla,10 Marla,3475,5,6,1.8,2,1,0,0,Gated Community; 24/7 Security; Servant Quarter; Lawn / Garden,4,1.59,4.46,7.2,1.25,2026-10-01,64223000.0,5004994.995005005,1.5444444375802469,Modern (2-5y),Tier 2 - Premium,4.0,0.2474941220146021,0.8333194446759221,11,1,694.9861002779945
PROP-12566,Lahore,Bahria Town,House,7.0,Marla,7 Marla,1312,3,3,0.0,1,1,0,0,24/7 Security,1,0.43,2.07,4.56,1.11,2026-10-01,25150000.0,2942852.938781516,0.8330158677268834,Brand New (0-1y),Tier 2 - Premium,1.0,0.3695491500369549,0.9999666677777408,6,1,437.3187560414653
PROP-16245,Karachi,DHA Defence Phase 7-9,House,400.0,Kanal,1 Kanal,7422,6,7,0.0,2,0,1,0,Gated Community; 24/7 Security; Backup Generator / Solar; Underground Utilities; Servant Quarter; Lawn / Garden,6,1.75,1.1,1.15,1.27,2026-10-01,144945000.0,309124.9922718752,0.0824666666575037,Brand New (0-1y),Tier 1 - Ultra Luxury,7.5,0.4186728072011723,0.8571306124198226,13,1,1236.9793836769388
PROP-15867,Islamabad,Sector F-6/F-7/E-7,House,7.0,Marla,7 Marla,2636,4,4,2.1,2,0,0,0,Gated Community; 24/7 Security; Backup Generator / Solar; Underground Utilities,4,1.04,0.59,2.37,3.08,2026-10-01,85865000.0,9514272.122468395,1.6736507830244396,Modern (2-5y),Tier 1 - Ultra Luxury,5.5,0.3508156463778284,0.9999750006249843,8,0,658.9835254118648
PROP-11061,Karachi,DHA Defence Phase 7-9,Flat,5.0,Marla,5 Marla,1496,3,3,7.7,1,0,0,0,24/7 Security; Backup Generator / Solar; Underground Utilities; Central Heating / Cooling,4,2.17,1.76,3.66,0.82,2026-10-01,24439000.0,4229991.54001692,1.329777765957531,Established (6-15y),Tier 1 - Ultra Luxury,6.0,0.3331667499583541,0.9999666677777408,6,0,498.6500449985
PROP-12328,Karachi,Scheme 33,House,400.0,Kanal,1 Kanal,6776,7,7,5.7,2,1,0,0,Gated Community; 24/7 Security; Servant Quarter; Lawn / Garden,4,1.54,1.8,4.23,3.19,2026-10-01,66897000.0,130624.99673437508,0.0752888888805234,Established (6-15y),Tier 3 - Affordable/Suburban,4.0,0.2768549280177187,0.999985714489793,14,1,967.9861716261196
PROP-13422,Lahore,Askari,Flat,2.5,Marla,2.5 Marla,700,2,2,14.5,1,0,0,1,Gated Community; 24/7 Security; Backup Generator / Solar; Elevator,4,2.23,2.41,2.68,2.06,2026-10-01,14476000.0,4479982.080071679,1.244444422320988,Vintage (16y+),Tier 2 - Premium,6.5,0.3033980582524272,0.9999500024998748,4,1,349.9825008749562
PROP-10302,Lahore,Bahria Town,Flat,3.5,Marla,3.5 Marla,993,2,2,3.6,1,0,0,0,24/7 Security; Underground Utilities; Elevator,3,1.85,3.21,2.66,1.99,2026-10-01,10844000.0,2528564.204102274,1.2609523649402874,Modern (2-5y),Tier 2 - Premium,5.0,0.3069367710251688,0.9999500024998748,4,0,496.4751762411879
PROP-14279,Islamabad,Sector G-11/G-13,House,7.0,Marla,7 Marla,1275,2,2,12.8,1,0,0,0,Gated Community; 24/7 Security,2,1.96,3.42,1.81,0.77,2026-10-01,34728000.0,4142851.224498251,0.8095238043839759,Established (6-15y),Tier 2 - Premium,2.0,0.3581661891117478,0.9999500024998748,4,0,637.4681265936703
PROP-10607,Karachi,Bahria Town Karachi,Flat,2.5,Marla,2.5 Marla,658,2,2,2.6,1,0,0,0,Gated Community; 24/7 Security; Backup Generator / Solar; Central Heating / Cooling; Elevator,5,0.38,0.9,2.58,7.08,2026-10-01,10217000.0,3239987.04005184,1.169777756981729,Modern (2-5y),Tier 3 - Affordable/Suburban,8.0,0.2558853633572159,0.9999500024998748,4,0,328.9835508224588
PROP-13171,Rawalpindi,Bahria Town,Upper Portion,10.0,Marla,10 Marla,1670,3,4,16.8,1,0,0,0,Gated Community; 24/7 Security; Underground Utilities,3,4.43,0.71,4.18,2.64,2026-10-01,17677000.0,1514998.4850015151,0.7422222189234567,Vintage (16y+),Tier 2 - Premium,3.5,0.2333722287047841,0.7499812504687383,7,0,556.648111729609
PROP-10700,Islamabad,Sector G-11/G-13,Flat,5.0,Marla,5 Marla,1267,3,3,2.4,1,1,0,0,24/7 Security; Underground Utilities; Servant Quarter,3,1.3,0.89,2.67,1.96,2026-10-01,14589000.0,2209995.58000884,1.126222212211358,Modern (2-5y),Tier 2 - Premium,3.5,0.3689356207341819,0.9999666677777408,6,1,422.31925602479913
PROP-15091,Lahore,Bahria Town,House,7.0,Marla,7 Marla,2612,4,4,11.4,2,0,0,0,Gated Community; 24/7 Security; Servant Quarter,3,2.12,0.81,3.57,1.47,2026-10-01,34378000.0,4164279.765314621,1.658412687883094,Established (6-15y),Tier 2 - Premium,3.0,0.3312903760145768,0.9999750006249843,8,0,652.9836754081149
PROP-11140,Lahore,Allama Iqbal Town,House,5.0,Marla,5 Marla,1721,2,2,6.3,2,0,0,0,Gated Community; 24/7 Security; Backup Generator / Solar,3,1.75,4.81,1.88,1.04,2026-10-01,21166000.0,3469993.06001388,1.5297777641797532,Established (6-15y),Tier 3 - Affordable/Suburban,4.0,0.3309066843150232,0.9999500024998748,4,0,860.4569771511424
PROP-10191,Karachi,DHA Defence Phase 7-9,House,5.0,Marla,5 Marla,1690,3,3,1.5,2,0,0,0,Gated Community; 24/7 Security; Backup Generator / Solar; Underground Utilities; Lawn / Garden; Central Heating / Cooling,6,2.32,1.04,3.61,1.65,2026-10-01,48139000.0,7969984.060031881,1.502222208869136,Modern (2-5y),Tier 1 - Ultra Luxury,8.0,0.3139717425431711,0.9999666677777408,6,0,563.3145561814606
PROP-12301,Karachi,Malir Cantt,Upper Portion,10.0,Marla,10 Marla,1753,2,2,0.0,1,0,0,0,Gated Community; 24/7 Security; Backup Generator / Solar; Underground Utilities; Servant Quarter,5,0.55,1.76,1.44,0.48,2026-10-01,30060000.0,2484997.515002485,0.779111107648395,Brand New (0-1y),Tier 2 - Premium,6.5,0.5295207836907598,0.9999500024998748,4,0,876.4561771911403
PROP-10981,Karachi,DHA Defence Phase 7-9,House,10.0,Marla,10 Marla,3798,5,5,7.1,2,0,0,0,Gated Community; 24/7 Security; Backup Generator / Solar; Underground Utilities; Servant Quarter; Lawn / Garden,6,0.47,5.31,1.48,0.63,2026-10-01,92521000.0,7774992.225007775,1.6879999924977778,Established (6-15y),Tier 1 - Ultra Luxury,7.5,0.4088307440719542,0.999980000399992,10,0,759.5848083038339
PROP-12976,Lahore,Gulberg,House,10.0,Marla,10 Marla,1747,2,2,0.7,1,0,0,0,Gated Community; 24/7 Security; Lawn / Garden,3,1.65,2.75,1.05,1.0,2026-10-01,83554000.0,6579993.420006581,0.7764444409935802,Brand New (0-1y),Tier 1 - Ultra Luxury,3.0,0.4,0.9999500024998748,4,0,873.4563271836407
PROP-16105,Lahore,Model Town,House,5.0,Marla,5 Marla,982,2,3,1.4,1,0,0,0,Gated Community; 24/7 Security; Backup Generator / Solar; Underground Utilities,4,1.22,1.89,3.09,1.68,2026-10-01,47553000.0,7919984.160031681,0.8728888811298766,Modern (2-5y),Tier 1 - Ultra Luxury,5.5,0.353045013239188,0.6666444451851604,5,0,490.97545122743855
PROP-11185,Karachi,Gulshan-e-Iqbal,Lower Portion,10.0,Marla,10 Marla,1799,3,3,4.7,1,0,0,0,Gated Community; 24/7 Security,2,1.1,2.71,4.9,0.63,2026-10-01,28792000.0,2394997.605002395,0.7995555520019753,Established (6-15y),Tier 2 - Premium,2.0,0.3377807802736024,0.9999666677777408,6,0,599.6466784440519
PROP-13328,Lahore,Model Town,House,5.0,Marla,5 Marla,2655,4,5,0.0,3,0,0,0,24/7 Security; Backup Generator / Solar; Underground Utilities; Central Heating / Cooling; Elevator,5,1.33,4.23,1.22,1.68,2026-10-01,51659000.0,8269983.460033081,2.3599999790222226,Brand New (0-1y),Tier 1 - Ultra Luxury,8.5,0.351123595505618,0.7999840003199936,9,0,663.7334066648334
PROP-13396,Islamabad,DHA Defence Phase 2,House,5.0,Marla,5 Marla,1734,3,3,0.0,2,0,0,1,Gated Community; 24/7 Security; Backup Generator / Solar,3,0.45,6.53,0.96,1.86,2026-10-01,34771000.0,5389989.220021561,1.541333319632593,Brand New (0-1y),Tier 2 - Premium,4.0,0.346380325597506,0.9999666677777408,6,1,577.9807339755341
PROP-10128,Islamabad,Sector B-17 Multi Gardens,Flat,3.5,Marla,3.5 Marla,1026,3,3,0.0,1,1,0,0,Backup Generator / Solar; Elevator,2,2.59,1.21,3.44,1.13,2026-10-01,11426000.0,2514278.5306327697,1.3028571263129254,Brand New (0-1y),Tier 3 - Affordable/Suburban,4.5,0.3210272873194221,0.9999666677777408,6,1,341.9886003799873
PROP-12066,Islamabad,Bahria Town Phase 1-8,House,7.0,Marla,7 Marla,2542,4,4,0.8,2,1,0,1,Gated Community; 24/7 Security; Underground Utilities,3,2.65,1.9,0.96,0.17,2026-10-01,43748000.0,5114278.408173703,1.6139682437208365,Brand New (0-1y),Tier 2 - Premium,3.5,0.4072490327835472,0.9999750006249843,8,2,635.4841128971776
PROP-11817,Karachi,Gulshan-e-Iqbal,House,5.0,Marla,5 Marla,1876,3,4,3.4,2,0,0,0,Gated Community; 24/7 Security; Backup Generator / Solar,3,1.72,2.78,2.35,3.49,2026-10-01,25292000.0,4409991.18001764,1.6675555407328395,Modern (2-5y),Tier 2 - Premium,4.0,0.2828054298642534,0.7499812504687383,7,0,625.3124895836805
PROP-15857,Karachi,DHA Defence Phase 7-9,House,5.0,Marla,5 Marla,1864,4,4,1.4,2,0,0,0,Gated Community; 24/7 Security; Underground Utilities,3,1.81,4.12,1.09,1.6,2026-10-01,49015000.0,7789984.42003116,1.6568888741609875,Modern (2-5y),Tier 1 - Ultra Luxury,3.5,0.3390405153415833,0.9999750006249843,8,0,465.98835029124274
PROP-10570,Islamabad,Sector F-6/F-7/E-7,House,7.0,Marla,7 Marla,2654,4,4,10.3,2,0,0,0,24/7 Security; Backup Generator / Solar; Underground Utilities,3,0.79,2.1,5.6,4.43,2026-10-01,81511000.0,9078558.459202202,1.6850793543804483,Established (6-15y),Tier 1 - Ultra Luxury,4.5,0.2474941220146021,0.9999750006249843,8,0,663.4834129146772
PROP-15445,Islamabad,Sector F-6/F-7/E-7,Flat,2.5,Marla,2.5 Marla,679,1,2,1.9,1,0,0,0,Gated Community; 24/7 Security; Backup Generator / Solar; Underground Utilities,4,0.64,1.27,3.15,1.15,2026-10-01,18565000.0,5999976.000096,1.2071110896513584,Modern (2-5y),Tier 1 - Ultra Luxury,5.5,0.4184975936388366,0.4999750012499374,3,0,678.9321067893211
PROP-11896,Islamabad,Sector F-6/F-7/E-7,Farmhouse,800.0,Kanal,2 Kanal,4765,5,5,5.1,2,1,0,0,Gated Community; 24/7 Security; Backup Generator / Solar; Underground Utilities; Servant Quarter; Lawn / Garden; Swimming Pool; Central Heating / Cooling,8,1.23,2.83,3.06,1.27,2026-10-01,455398000.0,426937.4946632813,0.0264722222207515,Established (6-15y),Tier 1 - Ultra Luxury,12.0,0.3511235955056179,0.999980000399992,10,1,952.9809403811925
PROP-12734,Islamabad,Sector G-11/G-13,Flat,2.5,Marla,2.5 Marla,774,2,1,5.5,1,1,0,1,Gated Community; 24/7 Security; Underground Utilities; Elevator,4,3.85,1.59,2.5,0.67,2026-10-01,14901000.0,4679981.28007488,1.3759999755377783,Established (6-15y),Tier 2 - Premium,6.0,0.304228780042592,1.999800019998,3,2,386.9806509674516
PROP-13865,Karachi,Clifton,House,10.0,Marla,10 Marla,1770,2,3,7.0,1,1,0,0,Gated Community; 24/7 Security; Backup Generator / Solar; Underground Utilities; Central Heating / Cooling,5,0.44,4.78,5.97,0.46,2026-10-01,98227000.0,7829992.1700078305,0.7866666631703703,Established (6-15y),Tier 1 - Ultra Luxury,7.0,0.3122073056509522,0.6666444451851604,5,1,884.9557522123893
PROP-14724,Islamabad,Sector F-8/F-10/F-11,Flat,7.5,Marla,7.5 Marla,2267,3,3,8.0,1,1,1,0,Gated Community; 24/7 Security; Underground Utilities; Elevator,4,3.9,0.44,2.53,5.62,2026-10-01,37067000.0,3886661.4844513545,1.3434073994464746,Established (6-15y),Tier 1 - Ultra Luxury,6.0,0.2163097555699762,0.9999666677777408,6,2,755.6414786173793
PROP-14016,Islamabad,Sector F-6/F-7/E-7,House,400.0,Kanal,1 Kanal,6907,5,5,15.7,2,0,0,1,Gated Community; 24/7 Security; Underground Utilities; Servant Quarter,4,1.42,2.13,5.52,2.01,2026-10-01,251265000.0,463749.9884062503,0.0767444444359172,Vintage (16y+),Tier 1 - Ultra Luxury,4.5,0.2838087129274869,0.999980000399992,10,1,1381.372372552549
PROP-12902,Rawalpindi,Chaklala Scheme 3,Flat,2.5,Marla,2.5 Marla,685,1,2,2.1,1,0,0,0,24/7 Security; Backup Generator / Solar; Underground Utilities; Elevator,4,0.2,0.84,5.34,2.46,2026-10-01,11457000.0,3699985.2000592,1.2177777561283956,Modern (2-5y),Tier 2 - Premium,7.0,0.3331112591605596,0.4999750012499374,3,0,684.931506849315
PROP-11687,Islamabad,Sector G-11/G-13,Farmhouse,800.0,Kanal,2 Kanal,4150,4,5,1.7,2,0,0,0,Gated Community; 24/7 Security; Servant Quarter; Lawn / Garden; Central Heating / Cooling,5,0.72,0.77,2.88,1.56,2026-10-01,199652000.0,198312.49752109376,0.0230555555542746,Modern (2-5y),Tier 2 - Premium,5.5,0.4146796599626788,0.7999840003199936,9,0,1037.4740631484212
PROP-13010,Islamabad,Sector F-6/F-7/E-7,Farmhouse,800.0,Kanal,2 Kanal,7769,5,5,0.0,1,0,0,0,24/7 Security; Servant Quarter,2,3.11,0.54,5.21,0.54,2026-10-01,430405000.0,410937.4948632813,0.0431611111087132,Brand New (0-1y),Tier 1 - Ultra Luxury,2.0,0.296428042092782,0.999980000399992,10,0,1553.7689246215075
PROP-10155,Lahore,Lake City,House,5.0,Marla,5 Marla,1862,4,4,7.0,2,0,0,1,Backup Generator / Solar,1,2.33,1.94,2.5,0.84,2026-10-01,25033000.0,3939992.12001576,1.6551110963990123,Established (6-15y),Tier 3 - Affordable/Suburban,2.0,0.3498338289312577,0.9999750006249843,8,1,465.48836279093024
PROP-12538,Islamabad,Sector F-8/F-10/F-11,Lower Portion,7.0,Marla,7 Marla,1259,2,2,4.8,1,0,0,0,Gated Community; 24/7 Security; Underground Utilities; Servant Quarter; Central Heating / Cooling,5,2.39,5.6,2.43,1.47,2026-10-01,32613000.0,3514280.693884724,0.7993650742897456,Established (6-15y),Tier 1 - Ultra Luxury,6.0,0.2775079783543777,0.9999500024998748,4,0,629.4685265736713
PROP-11410,Karachi,PECHS,Flat,3.5,Marla,3.5 Marla,998,2,3,1.5,1,0,1,1,Gated Community; Elevator,2,2.33,2.18,4.03,1.34,2026-10-01,16491000.0,4028559.918400233,1.2673015712088689,Modern (2-5y),Tier 2 - Premium,3.5,0.2984629159826891,0.6666444451851604,5,2,498.9750512474376
PROP-14059,Islamabad,DHA Defence Phase 2,House,400.0,Kanal,1 Kanal,11307,6,5,2.5,3,1,0,0,Gated Community; 24/7 Security; Lawn / Garden,3,2.52,2.1,1.27,2.33,2026-10-01,152243000.0,293374.9926656252,0.125633333319374,Modern (2-5y),Tier 2 - Premium,3.0,0.3174603174603174,1.1999760004799904,11,1,1884.4685921901305
PROP-10785,Karachi,PECHS,House,10.0,Marla,10 Marla,3755,5,6,0.8,2,0,0,0,Gated Community; 24/7 Security; Underground Utilities; Servant Quarter; Lawn / Garden,5,1.37,2.86,0.97,1.69,2026-10-01,75108000.0,6009993.99000601,1.6688888814716047,Brand New (0-1y),Tier 2 - Premium,5.5,0.3832151753209427,0.8333194446759221,11,0,750.984980300394
PROP-13176,Karachi,DHA Defence Phase 7-9,Upper Portion,7.0,Marla,7 Marla,1122,3,3,3.6,1,0,0,0,Gated Community; 24/7 Security; Backup Generator / Solar; Underground Utilities; Central Heating / Cooling,5,0.7,3.99,1.35,0.6,2026-10-01,30901000.0,3878565.887763018,0.7123809478578987,Modern (2-5y),Tier 1 - Ultra Luxury,7.0,0.4360148245040331,0.9999666677777408,6,0,373.987533748875
PROP-14344,Lahore,Bahria Town,Lower Portion,10.0,Marla,10 Marla,1656,3,3,0.7,1,0,0,0,Gated Community; 24/7 Security; Underground Utilities,3,2.04,1.25,3.96,0.87,2026-10-01,23324000.0,1949998.05000195,0.7359999967288888,Brand New (0-1y),Tier 2 - Premium,3.5,0.3384667456422406,0.9999666677777408,6,0,551.9816006133128
PROP-15599,Lahore,Bahria Town,House,400.0,Kanal,1 Kanal,3816,5,5,12.6,1,0,0,0,Gated Community; 24/7 Security; Underground Utilities; Lawn / Garden,4,0.73,2.32,1.43,2.74,2026-10-01,71878000.0,154749.9961312501,0.0423999999952888,Established (6-15y),Tier 2 - Premium,4.5,0.368799557440531,0.999980000399992,10,0,763.184736305274
PROP-15804,Rawalpindi,Bahria Town,House,10.0,Marla,10 Marla,3517,5,5,7.9,2,0,0,0,Gated Community; 24/7 Security; Backup Generator / Solar; Underground Utilities; Servant Quarter,5,2.37,1.21,2.83,0.5,2026-10-01,49510000.0,4264995.735004265,1.5631111041639505,Established (6-15y),Tier 2 - Premium,6.5,0.3667033370003666,0.999980000399992,10,0,703.3859322813544
PROP-12807,Lahore,DHA Defence Phase 5-6,House,5.0,Marla,5 Marla,1858,5,5,0.0,2,0,1,0,Gated Community; 24/7 Security; Backup Generator / Solar; Underground Utilities,4,0.32,1.72,6.74,4.63,2026-10-01,47381000.0,7439985.12002976,1.651555540875062,Brand New (0-1y),Tier 1 - Ultra Luxury,5.5,0.2434867299732164,0.999980000399992,10,1,371.592568148637
PROP-10538,Lahore,Wapda Town,House,5.0,Marla,5 Marla,1865,4,4,0.0,2,1,0,0,Gated Community; 24/7 Security,2,0.56,3.35,2.57,0.65,2026-10-01,28203000.0,4319991.36001728,1.6577777630419754,Brand New (0-1y),Tier 2 - Premium,2.0,0.4153686396677051,0.9999750006249843,8,1,466.238344041399
PROP-15989,Faisalabad,D Ground / Peoples Colony,Flat,2.5,Marla,2.5 Marla,772,2,1,0.0,1,0,0,1,Gated Community; 24/7 Security; Underground Utilities; Central Heating / Cooling,4,1.54,2.6,3.44,0.59,2026-10-01,13453000.0,4399982.4000704,1.3724444200454329,Brand New (0-1y),Tier 1 - Ultra Luxury,5.0,0.3579098067287043,1.999800019998,3,1,385.9807009649517
PROP-11842,Rawalpindi,Bahria Town,House,5.0,Marla,5 Marla,852,2,2,0.0,1,0,1,0,Gated Community; 24/7 Security; Servant Quarter,3,1.03,0.87,1.53,3.77,2026-10-01,22146000.0,3589992.8200143604,0.7573333266014816,Brand New (0-1y),Tier 2 - Premium,3.0,0.3415300546448087,0.9999500024998748,4,1,425.97870106494673
PROP-15019,Islamabad,Sector B-17 Multi Gardens,Flat,3.5,Marla,3.5 Marla,968,2,2,2.4,1,1,0,1,Backup Generator / Solar; Elevator,2,0.47,3.28,1.73,1.25,2026-10-01,11872000.0,2799992.000022857,1.22920633359738,Modern (2-5y),Tier 3 - Affordable/Suburban,4.5,0.4206098843322818,0.9999500024998748,4,2,483.97580120993945
PROP-12456,Karachi,Clifton,Flat,3.5,Marla,3.5 Marla,1017,3,3,9.6,1,1,1,0,24/7 Security; Underground Utilities; Servant Quarter; Central Heating / Cooling,4,1.44,3.03,1.44,1.58,2026-10-01,23320000.0,5842840.449027289,1.2914285550294786,Established (6-15y),Tier 1 - Ultra Luxury,5.0,0.3675794890645102,0.9999666677777408,6,2,338.9887003766541
PROP-10525,Islamabad,Sector F-6/F-7/E-7,Upper Portion,7.0,Marla,7 Marla,1249,3,3,3.1,1,0,1,0,Gated Community; Backup Generator / Solar; Central Heating / Cooling,3,1.57,2.45,3.12,1.29,2026-10-01,32739000.0,3692851.8673544754,0.7930158679808517,Modern (2-5y),Tier 1 - Ultra Luxury,4.5,0.3415300546448087,0.9999666677777408,6,1,416.3194560181327
PROP-15628,Karachi,Gulshan-e-Iqbal,Flat,3.5,Marla,3.5 Marla,953,2,2,9.3,1,0,0,0,Gated Community; Underground Utilities; Servant Quarter; Elevator,4,4.67,0.65,4.46,2.31,2026-10-01,12964000.0,3028562.775534927,1.2101587147916355,Established (6-15y),Tier 2 - Premium,6.0,0.2316423442205235,0.9999500024998748,4,0,476.4761761911904
PROP-12951,Lahore,Bahria Town,House,10.0,Marla,10 Marla,3656,5,5,7.2,2,0,0,0,Gated Community; 24/7 Security; Underground Utilities; Lawn / Garden,4,3.42,4.88,1.93,1.94,2026-10-01,46180000.0,3714996.285003715,1.6248888816671605,Established (6-15y),Tier 2 - Premium,4.5,0.2566076469078778,0.999980000399992,10,0,731.1853762924742
PROP-14133,Karachi,PECHS,Lower Portion,5.0,Marla,5 Marla,874,2,1,4.1,1,1,0,0,Gated Community; 24/7 Security,2,0.89,2.65,1.12,1.58,2026-10-01,17396000.0,3089993.8200123603,0.7768888819832099,Modern (2-5y),Tier 2 - Premium,2.0,0.4154549231408392,1.999800019998,3,1,436.9781510924453
PROP-14783,Karachi,PECHS,Flat,7.5,Marla,7.5 Marla,2266,4,4,4.5,1,0,1,1,Gated Community; 24/7 Security; Underground Utilities; Elevator,4,0.93,6.49,1.42,1.36,2026-10-01,32756000.0,3626661.831117559,1.3428148068573935,Modern (2-5y),Tier 2 - Premium,6.0,0.3343363423604145,0.9999750006249843,8,2,566.4858378540537
PROP-14117,Lahore,DHA Defence Phase 5-6,Lower Portion,7.0,Marla,7 Marla,1257,3,4,0.0,1,0,0,0,Gated Community; 24/7 Security; Backup Generator / Solar; Underground Utilities,4,2.52,3.2,4.05,1.01,2026-10-01,26921000.0,3228566.81633312,0.7980952330279668,Brand New (0-1y),Tier 1 - Ultra Luxury,5.5,0.2877697841726619,0.7499812504687383,7,0,418.9860337988733
PROP-12369,Faisalabad,D Ground / Peoples Colony,Upper Portion,5.0,Marla,5 Marla,860,1,1,0.0,1,0,1,0,Gated Community; 24/7 Security; Backup Generator / Solar; Servant Quarter; Central Heating / Cooling,5,2.57,2.73,1.64,1.99,2026-10-01,22567000.0,3619992.76001448,0.7644444376493827,Brand New (0-1y),Tier 1 - Ultra Luxury,6.5,0.3092145949288806,0.999900009999,2,1,859.9140085991401
PROP-13849,Faisalabad,D Ground / Peoples Colony,House,10.0,Marla,10 Marla,3501,5,4,9.3,2,0,0,1,Gated Community; 24/7 Security; Underground Utilities; Servant Quarter; Central Heating / Cooling,5,2.79,2.92,1.06,2.35,2026-10-01,68400000.0,5539994.46000554,1.5559999930844444,Established (6-15y),Tier 1 - Ultra Luxury,6.0,0.3001650907999399,1.2499687507812305,9,1,700.1859962800744
PROP-14498,Karachi,PECHS,Upper Portion,7.0,Marla,7 Marla,1291,2,2,12.9,1,0,0,0,Gated Community; 24/7 Security; Lawn / Garden,3,0.47,4.08,4.68,3.75,2026-10-01,19198000.0,2342853.7959231487,0.8196825344782062,Vintage (16y+),Tier 2 - Premium,3.0,0.260586319218241,0.9999500024998748,4,0,645.4677266136692
PROP-12702,Lahore,DHA Defence Phase 5-6,House,10.0,Marla,10 Marla,3554,5,5,0.0,2,1,0,0,Gated Community; 24/7 Security; Backup Generator / Solar; Underground Utilities; Servant Quarter; Lawn / Garden,6,2.58,1.33,2.6,0.75,2026-10-01,96712000.0,7904992.095007906,1.5795555485353086,Brand New (0-1y),Tier 1 - Ultra Luxury,7.5,0.3511852502194907,0.999980000399992,10,1,710.7857842843143
PROP-10972,Karachi,Gulshan-e-Iqbal,House,400.0,Kanal,1 Kanal,6788,6,6,0.8,2,0,0,0,Gated Community; Backup Generator / Solar; Servant Quarter,3,0.46,5.15,2.72,1.28,2026-10-01,104927000.0,224999.99437500013,0.0754222222138419,Brand New (0-1y),Tier 2 - Premium,4.0,0.3494670627293377,0.9999833336111064,12,0,1131.3144780920318
PROP-16005,Faisalabad,Madina Town,House,5.0,Marla,5 Marla,1945,4,5,0.0,2,1,0,1,24/7 Security; Backup Generator / Solar; Underground Utilities,3,0.18,3.38,4.77,3.95,2026-10-01,29707000.0,4879990.240019521,1.7288888735209875,Brand New (0-1y),Tier 2 - Premium,4.5,0.2696144513345915,0.7999840003199936,9,2,486.2378440538987
PROP-11167,Lahore,DHA Defence Phase 5-6,House,3.0,Marla,3 Marla,1127,2,2,15.3,2,0,0,0,Gated Community; 24/7 Security; Underground Utilities,3,2.0,2.62,0.58,1.25,2026-10-01,24063000.0,6249979.166736111,1.6696296048943764,Vintage (16y+),Tier 1 - Ultra Luxury,3.5,0.3869969040247679,0.9999500024998748,4,0,563.4718264086795
PROP-15214,Karachi,DHA Defence Phase 7-9,Flat,3.5,Marla,3.5 Marla,873,2,3,0.0,1,1,1,1,Gated Community; 24/7 Security; Backup Generator / Solar; Underground Utilities; Elevator,5,0.7,5.95,2.65,0.73,2026-10-01,26180000.0,6399981.714337959,1.1085714144943313,Brand New (0-1y),Tier 1 - Ultra Luxury,8.0,0.3464403256539061,0.6666444451851604,5,3,436.4781760911954
PROP-14932,Lahore,Johar Town,House,5.0,Marla,5 Marla,1797,3,4,1.7,2,0,0,0,Gated Community; Underground Utilities,2,0.4,1.3,2.18,0.22,2026-10-01,29347000.0,4639990.72001856,1.597333319134815,Modern (2-5y),Tier 2 - Premium,2.5,0.5443658138268916,0.7499812504687383,7,0,598.9800339988667
PROP-15922,Karachi,DHA Defence Phase 7-9,House,10.0,Marla,10 Marla,3870,5,5,4.0,2,1,0,0,Gated Community; 24/7 Security; Backup Generator / Solar; Underground Utilities; Lawn / Garden; Central Heating / Cooling,6,1.46,3.52,1.29,0.45,2026-10-01,101353000.0,8539991.460008541,1.7199999923555551,Modern (2-5y),Tier 1 - Ultra Luxury,8.0,0.4111842105263158,0.999980000399992,10,1,773.9845203095938
PROP-12775,Karachi,Gulshan-e-Iqbal,Flat,2.5,Marla,2.5 Marla,656,2,2,2.2,1,0,0,1,Gated Community; 24/7 Security; Underground Utilities; Elevator,4,0.92,2.66,0.78,2.0,2026-10-01,10470000.0,3559985.7600569595,1.166222201489383,Modern (2-5y),Tier 2 - Premium,6.0,0.4037141703673799,0.9999500024998748,4,1,327.9836008199589
PROP-11983,Karachi,Gulshan-e-Iqbal,Penthouse,3.0,Marla,3 Marla,2912,4,4,4.8,2,1,0,0,Gated Community; 24/7 Security; Backup Generator / Solar; Servant Quarter; Lawn / Garden; Elevator,6,0.25,1.86,2.18,1.27,2026-10-01,29848000.0,8266639.111202963,4.314074010161867,Established (6-15y),Tier 2 - Premium,8.5,0.4579803068468056,0.9999750006249843,8,1,727.9818004549886
PROP-10854,Lahore,Model Town,House,3.0,Marla,3 Marla,1123,2,2,2.9,2,1,0,1,Gated Community; 24/7 Security; Backup Generator / Solar; Underground Utilities; Central Heating / Cooling,5,0.65,1.34,1.7,2.43,2026-10-01,34923000.0,9683301.055663148,1.6637036790562418,Modern (2-5y),Tier 1 - Ultra Luxury,7.0,0.4004004004004003,0.9999500024998748,4,2,561.4719264036797
PROP-14148,Rawalpindi,Bahria Town,House,5.0,Marla,5 Marla,1732,3,3,0.0,2,1,0,0,Gated Community; 24/7 Security; Backup Generator / Solar; Underground Utilities,4,0.8,1.0,4.73,2.81,2026-10-01,21676000.0,3769992.46001508,1.5395555418706175,Brand New (0-1y),Tier 2 - Premium,5.5,0.3106554830692762,0.9999666677777408,6,1,577.314089530349
PROP-13738,Karachi,DHA Defence Phase 7-9,House,7.0,Marla,7 Marla,1303,3,3,3.1,1,0,0,0,Gated Community; 24/7 Security; Backup Generator / Solar; Underground Utilities,4,1.88,1.9,4.55,0.28,2026-10-01,48967000.0,6028562.816338834,0.8273015820488788,Modern (2-5y),Tier 1 - Ultra Luxury,5.5,0.3404834865509023,0.9999666677777408,6,0,434.318856038132
PROP-13771,Islamabad,Sector E-11,House,5.0,Marla,5 Marla,2640,5,5,14.0,3,0,0,0,Gated Community; 24/7 Security; Backup Generator / Solar,3,0.76,1.28,3.46,1.13,2026-10-01,29914000.0,4429991.14001772,2.3466666458074075,Vintage (16y+),Tier 2 - Premium,4.0,0.4017677782241864,0.999980000399992,10,0,527.9894402111958
PROP-10575,Lahore,DHA Defence Phase 5-6,House,400.0,Kanal,1 Kanal,7148,5,5,0.7,2,0,0,0,24/7 Security; Backup Generator / Solar; Underground Utilities; Servant Quarter,4,1.13,1.44,2.2,1.13,2026-10-01,155232000.0,311499.9922125002,0.0794222222133975,Brand New (0-1y),Tier 1 - Ultra Luxury,5.5,0.418322526668061,0.999980000399992,10,0,1429.571408571829
PROP-13262,Karachi,PECHS,Lower Portion,7.0,Marla,7 Marla,1179,3,2,10.3,1,0,0,0,Gated Community; 24/7 Security; Underground Utilities,3,2.1,3.01,1.01,0.66,2026-10-01,21891000.0,2649996.2142911227,0.7485714238185941,Established (6-15y),Tier 2 - Premium,3.5,0.3866228494104001,1.4999250037498124,5,0,392.9869004366521
PROP-11149,Karachi,Gulshan-e-Iqbal,Flat,2.5,Marla,2.5 Marla,685,1,1,5.2,1,0,0,0,Gated Community; 24/7 Security; Backup Generator / Solar; Servant Quarter; Elevator,5,2.12,1.56,4.2,4.37,2026-10-01,12102000.0,3979984.08006368,1.2177777561283956,Established (6-15y),Tier 2 - Premium,7.5,0.242306760358614,0.999900009999,2,0,684.931506849315
PROP-16296,Karachi,Clifton,Flat,5.0,Marla,5 Marla,1321,3,2,4.7,1,0,0,0,24/7 Security; Backup Generator / Solar; Underground Utilities; Servant Quarter; Elevator,5,1.24,2.94,2.4,0.16,2026-10-01,27978000.0,4649990.700018601,1.1742222117846914,Established (6-15y),Tier 1 - Ultra Luxury,8.0,0.4161464835622139,1.4999250037498124,5,0,440.3186560447985
PROP-16460,Karachi,PECHS,Flat,2.5,Marla,2.5 Marla,715,2,2,5.7,1,1,0,0,Gated Community; 24/7 Security; Swimming Pool; Elevator,4,2.84,0.61,0.45,2.39,2026-10-01,12650000.0,4219983.12006752,1.2711110885135808,Established (6-15y),Tier 2 - Premium,7.5,0.3457216940363007,0.9999500024998748,4,1,357.4821258937053
PROP-16451,Lahore,Model Town,House,5.0,Marla,5 Marla,1751,2,1,3.2,2,0,0,0,Gated Community; Backup Generator / Solar; Underground Utilities,3,1.81,1.56,0.75,1.8,2026-10-01,44304000.0,6979986.04002792,1.556444430609383,Modern (2-5y),Tier 1 - Ultra Luxury,4.5,0.3910068426197458,1.999800019998,3,0,875.4562271886405
PROP-11716,Karachi,Bahria Town Karachi,Flat,3.5,Marla,3.5 Marla,1072,2,2,1.6,1,0,1,0,Gated Community; 24/7 Security,2,1.54,0.47,4.96,2.55,2026-10-01,8726000.0,2014279.9592001168,1.3612698239838752,Modern (2-5y),Tier 3 - Affordable/Suburban,2.0,0.2970444081390168,0.9999500024998748,4,1,535.973201339933
PROP-14780,Rawalpindi,Bahria Town,House,5.0,Marla,5 Marla,1838,4,5,2.6,2,1,0,1,Gated Community; Backup Generator / Solar,2,0.86,1.67,4.49,3.91,2026-10-01,26642000.0,4629990.7400185205,1.6337777632553088,Modern (2-5y),Tier 2 - Premium,3.0,0.2760524499654934,0.7999840003199936,9,2,459.4885127871804
PROP-14936,Karachi,Malir Cantt,House,7.0,Marla,7 Marla,1338,3,3,0.0,1,1,0,1,24/7 Security; Swimming Pool,2,3.08,5.21,3.05,3.93,2026-10-01,33713000.0,4064279.90817156,0.8495238041300076,Brand New (0-1y),Tier 2 - Premium,4.0,0.2151231580079596,0.9999666677777408,6,2,445.98513382887234
PROP-13856,Faisalabad,Madina Town,House,10.0,Marla,10 Marla,3719,5,5,0.8,2,0,0,0,Gated Community; 24/7 Security; Underground Utilities; Servant Quarter; Central Heating / Cooling,5,0.65,1.86,3.23,1.82,2026-10-01,50536000.0,4179995.82000418,1.6528888815427158,Brand New (0-1y),Tier 2 - Premium,6.0,0.3705762460626273,0.999980000399992,10,0,743.7851242975141
PROP-15176,Islamabad,DHA Defence Phase 2,House,7.0,Marla,7 Marla,1252,3,2,0.8,1,0,0,0,Gated Community; 24/7 Security; Underground Utilities,3,1.08,6.09,1.21,1.37,2026-10-01,29326000.0,3571423.469395044,0.7949206298735199,Brand New (0-1y),Tier 2 - Premium,3.5,0.3396162336559687,1.4999250037498124,5,0,417.31942268591047
PROP-12492,Islamabad,Sector F-6/F-7/E-7,Flat,5.0,Marla,5 Marla,1407,3,3,5.7,1,0,0,0,Gated Community; 24/7 Security; Backup Generator / Solar; Underground Utilities; Elevator,5,2.09,2.53,1.86,2.51,2026-10-01,32556000.0,5399989.2000216,1.2506666555496295,Established (6-15y),Tier 1 - Ultra Luxury,8.0,0.3090234857849196,0.9999666677777408,6,0,468.9843671877604
PROP-12661,Karachi,Bahria Town Karachi,Penthouse,5.0,Marla,5 Marla,3708,5,5,0.8,2,0,0,1,Gated Community; Elevator,2,2.25,4.97,1.94,1.01,2026-10-01,24292000.0,3849992.3000154,3.2959999707022227,Brand New (0-1y),Tier 3 - Affordable/Suburban,3.5,0.3101736972704715,0.999980000399992,10,1,741.5851682966342
PROP-16410,Islamabad,Sector F-8/F-10/F-11,House,3.0,Marla,3 Marla,1111,3,3,3.5,2,0,0,0,Gated Community; 24/7 Security; Underground Utilities,3,1.92,5.52,2.73,2.63,2026-10-01,29753000.0,7416641.944526851,1.6459259015418386,Modern (2-5y),Tier 1 - Ultra Luxury,3.5,0.2607561929595828,0.9999666677777408,6,0,370.32098930035664
PROP-13125,Lahore,Johar Town,Upper Portion,400.0,Kanal,1 Kanal,3628,6,6,0.7,1,0,0,0,Gated Community; 24/7 Security; Backup Generator / Solar,3,1.08,5.04,0.97,2.1,2026-10-01,56837000.0,115124.99712187509,0.040311111106632,Brand New (0-1y),Tier 2 - Premium,4.0,0.3380662609871535,0.9999833336111064,12,0,604.656589056849
PROP-15694,Karachi,PECHS,Flat,2.5,Marla,2.5 Marla,777,1,1,2.5,1,0,0,0,24/7 Security; Backup Generator / Solar; Elevator,3,1.23,0.51,4.11,2.31,2026-10-01,10583000.0,3439986.2400550395,1.381333308776297,Modern (2-5y),Tier 2 - Premium,5.5,0.3309066843150232,0.999900009999,2,0,776.922307769223
PROP-13052,Lahore,Bahria Town,House,5.0,Marla,5 Marla,1786,2,2,0.7,2,1,0,0,Gated Community; 24/7 Security,2,0.22,2.15,3.74,1.86,2026-10-01,27279000.0,4339991.32001736,1.5875555414439508,Brand New (0-1y),Tier 2 - Premium,2.0,0.3696174459434486,0.9999500024998748,4,1,892.9553522323882
PROP-10005,Rawalpindi,Bahria Town,House,5.0,Marla,5 Marla,1722,2,3,1.7,2,0,0,0,Backup Generator / Solar,1,1.1,2.51,5.49,2.54,2026-10-01,24757000.0,3839992.32001536,1.530666653060741,Modern (2-5y),Tier 2 - Premium,2.0,0.2761286759629987,0.6666444451851604,5,0,860.9569521523923
PROP-15225,Lahore,Johar Town,House,3.0,Marla,3 Marla,1102,3,3,0.9,2,0,0,0,Gated Community; 24/7 Security; Underground Utilities; Lawn / Garden,4,0.7,5.16,2.09,0.28,2026-10-01,20383000.0,5266649.11116963,1.632592568406036,Brand New (0-1y),Tier 2 - Premium,4.5,0.3966679888932963,0.9999666677777408,6,0,367.3210892970234
PROP-15318,Rawalpindi,Adiala Road,Lower Portion,10.0,Marla,10 Marla,1798,3,3,11.9,1,0,0,0,Gated Community; 24/7 Security,2,0.93,2.61,1.47,1.55,2026-10-01,10613000.0,909999.09000091,0.7991111075595061,Established (6-15y),Tier 3 - Affordable/Suburban,2.0,0.4038772213247173,0.9999666677777408,6,0,599.3133562214592
PROP-14872,Islamabad,Sector F-6/F-7/E-7,Lower Portion,7.0,Marla,7 Marla,1208,3,3,3.5,1,0,0,0,Gated Community; 24/7 Security; Backup Generator / Solar,3,2.06,1.18,4.12,0.76,2026-10-01,37670000.0,4378565.173478324,0.7669841221143865,Modern (2-5y),Tier 1 - Ultra Luxury,4.0,0.3389830508474576,0.9999666677777408,6,0,402.6532448918369
PROP-10877,Lahore,Gulberg,Farmhouse,800.0,Kanal,2 Kanal,5072,7,7,1.4,2,0,0,0,Gated Community; 24/7 Security; Backup Generator / Solar; Underground Utilities; Servant Quarter; Lawn / Garden,6,2.43,0.31,1.3,1.36,2026-10-01,263180000.0,279062.4965117188,0.0281777777762123,Modern (2-5y),Tier 1 - Ultra Luxury,7.5,0.3898635477582845,0.999985714489793,14,0,724.56107769889
PROP-10992,Lahore,Model Town,House,7.0,Marla,7 Marla,2690,4,5,0.0,2,0,1,0,Gated Community; 24/7 Security; Backup Generator / Solar; Servant Quarter; Central Heating / Cooling,5,0.74,2.04,3.28,0.31,2026-10-01,65015000.0,7414275.122464111,1.7079364970924666,Brand New (0-1y),Tier 1 - Ultra Luxury,6.5,0.4321521175453759,0.7999840003199936,9,1,672.483187920302
PROP-14144,Rawalpindi,Bahria Town,House,5.0,Marla,5 Marla,977,1,1,6.7,1,0,0,0,Gated Community; 24/7 Security; Underground Utilities,3,0.76,2.64,4.79,0.42,2026-10-01,17646000.0,3089993.8200123603,0.8684444367249383,Established (6-15y),Tier 2 - Premium,3.5,0.3641660597232338,0.999900009999,2,0,976.9023097690232
PROP-14367,Lahore,Askari,Upper Portion,7.0,Marla,7 Marla,1238,2,2,4.9,1,0,1,0,Gated Community; 24/7 Security; Underground Utilities; Central Heating / Cooling,4,0.85,0.84,6.75,5.64,2026-10-01,23668000.0,2849995.928577245,0.7860317410410683,Established (6-15y),Tier 2 - Premium,5.0,0.2239390885679095,0.9999500024998748,4,1,618.9690515474225
PROP-14468,Karachi,North Nazimabad,Flat,2.5,Marla,2.5 Marla,759,2,2,17.8,1,0,0,0,Gated Community; 24/7 Security; Underground Utilities; Servant Quarter; Elevator,5,1.23,2.27,3.29,2.6,2026-10-01,8866000.0,2999988.000048,1.3493333093451856,Vintage (16y+),Tier 2 - Premium,7.0,0.3116235587410408,0.9999500024998748,4,0,379.48102594870255
PROP-10636,Karachi,Clifton,Flat,3.5,Marla,3.5 Marla,934,2,2,1.6,1,1,0,1,Gated Community; 24/7 Security; Backup Generator / Solar; Underground Utilities; Central Heating / Cooling; Elevator,6,1.88,0.7,1.72,2.76,2026-10-01,26678000.0,6542838.449033002,1.1860317309710258,Modern (2-5y),Tier 1 - Ultra Luxury,9.5,0.3407155025553663,0.9999500024998748,4,2,466.9766511674416
PROP-15228,Islamabad,Bahria Town Phase 1-8,Lower Portion,10.0,Marla,10 Marla,1809,5,4,9.3,1,0,0,0,Gated Community; 24/7 Security; Backup Generator / Solar,3,1.37,1.84,3.66,2.33,2026-10-01,26646000.0,1989998.01000199,0.8039999964266666,Established (6-15y),Tier 2 - Premium,4.0,0.3138239447669858,1.2499687507812305,9,0,361.7927641447171
PROP-11694,Islamabad,Sector B-17 Multi Gardens,Flat,3.5,Marla,3.5 Marla,1063,2,2,2.8,1,1,0,0,Backup Generator / Solar,1,0.64,3.4,2.7,0.17,2026-10-01,9595000.0,2099994.000017143,1.3498412527004289,Modern (2-5y),Tier 3 - Affordable/Suburban,2.0,0.4301075268817204,0.9999500024998748,4,1,531.4734263286836
PROP-11683,Rawalpindi,Chaklala Scheme 3,House,5.0,Marla,5 Marla,2888,4,4,0.7,3,0,0,0,Gated Community; 24/7 Security,2,5.28,1.68,2.13,7.82,2026-10-01,31263000.0,5339989.32002136,2.567111088292346,Brand New (0-1y),Tier 2 - Premium,2.0,0.1702997275204359,0.9999750006249843,8,0,721.9819504512387
PROP-14755,Karachi,DHA Defence Phase 7-9,House,5.0,Marla,5 Marla,1779,2,2,10.3,2,0,0,0,Gated Community; 24/7 Security; Underground Utilities,3,0.99,1.29,1.93,0.65,2026-10-01,54139000.0,8549982.9000342,1.5813333192770371,Established (6-15y),Tier 1 - Ultra Luxury,3.5,0.4714757190004714,0.9999500024998748,4,0,889.4555272236387
PROP-10120,Karachi,Gulshan-e-Iqbal,Flat,5.0,Marla,5 Marla,1512,3,3,0.8,1,1,0,0,Gated Community; 24/7 Security; Backup Generator / Solar; Underground Utilities; Central Heating / Cooling; Elevator,6,1.81,2.28,5.14,1.95,2026-10-01,21735000.0,3589992.8200143604,1.3439999880533335,Brand New (0-1y),Tier 2 - Premium,9.5,0.2786679671171798,0.9999666677777408,6,1,503.9832005599813
PROP-10831,Lahore,DHA Defence Phase 7-9,Lower Portion,10.0,Marla,10 Marla,1628,3,3,0.9,1,0,0,0,Gated Community; 24/7 Security,2,0.69,2.48,3.66,2.75,2026-10-01,22795000.0,1884998.115001885,0.723555552339753,Brand New (0-1y),Tier 2 - Premium,2.0,0.315407664406245,0.9999666677777408,6,0,542.6485783807206
PROP-15909,Islamabad,Sector B-17 Multi Gardens,House,10.0,Marla,10 Marla,3461,4,4,1.7,2,0,0,0,24/7 Security; Backup Generator / Solar; Servant Quarter; Lawn / Garden,4,0.8,1.2,2.03,1.08,2026-10-01,35835000.0,2689997.31000269,1.5382222153856788,Modern (2-5y),Tier 3 - Affordable/Suburban,5.0,0.4566210045662101,0.9999750006249843,8,0,865.2283692907678
PROP-13677,Karachi,North Nazimabad,Flat,3.5,Marla,3.5 Marla,927,1,1,3.6,1,1,0,0,Gated Community; 24/7 Security; Backup Generator / Solar; Underground Utilities; Elevator,5,0.43,3.04,5.72,4.57,2026-10-01,16470000.0,3828560.489827172,1.1771428421950116,Modern (2-5y),Tier 2 - Premium,8.0,0.2426301103967002,0.999900009999,2,1,926.9073092690732
PROP-15180,Karachi,DHA Defence Phase 7-9,House,7.0,Marla,7 Marla,1313,3,3,0.0,1,0,0,0,Gated Community; 24/7 Security; Underground Utilities; Central Heating / Cooling,4,0.39,2.09,4.08,0.83,2026-10-01,53494000.0,6549990.642870511,0.8336507883577727,Brand New (0-1y),Tier 1 - Ultra Luxury,5.0,0.3976143141153082,0.9999666677777408,6,0,437.6520782640578
PROP-16073,Lahore,Askari,Flat,5.0,Marla,5 Marla,1403,2,2,2.3,1,0,0,0,Gated Community; 24/7 Security; Servant Quarter; Elevator,4,3.33,1.03,2.85,2.22,2026-10-01,18859000.0,3049993.9000122,1.2471111000256792,Modern (2-5y),Tier 2 - Premium,5.5,0.2812148481439819,0.9999500024998748,4,0,701.4649267536622
PROP-11370,Lahore,DHA Defence Phase 5-6,Flat,3.5,Marla,3.5 Marla,886,1,1,0.0,1,1,1,0,Gated Community; 24/7 Security; Backup Generator / Solar; Underground Utilities; Central Heating / Cooling; Elevator,6,2.35,3.37,1.65,1.1,2026-10-01,22542000.0,5328556.204125131,1.125079350792643,Brand New (0-1y),Tier 1 - Ultra Luxury,9.5,0.3346720214190093,0.999900009999,2,2,885.9114088591141
PROP-10741,Karachi,North Nazimabad,Flat,2.5,Marla,2.5 Marla,631,2,2,6.4,1,0,0,0,Gated Community; 24/7 Security; Underground Utilities,3,1.16,1.0,4.23,3.31,2026-10-01,7725000.0,2679989.28004288,1.121777757835062,Established (6-15y),Tier 2 - Premium,3.5,0.2945508100147275,0.9999500024998748,4,0,315.48422578871055
PROP-10117,Lahore,Model Town,Lower Portion,5.0,Marla,5 Marla,886,2,2,1.6,1,0,1,0,Gated Community; 24/7 Security; Backup Generator / Solar; Underground Utilities,4,2.25,1.25,1.81,1.25,2026-10-01,27439000.0,4279991.44001712,0.7875555485550618,Modern (2-5y),Tier 1 - Ultra Luxury,5.5,0.3687315634218289,0.9999500024998748,4,1,442.97785110744456
PROP-15952,Rawalpindi,Bahria Town,Upper Portion,5.0,Marla,5 Marla,918,2,2,0.8,1,0,0,0,Gated Community; 24/7 Security; Backup Generator / Solar; Underground Utilities,4,0.81,2.21,3.95,0.89,2026-10-01,12756000.0,2049995.9000082,0.8159999927466668,Brand New (0-1y),Tier 2 - Premium,5.5,0.3742514970059881,0.9999500024998748,4,0,458.9770511474426
PROP-12839,Karachi,PECHS,Flat,3.5,Marla,3.5 Marla,874,1,1,1.7,1,1,1,0,Gated Community; 24/7 Security; Elevator,3,1.32,5.47,2.91,2.11,2026-10-01,15270000.0,3785703.469418659,1.1098412557480477,Modern (2-5y),Tier 2 - Premium,4.5,0.2859185132237312,0.999900009999,2,2,873.9126087391261
PROP-11151,Lahore,Wapda Town,House,400.0,Kanal,1 Kanal,6869,6,7,2.2,2,0,0,0,Gated Community; 24/7 Security; Underground Utilities; Servant Quarter; Lawn / Garden,5,2.71,5.82,1.19,1.01,2026-10-01,105572000.0,208249.9947937501,0.0763222222137419,Modern (2-5y),Tier 2 - Premium,5.5,0.2973977695167286,0.8571306124198226,13,0,1144.814253095782
PROP-11932,Lahore,Model Town,House,5.0,Marla,5 Marla,1933,4,5,5.9,2,0,1,0,Gated Community; 24/7 Security; Backup Generator / Solar; Underground Utilities,4,1.51,2.79,3.06,1.29,2026-10-01,40311000.0,6619986.76002648,1.718222206949136,Established (6-15y),Tier 1 - Ultra Luxury,5.5,0.3394433129667345,0.7999840003199936,9,1,483.23791905202376
PROP-11013,Lahore,Bahria Town,House,5.0,Marla,5 Marla,1704,3,2,13.4,2,0,0,0,Gated Community; 24/7 Security; Backup Generator / Solar; Underground Utilities,4,2.33,2.67,0.77,3.59,2026-10-01,24429000.0,3989992.02001596,1.5146666532029631,Vintage (16y+),Tier 2 - Premium,5.5,0.2901073397156948,1.4999250037498124,5,0,567.9810672977567
PROP-11665,Lahore,Lake City,House,10.0,Marla,10 Marla,1769,2,2,14.2,1,0,0,0,Gated Community; 24/7 Security; Lawn / Garden,3,1.43,4.83,4.33,2.31,2026-10-01,30140000.0,2469997.53000247,0.7862222187279012,Vintage (16y+),Tier 3 - Affordable/Suburban,3.0,0.2642706131078224,0.9999500024998748,4,0,884.4557772111393
PROP-11082,Lahore,DHA Defence Phase 5-6,House,10.0,Marla,10 Marla,1725,3,3,2.7,1,1,0,0,Gated Community; 24/7 Security; Backup Generator / Solar; Lawn / Garden; Central Heating / Cooling,5,1.77,3.33,3.2,1.7,2026-10-01,67531000.0,5584994.415005585,0.7666666632592593,Modern (2-5y),Tier 1 - Ultra Luxury,6.5,0.3059039461609054,0.9999666677777408,6,1,574.9808339722009
PROP-14732,Lahore,Bahria Town,House,3.0,Marla,3 Marla,1072,3,3,11.3,2,0,0,0,Gated Community; 24/7 Security; Backup Generator / Solar; Underground Utilities; Swimming Pool,5,3.81,2.12,4.18,6.38,2026-10-01,21375000.0,5716647.611174629,1.5881481246200275,Established (6-15y),Tier 2 - Premium,8.5,0.1851337591409793,0.9999666677777408,6,0,357.321422619246
PROP-10513,Karachi,Gulshan-e-Iqbal,Flat,2.5,Marla,2.5 Marla,750,1,1,3.9,1,0,0,0,Gated Community; 24/7 Security; Backup Generator / Solar; Underground Utilities,4,0.9,7.78,4.73,1.49,2026-10-01,9575000.0,3259986.96005216,1.33333330962963,Modern (2-5y),Tier 2 - Premium,5.5,0.2580645161290322,0.999900009999,2,0,749.9250074992501
PROP-12850,Rawalpindi,Chaklala Scheme 3,House,10.0,Marla,10 Marla,3386,5,6,0.8,2,0,0,0,Gated Community; 24/7 Security; Backup Generator / Solar; Underground Utilities,4,1.6,7.7,1.76,2.21,2026-10-01,51517000.0,4359995.64000436,1.5048888822004938,Brand New (0-1y),Tier 2 - Premium,5.5,0.2680965147453083,0.8333194446759221,11,0,677.1864562708746
PROP-15218,Lahore,Allama Iqbal Town,House,3.0,Marla,3 Marla,1161,3,3,1.5,2,0,0,0,24/7 Security; Backup Generator / Solar,2,4.45,4.16,1.22,0.73,2026-10-01,12489000.0,3350988.830037233,1.719999974518519,Modern (2-5y),Tier 3 - Affordable/Suburban,3.0,0.2743860611880916,0.9999666677777408,6,0,386.9871004299856
PROP-15240,Rawalpindi,Saddar Cantt,House,3.0,Marla,3 Marla,1065,2,2,3.6,2,1,0,0,Gated Community; 24/7 Security,2,1.62,2.47,5.91,2.79,2026-10-01,21497000.0,6166646.111179629,1.5777777544032925,Modern (2-5y),Tier 1 - Ultra Luxury,2.0,0.2527486414760521,0.9999500024998748,4,1,532.4733763311834
PROP-10560,Karachi,North Nazimabad,House,7.0,Marla,7 Marla,1201,3,3,4.7,1,0,0,0,Gated Community; 24/7 Security,2,0.79,1.02,5.28,2.69,2026-10-01,23730000.0,2892853.010209985,0.7625396776981608,Established (6-15y),Tier 2 - Premium,2.0,0.3037205770690964,0.9999666677777408,6,0,400.31998933368885
PROP-13674,Islamabad,Sector G-11/G-13,Flat,3.5,Marla,3.5 Marla,1030,3,3,1.5,1,0,0,1,Gated Community; 24/7 Security; Underground Utilities; Servant Quarter; Elevator,5,0.47,3.56,3.78,1.06,2026-10-01,18050000.0,4142845.306156268,1.3079364913277909,Modern (2-5y),Tier 2 - Premium,7.0,0.3606853020739405,0.9999666677777408,6,1,343.32188927035764
PROP-14586,Islamabad,Sector E-11,House,7.0,Marla,7 Marla,2547,4,4,7.5,2,0,0,0,24/7 Security; Servant Quarter,2,0.55,1.96,0.94,2.2,2026-10-01,44403000.0,4878564.45919363,1.6171428468752835,Established (6-15y),Tier 2 - Premium,2.0,0.4283572499464553,0.9999750006249843,8,0,636.7340816479589
PROP-14995,Lahore,Lake City,House,5.0,Marla,5 Marla,935,2,2,19.3,1,1,0,0,Gated Community; Backup Generator / Solar; Underground Utilities; Servant Quarter,4,1.18,0.78,2.31,1.46,2026-10-01,20111000.0,3179993.64001272,0.8311111037234569,Vintage (16y+),Tier 3 - Affordable/Suburban,5.5,0.411522633744856,0.9999500024998748,4,1,467.4766261686915
PROP-13345,Karachi,PECHS,Penthouse,10.0,Marla,10 Marla,2961,3,2,0.8,1,0,0,0,Gated Community; 24/7 Security; Underground Utilities; Elevator,4,1.36,2.01,2.75,2.44,2026-10-01,41444000.0,3544996.455003545,1.3159999941511111,Brand New (0-1y),Tier 2 - Premium,6.0,0.3268507926131721,1.4999250037498124,5,0,986.96710109663
PROP-15311,Lahore,DHA Defence Phase 5-6,Flat,3.5,Marla,3.5 Marla,902,2,2,0.8,1,0,0,1,Gated Community; 24/7 Security; Backup Generator / Solar; Underground Utilities; Central Heating / Cooling,5,2.99,4.78,4.39,1.47,2026-10-01,20163000.0,4614272.530649913,1.145396810852104,Brand New (0-1y),Tier 1 - Ultra Luxury,7.0,0.2449479485609308,0.9999500024998748,4,1,450.9774511274436
PROP-14072,Karachi,Clifton,House,7.0,Marla,7 Marla,2380,4,3,5.9,2,1,0,0,Gated Community; 24/7 Security; Backup Generator / Solar; Central Heating / Cooling,4,1.75,1.26,2.91,1.27,2026-10-01,67323000.0,7771417.469403615,1.5111111015167549,Established (6-15y),Tier 1 - Ultra Luxury,5.5,0.3617290649303671,1.3332888903703208,7,1,594.9851253718657
PROP-14802,Lahore,Johar Town,House,400.0,Kanal,1 Kanal,7420,5,5,0.0,2,0,0,0,Gated Community; 24/7 Security; Underground Utilities; Servant Quarter; Lawn / Garden,5,1.82,3.29,0.57,2.63,2026-10-01,104454000.0,221999.99445000011,0.0824444444352839,Brand New (0-1y),Tier 2 - Premium,5.5,0.3296522169111587,0.999980000399992,10,0,1483.9703205935882
PROP-11471,Karachi,PECHS,Penthouse,400.0,Kanal,1 Kanal,3640,5,6,6.9,1,0,0,0,Gated Community; 24/7 Security; Elevator,3,2.05,2.09,1.94,0.89,2026-10-01,84454000.0,171749.9957062501,0.0404444444399506,Established (6-15y),Tier 2 - Premium,4.5,0.3723008190618019,0.8333194446759221,11,0,727.9854402911942
PROP-10581,Lahore,DHA Defence Phase 5-6,House,5.0,Marla,5 Marla,971,2,2,1.6,1,0,0,0,Gated Community; 24/7 Security; Backup Generator / Solar; Underground Utilities,4,0.8,3.23,3.87,0.85,2026-10-01,37982000.0,6239987.520024961,0.8631111034390124,Modern (2-5y),Tier 1 - Ultra Luxury,5.5,0.3579738679076427,0.9999500024998748,4,0,485.47572621368926
PROP-12295,Islamabad,Sector B-17 Multi Gardens,House,5.0,Marla,5 Marla,1975,3,3,0.8,2,0,0,0,Gated Community,1,3.05,3.25,2.43,3.76,2026-10-01,16027000.0,2479995.04000992,1.7555555399506175,Brand New (0-1y),Tier 3 - Affordable/Suburban,1.0,0.2398656752218757,0.9999666677777408,6,0,658.311389620346
PROP-13148,Lahore,DHA Defence Phase 7-9,House,7.0,Marla,7 Marla,1218,2,2,7.6,1,0,0,1,Gated Community; 24/7 Security; Underground Utilities; Elevator,4,1.21,1.94,1.67,6.73,2026-10-01,30453000.0,3585709.163272624,0.7733333284232805,Established (6-15y),Tier 2 - Premium,6.0,0.2458512599877074,0.9999500024998748,4,1,608.9695515224238
PROP-14251,Karachi,DHA Defence Phase 7-9,House,3.0,Marla,3 Marla,1067,3,4,5.5,2,0,0,1,Gated Community; Underground Utilities; Central Heating / Cooling,3,0.52,1.79,3.52,2.98,2026-10-01,27158000.0,7966640.111199629,1.5807407173223598,Established (6-15y),Tier 1 - Ultra Luxury,4.0,0.3280301787764474,0.7499812504687383,7,1,355.6548115062831
PROP-11680,Lahore,DHA Defence Phase 7-9,House,7.0,Marla,7 Marla,1379,3,3,8.6,1,0,1,1,Gated Community; 24/7 Security; Backup Generator / Solar; Underground Utilities,4,0.72,1.69,1.63,2.33,2026-10-01,39757000.0,4821421.68368331,0.8755555499964727,Established (6-15y),Tier 2 - Premium,5.5,0.3951788184153329,0.9999666677777408,6,2,459.65134495516816
PROP-13508,Lahore,Johar Town,House,5.0,Marla,5 Marla,1750,2,3,4.2,2,0,0,0,Gated Community; 24/7 Security; Backup Generator / Solar; Underground Utilities,4,2.47,0.39,2.06,3.44,2026-10-01,28417000.0,4559990.880018241,1.5555555417283953,Modern (2-5y),Tier 2 - Premium,5.5,0.297000297000297,0.6666444451851604,5,0,874.9562521873905
PROP-15095,Faisalabad,Canal Road Villas,House,3.0,Marla,3 Marla,1171,3,3,0.9,2,0,0,0,Gated Community; 24/7 Security; Backup Generator / Solar,3,0.19,5.14,2.55,3.11,2026-10-01,23747000.0,6433311.88896037,1.734814789113855,Brand New (0-1y),Tier 2 - Premium,4.0,0.3048315805517451,0.9999666677777408,6,0,390.32032265591147
PROP-12745,Karachi,DHA Defence Phase 7-9,Flat,3.5,Marla,3.5 Marla,998,2,2,2.3,1,1,0,1,Gated Community; 24/7 Security; Backup Generator / Solar; Central Heating / Cooling; Elevator,5,1.53,3.02,3.93,1.62,2026-10-01,24495000.0,5971411.510252828,1.2673015712088689,Modern (2-5y),Tier 1 - Ultra Luxury,8.0,0.3067014261616316,0.9999500024998748,4,2,498.9750512474376
PROP-13358,Islamabad,Sector F-8/F-10/F-11,House,3.0,Marla,3 Marla,1029,3,4,0.0,2,0,0,0,Gated Community; 24/7 Security; Backup Generator / Solar; Underground Utilities,4,0.37,2.3,3.97,0.9,2026-10-01,38926000.0,10016633.277889073,1.5244444218600828,Brand New (0-1y),Tier 1 - Ultra Luxury,5.5,0.3939334252511325,0.7499812504687383,7,0,342.98856704776506
PROP-14047,Islamabad,Sector F-6/F-7/E-7,Upper Portion,7.0,Marla,7 Marla,1247,3,3,0.0,1,0,1,0,24/7 Security; Backup Generator / Solar; Underground Utilities; Servant Quarter,4,0.13,1.56,4.02,2.02,2026-10-01,43728000.0,5207135.418377974,0.7917460267190729,Brand New (0-1y),Tier 1 - Ultra Luxury,5.5,0.3718163227365681,0.9999666677777408,6,1,415.65281157294754
PROP-11244,Lahore,DHA Defence Phase 5-6,House,10.0,Marla,10 Marla,3879,5,5,0.8,2,0,0,1,24/7 Security; Underground Utilities; Servant Quarter; Central Heating / Cooling,4,1.41,2.0,3.13,1.61,2026-10-01,89899000.0,7239992.76000724,1.7239999923377776,Brand New (0-1y),Tier 1 - Ultra Luxury,5.0,0.3445305770887166,0.999980000399992,10,1,775.7844843103138
PROP-15191,Rawalpindi,Bahria Town,House,10.0,Marla,10 Marla,3955,4,5,0.0,2,0,0,0,Gated Community; 24/7 Security; Backup Generator / Solar,3,1.92,6.11,2.85,2.57,2026-10-01,45438000.0,4039995.96000404,1.757777769965432,Brand New (0-1y),Tier 2 - Premium,4.0,0.2544853034737244,0.7999840003199936,9,0,988.7252818679534
PROP-13119,Rawalpindi,Satellite Town,House,5.0,Marla,5 Marla,1837,5,5,6.1,2,1,1,0,Gated Community; 24/7 Security; Underground Utilities,3,2.57,1.84,7.47,2.16,2026-10-01,27451000.0,4789990.42001916,1.632888874374321,Established (6-15y),Tier 2 - Premium,3.5,0.231615518239722,0.999980000399992,10,2,367.39265214695706
PROP-15107,Rawalpindi,Bahria Town,House,5.0,Marla,5 Marla,1783,3,3,0.9,2,0,0,1,Gated Community; 24/7 Security; Backup Generator / Solar; Underground Utilities,4,2.66,3.8,2.82,1.53,2026-10-01,26745000.0,4559990.880018241,1.5848888748009875,Brand New (0-1y),Tier 2 - Premium,5.5,0.2837684449489217,0.9999666677777408,6,1,594.3135228825705
PROP-12142,Karachi,Malir Cantt,House,10.0,Marla,10 Marla,5549,5,5,15.8,3,1,0,0,24/7 Security; Servant Quarter; Swimming Pool,3,1.54,2.09,2.47,2.37,2026-10-01,53170000.0,4529995.470004531,2.4662222112612344,Vintage (16y+),Tier 2 - Premium,5.0,0.3270645952575634,0.999980000399992,10,1,1109.7778044439112
PROP-15872,Islamabad,Sector G-11/G-13,Flat,2.5,Marla,2.5 Marla,684,2,2,0.0,1,0,0,0,Gated Community; 24/7 Security; Underground Utilities; Servant Quarter; Elevator,5,0.24,1.55,3.68,0.74,2026-10-01,12215000.0,3899984.4000624,1.2159999783822226,Brand New (0-1y),Tier 2 - Premium,7.0,0.4396570674873599,0.9999500024998748,4,0,341.9829008549572
PROP-15056,Islamabad,Sector F-8/F-10/F-11,House,7.0,Marla,7 Marla,2759,4,4,1.7,2,1,0,0,Gated Community; 24/7 Security; Underground Utilities; Central Heating / Cooling,4,1.2,3.58,2.95,0.97,2026-10-01,79754000.0,8692844.724507537,1.7517460206238349,Modern (2-5y),Tier 1 - Ultra Luxury,5.0,0.3523608174770965,0.9999750006249843,8,1,689.7327566810831
PROP-13060,Karachi,DHA Defence Phase 7-9,Flat,3.5,Marla,3.5 Marla,1026,3,3,5.5,1,0,1,0,24/7 Security; Backup Generator / Solar; Central Heating / Cooling; Elevator,4,0.59,3.21,5.51,1.8,2026-10-01,22455000.0,5414270.2449421575,1.3028571263129254,Established (6-15y),Tier 1 - Ultra Luxury,7.0,0.3003003003003003,0.9999666677777408,6,1,341.9886003799873
PROP-14551,Lahore,Gulberg,House,3.0,Marla,3 Marla,555,2,3,4.4,1,1,0,0,Gated Community; 24/7 Security; Backup Generator / Solar; Underground Utilities,4,0.24,2.02,2.07,2.2,2026-10-01,27360000.0,7133309.555634814,0.8222222100411525,Established (6-15y),Tier 1 - Ultra Luxury,5.5,0.4063388866314507,0.6666444451851604,5,1,277.4861256937153
PROP-15326,Karachi,Bahria Town Karachi,House,10.0,Marla,10 Marla,1903,4,4,0.9,1,0,0,0,Servant Quarter; Lawn / Garden,2,2.47,1.95,3.74,0.47,2026-10-01,23029000.0,1979998.02000198,0.8457777740187654,Brand New (0-1y),Tier 3 - Affordable/Suburban,2.0,0.3282994090610636,0.9999750006249843,8,0,475.7381065473364
PROP-12960,Rawalpindi,Bahria Town,Flat,7.5,Marla,7.5 Marla,2096,4,5,0.7,1,1,0,0,Gated Community; 24/7 Security; Underground Utilities; Elevator,4,2.53,1.92,1.94,0.66,2026-10-01,21329000.0,2386663.484448688,1.2420740667136352,Brand New (0-1y),Tier 2 - Premium,6.0,0.3623844899438304,0.7999840003199936,9,1,523.9869003274919
PROP-12266,Karachi,North Nazimabad,House,5.0,Marla,5 Marla,1747,2,2,0.9,2,1,0,0,Gated Community; 24/7 Security; Underground Utilities; Lawn / Garden,4,1.43,1.39,3.55,0.22,2026-10-01,31875000.0,5039989.92002016,1.5528888750854322,Brand New (0-1y),Tier 2 - Premium,4.5,0.4024144869215292,0.9999500024998748,4,1,873.4563271836407
PROP-12480,Karachi,North Nazimabad,Flat,2.5,Marla,2.5 Marla,760,2,3,3.1,1,1,0,0,24/7 Security; Backup Generator / Solar; Swimming Pool,3,0.3,3.55,2.75,4.64,2026-10-01,13430000.0,4839980.640077439,1.3511110870913583,Modern (2-5y),Tier 2 - Premium,6.0,0.2793686269031988,0.6666444451851604,5,1,379.9810009499525
PROP-16487,Karachi,DHA Defence Phase 7-9,Flat,5.0,Marla,5 Marla,1298,3,3,2.8,1,0,0,1,Gated Community; Backup Generator / Solar; Elevator,3,2.11,4.25,1.05,1.65,2026-10-01,28347000.0,4819990.360019281,1.1537777675219754,Modern (2-5y),Tier 1 - Ultra Luxury,5.5,0.3245699448231094,0.9999666677777408,6,1,432.6522449251692
PROP-14649,Karachi,Clifton,Flat,7.5,Marla,7.5 Marla,2002,3,4,11.2,1,0,0,0,Gated Community; 24/7 Security; Underground Utilities; Elevator,4,0.79,1.51,1.92,2.38,2026-10-01,36981000.0,4006661.324451568,1.1863703633400275,Established (6-15y),Tier 1 - Ultra Luxury,6.0,0.3844675124951942,0.7499812504687383,7,0,667.3110896303456
PROP-11636,Lahore,DHA Defence Phase 5-6,House,7.0,Marla,7 Marla,1228,3,3,7.4,1,1,0,0,Gated Community; 24/7 Security; Underground Utilities,3,2.12,2.31,1.85,1.63,2026-10-01,44747000.0,5171421.183684024,0.7796825347321744,Established (6-15y),Tier 1 - Ultra Luxury,3.5,0.3392705682782019,0.9999666677777408,6,1,409.3196893436885
PROP-15411,Karachi,Clifton,House,5.0,Marla,5 Marla,1731,3,3,0.0,2,0,0,0,Gated Community; 24/7 Security; Backup Generator / Solar; Underground Utilities,4,1.17,1.65,5.46,1.2,2026-10-01,48228000.0,7889984.22003156,1.5386666529896298,Brand New (0-1y),Tier 1 - Ultra Luxury,5.5,0.3216468317787069,0.9999666677777408,6,0,576.9807673077564
PROP-11758,Lahore,DHA Defence Phase 5-6,House,10.0,Marla,10 Marla,3617,5,5,2.8,2,1,0,0,Gated Community; 24/7 Security; Backup Generator / Solar; Underground Utilities; Lawn / Garden; Central Heating / Cooling,6,3.21,4.47,4.3,0.93,2026-10-01,90384000.0,7409992.59000741,1.607555548410864,Modern (2-5y),Tier 1 - Ultra Luxury,8.0,0.2542588354945334,0.999980000399992,10,1,723.3855322893543
PROP-14455,Islamabad,Sector F-8/F-10/F-11,Farmhouse,800.0,Kanal,2 Kanal,6889,6,6,12.3,1,0,0,0,Gated Community; 24/7 Security; Backup Generator / Solar; Underground Utilities; Servant Quarter; Lawn / Garden,6,0.41,1.36,1.83,0.87,2026-10-01,308939000.0,303499.99620625004,0.0382722222200959,Established (6-15y),Tier 1 - Ultra Luxury,7.5,0.5064573309698658,0.9999833336111064,12,0,1148.1475308744857
PROP-12071,Karachi,Clifton,Flat,3.5,Marla,3.5 Marla,889,2,1,5.5,1,0,0,0,Gated Community; 24/7 Security; Underground Utilities; Central Heating / Cooling; Elevator,5,1.08,0.8,4.54,2.39,2026-10-01,20187000.0,4799986.285753469,1.1288888745537922,Established (6-15y),Tier 1 - Ultra Luxury,7.5,0.3202049311559398,1.999800019998,3,0,444.4777761111944
PROP-15884,Karachi,DHA Defence Phase 7-9,Flat,5.0,Marla,5 Marla,1237,3,3,5.1,1,1,0,0,Gated Community; 24/7 Security; Backup Generator / Solar; Underground Utilities; Elevator,5,0.76,4.29,4.24,3.63,2026-10-01,29909000.0,4769990.46001908,1.0995555457817283,Established (6-15y),Tier 1 - Ultra Luxury,8.0,0.2599766021058105,0.9999666677777408,6,1,412.31958934702175
PROP-15880,Faisalabad,Canal Road Villas,Flat,2.5,Marla,2.5 Marla,653,1,2,3.2,1,1,0,0,24/7 Security; Underground Utilities; Elevator,3,2.84,1.26,1.0,1.77,2026-10-01,9718000.0,3159987.3600505595,1.160888868250865,Modern (2-5y),Tier 2 - Premium,5.0,0.3431708991077557,0.4999750012499374,3,1,652.9347065293471
PROP-12850,Rawalpindi,Chaklala Scheme 3,House,10.0,Marla,10 Marla,3386,5,6,0.8,2,0,0,0,Gated Community; 24/7 Security; Backup Generator / Solar; Underground Utilities,4,1.6,7.7,1.76,2.21,2026-10-01,51630000.0,4359995.64000436,1.5048888822004938,Brand New (0-1y),Tier 2 - Premium,5.5,0.2680965147453083,0.8333194446759221,11,0,677.1864562708746
PROP-13252,Lahore,DHA Defence Phase 7-9,House,5.0,Marla,5 Marla,1950,4,4,1.5,2,0,0,0,Gated Community; 24/7 Security; Backup Generator / Solar,3,0.49,1.18,8.25,2.05,2026-10-01,28787000.0,4689990.620018761,1.733333317925926,Modern (2-5y),Tier 2 - Premium,4.0,0.2767400027674,0.9999750006249843,8,0,487.4878128046799
PROP-13732,Karachi,PECHS,Flat,3.5,Marla,3.5 Marla,923,2,3,0.0,1,0,0,1,Gated Community; Elevator,2,0.82,4.58,4.54,0.39,2026-10-01,15748000.0,3785703.469418659,1.1720634771801464,Brand New (0-1y),Tier 2 - Premium,3.5,0.3334444814938312,0.6666444451851604,5,1,461.47692615369226
PROP-12490,Islamabad,Sector F-6/F-7/E-7,House,5.0,Marla,5 Marla,1821,3,3,4.0,2,0,0,0,Gated Community; 24/7 Security; Backup Generator / Solar; Central Heating / Cooling,4,0.73,1.9,4.4,1.66,2026-10-01,59601000.0,9529980.94003812,1.6186666522785187,Modern (2-5y),Tier 1 - Ultra Luxury,5.5,0.3426417680315231,0.9999666677777408,6,0,606.9797673410886
PROP-11632,Karachi,DHA Defence Phase 7-9,Flat,2.5,Marla,2.5 Marla,761,2,1,3.3,1,0,1,1,Gated Community; 24/7 Security; Backup Generator / Solar; Underground Utilities; Central Heating / Cooling; Elevator,6,2.67,1.86,5.23,0.6,2026-10-01,24101000.0,7879968.480126079,1.3528888648375317,Modern (2-5y),Tier 1 - Ultra Luxury,9.5,0.2907399331298154,1.999800019998,3,2,380.4809759512024
PROP-12817,Lahore,Lake City,House,10.0,Marla,10 Marla,1696,3,3,5.8,1,0,0,1,Gated Community; Lawn / Garden,2,5.05,2.7,3.81,0.65,2026-10-01,33258000.0,2709997.29000271,0.7537777744276543,Established (6-15y),Tier 3 - Affordable/Suburban,2.0,0.2421600678048189,0.9999666677777408,6,1,565.3144895170161
PROP-11016,Faisalabad,D Ground / Peoples Colony,Flat,5.0,Marla,5 Marla,1312,3,3,5.9,1,0,0,0,Gated Community; 24/7 Security; Backup Generator / Solar; Underground Utilities; Lawn / Garden; Elevator,6,0.91,0.7,1.61,2.33,2026-10-01,21307000.0,3459993.0800138405,1.1662222118558023,Established (6-15y),Tier 1 - Ultra Luxury,9.0,0.4090816117815504,0.9999666677777408,6,0,437.3187560414653
PROP-11349,Lahore,Johar Town,Lower Portion,5.0,Marla,5 Marla,841,2,2,0.0,1,0,0,0,Gated Community; 24/7 Security,2,1.5,0.42,2.73,1.09,2026-10-01,14686000.0,2209995.58000884,0.7475555489106174,Brand New (0-1y),Tier 2 - Premium,2.0,0.4063388866314507,0.9999500024998748,4,0,420.4789760511974
PROP-14614,Rawalpindi,Saddar Cantt,House,400.0,Kanal,1 Kanal,7656,6,5,12.3,2,0,0,0,Backup Generator / Solar; Underground Utilities; Servant Quarter; Lawn / Garden; Central Heating / Cooling,5,0.24,3.04,4.1,2.25,2026-10-01,141547000.0,293749.9926562502,0.0850666666572148,Established (6-15y),Tier 1 - Ultra Luxury,7.0,0.3294892915980231,1.1999760004799904,11,0,1275.978733687772
PROP-13088,Rawalpindi,Chaklala Scheme 3,House,400.0,Kanal,1 Kanal,7889,6,7,4.0,2,0,0,0,Gated Community; Backup Generator / Solar; Servant Quarter,3,1.28,3.02,1.74,1.14,2026-10-01,98546000.0,212624.99468437515,0.087655555545816,Modern (2-5y),Tier 2 - Premium,4.0,0.3859513701273639,0.8571306124198226,13,0,1314.8114198096698
PROP-12840,Lahore,Bahria Town,House,7.0,Marla,7 Marla,2706,4,4,0.0,2,0,0,0,24/7 Security; Backup Generator / Solar; Underground Utilities; Servant Quarter,4,1.35,6.95,1.19,2.01,2026-10-01,37832000.0,4178565.4591922015,1.718095227186697,Brand New (0-1y),Tier 2 - Premium,5.5,0.2979737783075089,0.9999750006249843,8,0,676.4830879228019
PROP-10336,Islamabad,Sector F-8/F-10/F-11,House,10.0,Marla,10 Marla,3656,5,5,2.7,2,1,0,0,Gated Community; 24/7 Security; Underground Utilities; Servant Quarter; Lawn / Garden,5,2.98,4.55,2.42,2.41,2026-10-01,109848000.0,8774991.225008775,1.6248888816671605,Modern (2-5y),Tier 1 - Ultra Luxury,5.5,0.2542911633820724,0.999980000399992,10,1,731.1853762924742
PROP-15881,Lahore,Bahria Town,House,5.0,Marla,5 Marla,2819,4,3,18.6,3,1,0,1,Gated Community; 24/7 Security; Underground Utilities; Servant Quarter,4,2.37,1.28,3.39,0.96,2026-10-01,25722000.0,4429991.14001772,2.5057777555041976,Vintage (16y+),Tier 2 - Premium,4.5,0.3347280334728034,1.3332888903703208,7,2,704.7323816904578
PROP-16404,Karachi,Clifton,Flat,3.5,Marla,3.5 Marla,978,2,3,10.3,1,0,0,0,24/7 Security; Backup Generator / Solar; Central Heating / Cooling; Elevator,4,0.34,5.95,1.27,1.36,2026-10-01,20905000.0,5114271.102082565,1.241904746134543,Established (6-15y),Tier 1 - Ultra Luxury,7.0,0.3740415186085656,0.6666444451851604,5,0,488.9755512224388
PROP-14595,Islamabad,Bahria Town Phase 1-8,House,5.0,Marla,5 Marla,1825,4,4,11.3,2,0,0,0,Gated Community; 24/7 Security; Backup Generator / Solar; Underground Utilities,4,2.59,4.35,1.34,2.03,2026-10-01,22509000.0,3779992.44001512,1.6222222078024693,Established (6-15y),Tier 2 - Premium,5.5,0.2910360884749709,0.9999750006249843,8,0,456.2385940351492
PROP-10896,Karachi,Gulshan-e-Iqbal,House,400.0,Kanal,1 Kanal,7736,6,6,2.2,2,1,0,0,Gated Community; 24/7 Security; Servant Quarter; Lawn / Garden,4,1.88,1.69,5.63,1.38,2026-10-01,107330000.0,224749.99438125012,0.0859555555460049,Modern (2-5y),Tier 2 - Premium,4.0,0.2897291032884253,0.9999833336111064,12,1,1289.3118448025866
PROP-16306,Karachi,Gulshan-e-Iqbal,Flat,5.0,Marla,5 Marla,1330,3,4,10.0,1,0,0,1,24/7 Security; Underground Utilities; Central Heating / Cooling,3,0.86,0.69,2.3,1.08,2026-10-01,20182000.0,3339993.32001336,1.1822222117135803,Established (6-15y),Tier 2 - Premium,4.0,0.4569339730408956,0.7499812504687383,7,1,443.3185560481317
PROP-13548,Karachi,PECHS,Flat,5.0,Marla,5 Marla,1271,2,3,0.0,1,0,0,1,Gated Community; 24/7 Security; Backup Generator / Solar; Underground Utilities,4,1.73,1.12,5.33,0.25,2026-10-01,21470000.0,3369993.26001348,1.1297777677353087,Brand New (0-1y),Tier 2 - Premium,5.5,0.343112026076514,0.6666444451851604,5,1,635.4682265886705
PROP-10852,Karachi,North Nazimabad,House,5.0,Marla,5 Marla,1800,3,3,6.4,2,0,1,0,Gated Community; 24/7 Security; Backup Generator / Solar; Underground Utilities,4,1.46,1.61,2.09,0.74,2026-10-01,27955000.0,4579990.84001832,1.599999985777778,Established (6-15y),Tier 2 - Premium,5.5,0.4179728317659352,0.9999666677777408,6,1,599.9800006666444
PROP-11688,Lahore,Lake City,House,400.0,Kanal,1 Kanal,6915,5,5,6.5,2,0,0,0,Gated Community; Servant Quarter; Lawn / Garden,3,0.87,1.84,3.04,1.02,2026-10-01,78266000.0,158374.99604062512,0.0768333333247962,Established (6-15y),Tier 3 - Affordable/Suburban,3.0,0.4008819402685908,0.999980000399992,10,0,1382.972340553189
PROP-11932,Lahore,Model Town,House,5.0,Marla,5 Marla,1933,4,5,5.0,2,0,1,0,Gated Community; 24/7 Security; Backup Generator / Solar; Underground Utilities,4,1.51,2.79,3.06,1.29,2026-10-01,42310000.0,6619986.76002648,1.718222206949136,Established (6-15y),Tier 1 - Ultra Luxury,5.5,0.3394433129667345,0.7999840003199936,9,1,483.23791905202376
PROP-13748,Karachi,Scheme 33,Flat,5.0,Marla,5 Marla,1306,3,3,0.0,1,1,0,0,24/7 Security; Central Heating / Cooling; Elevator,3,3.06,1.68,2.82,3.45,2026-10-01,11426000.0,2039995.92000816,1.1608888785698768,Brand New (0-1y),Tier 3 - Affordable/Suburban,5.0,0.2549719530851606,0.9999666677777408,6,1,435.3188227059098
PROP-12428,Lahore,Johar Town,House,7.0,Marla,7 Marla,2465,3,3,12.2,2,0,0,0,Gated Community; 24/7 Security; Backup Generator / Solar,3,0.87,1.87,1.88,0.53,2026-10-01,43138000.0,4914278.69388758,1.5650793551423534,Established (6-15y),Tier 2 - Premium,4.0,0.4716981132075471,0.9999666677777408,6,0,821.6392786907103
PROP-11569,Lahore,Wapda Town,Lower Portion,10.0,Marla,10 Marla,1761,3,4,5.0,1,1,1,0,Underground Utilities; Swimming Pool,2,2.57,5.76,1.96,0.96,2026-10-01,33300000.0,2609997.39000261,0.7826666631881481,Established (6-15y),Tier 2 - Premium,4.5,0.2904022070567736,0.7499812504687383,7,2,586.9804339855338
PROP-14002,Lahore,Lake City,House,5.0,Marla,5 Marla,890,1,1,3.4,1,0,0,0,Basic,0,0.16,2.88,2.7,1.56,2026-10-01,13735000.0,2319995.36000928,0.7911111040790124,Modern (2-5y),Tier 3 - Affordable/Suburban,0.0,0.4006410256410256,0.999900009999,2,0,889.9110088991101
PROP-15055,Karachi,Malir Cantt,House,3.0,Marla,3 Marla,535,2,3,1.9,1,0,1,0,Gated Community; 24/7 Security; Backup Generator / Solar,3,0.91,1.06,2.96,4.77,2026-10-01,14912000.0,3966653.4444885184,0.7925925808504803,Modern (2-5y),Tier 2 - Premium,4.0,0.285673475217826,0.6666444451851604,5,1,267.48662566871656
PROP-12739,Islamabad,Sector F-6/F-7/E-7,Flat,3.5,Marla,3.5 Marla,906,2,2,2.1,1,1,0,1,Gated Community; 24/7 Security; Backup Generator / Solar; Underground Utilities; Servant Quarter; Elevator,6,1.06,2.04,4.61,1.87,2026-10-01,28480000.0,6342839.020459942,1.1504761758669693,Modern (2-5y),Tier 1 - Ultra Luxury,9.0,0.3164556962025316,0.9999500024998748,4,2,452.97735113244335
PROP-13500,Islamabad,Sector F-6/F-7/E-7,House,5.0,Marla,5 Marla,2574,4,3,5.7,3,0,0,1,Gated Community; 24/7 Security; Backup Generator / Solar; Underground Utilities,4,1.06,3.22,4.97,0.44,2026-10-01,66268000.0,10589978.82004236,2.2879999796622226,Established (6-15y),Tier 1 - Ultra Luxury,5.5,0.3355704697986577,1.3332888903703208,7,1,643.4839129021775
PROP-15735,Karachi,DHA Defence Phase 7-9,House,400.0,Kanal,1 Kanal,6890,6,6,5.2,2,1,0,0,Gated Community; 24/7 Security; Backup Generator / Solar; Underground Utilities; Servant Quarter; Central Heating / Cooling,6,0.44,0.76,0.74,1.72,2026-10-01,188319000.0,381874.99045312527,0.0765555555470493,Established (6-15y),Tier 1 - Ultra Luxury,8.0,0.5175983436853002,0.9999833336111064,12,1,1148.3141947634206
PROP-15390,Lahore,Gulberg,House,7.0,Marla,7 Marla,2561,4,4,0.0,2,0,0,1,Gated Community; Backup Generator / Solar; Underground Utilities; Central Heating / Cooling,4,0.76,2.16,6.55,2.36,2026-10-01,70796000.0,7564274.908178703,1.626031735707735,Brand New (0-1y),Tier 1 - Ultra Luxury,6.0,0.2771618625277162,0.9999750006249843,8,1,640.2339941501463
PROP-15539,Lahore,DHA Defence Phase 5-6,House,5.0,Marla,5 Marla,1769,3,4,1.7,2,0,0,0,Gated Community; 24/7 Security; Backup Generator / Solar; Central Heating / Cooling,4,0.42,1.95,2.31,0.77,2026-10-01,40559000.0,6479987.040025921,1.5724444304671608,Modern (2-5y),Tier 1 - Ultra Luxury,5.5,0.4689331770222743,0.7499812504687383,7,0,589.6470117662744
PROP-15290,Faisalabad,D Ground / Peoples Colony,Flat,2.5,Marla,2.5 Marla,736,1,1,2.2,1,1,0,1,Gated Community; 24/7 Security; Backup Generator / Solar; Underground Utilities; Central Heating / Cooling; Elevator,6,3.15,2.53,1.22,3.05,2026-10-01,19679000.0,6399974.400102399,1.3084444211832102,Modern (2-5y),Tier 1 - Ultra Luxury,9.5,0.274649821477616,0.999900009999,2,2,735.9264073592641
PROP-13915,Karachi,DHA Defence Phase 7-9,Upper Portion,7.0,Marla,7 Marla,1283,2,2,7.7,1,0,0,0,24/7 Security; Backup Generator / Solar; Underground Utilities; Central Heating / Cooling,4,0.65,4.86,2.01,1.86,2026-10-01,32476000.0,3899994.428579388,0.814603169431091,Established (6-15y),Tier 1 - Ultra Luxury,6.0,0.342876735813475,0.9999500024998748,4,0,641.4679266036698
PROP-11067,Islamabad,Sector E-11,Flat,3.5,Marla,3.5 Marla,972,1,1,1.6,1,0,0,0,Gated Community; 24/7 Security; Servant Quarter; Elevator,4,0.4,1.27,4.38,0.74,2026-10-01,14740000.0,3414275.959211545,1.2342856986122452,Modern (2-5y),Tier 2 - Premium,5.5,0.4117768169652048,0.999900009999,2,0,971.902809719028
PROP-14383,Karachi,PECHS,House,7.0,Marla,7 Marla,2402,4,4,1.8,2,0,1,0,Gated Community; 24/7 Security; Backup Generator / Solar; Underground Utilities,4,0.54,1.88,2.84,3.08,2026-10-01,52357000.0,6028562.816338834,1.5250793553963216,Modern (2-5y),Tier 2 - Premium,5.5,0.3374957813027337,0.9999750006249843,8,1,600.4849878753032
PROP-12445,Lahore,DHA Defence Phase 5-6,Upper Portion,400.0,Kanal,1 Kanal,3300,5,5,1.5,1,0,0,0,Gated Community; 24/7 Security; Central Heating / Cooling,3,0.52,0.77,9.63,2.24,2026-10-01,70815000.0,146374.9963406251,0.0366666666625925,Modern (2-5y),Tier 1 - Ultra Luxury,3.5,0.2567064561673726,0.999980000399992,10,0,659.9868002639947
PROP-14109,Lahore,Bahria Town,House,3.0,Marla,3 Marla,1050,3,3,6.0,2,0,0,0,Gated Community; 24/7 Security; Underground Utilities,3,0.88,1.27,3.17,1.58,2026-10-01,16153000.0,4316652.27782574,1.5555555325102886,Established (6-15y),Tier 2 - Premium,3.5,0.3836562440053712,0.9999666677777408,6,0,349.98833372220923
PROP-15729,Lahore,Johar Town,Lower Portion,10.0,Marla,10 Marla,1821,4,4,4.7,1,0,0,0,24/7 Security; Underground Utilities; Central Heating / Cooling,3,1.18,2.76,6.82,0.64,2026-10-01,27622000.0,2254997.745002256,0.8093333297362962,Modern (2-5y),Tier 2 - Premium,4.0,0.2955956251847472,0.9999750006249843,8,0,455.23861903452416
PROP-13375,Faisalabad,Madina Town,Flat,3.5,Marla,3.5 Marla,1016,3,3,0.0,1,0,1,0,Gated Community; 24/7 Security; Elevator,3,0.78,1.37,1.63,1.4,2026-10-01,12701000.0,2928563.0612483965,1.2901587137757624,Brand New (0-1y),Tier 2 - Premium,4.5,0.4495392222971454,0.9999666677777408,6,1,338.6553781540615
PROP-13971,Karachi,Gulshan-e-Iqbal,House,7.0,Marla,7 Marla,2661,3,2,4.7,2,0,0,1,Gated Community; 24/7 Security; Servant Quarter,3,1.85,2.34,5.92,0.41,2026-10-01,41392000.0,4842850.224499679,1.6895237987966742,Modern (2-5y),Tier 2 - Premium,3.0,0.3025260928755105,1.4999250037498124,5,1,886.970434318856
PROP-12547,Islamabad,Sector G-11/G-13,Upper Portion,5.0,Marla,5 Marla,804,2,2,1.7,1,0,0,0,Gated Community; 24/7 Security; Backup Generator / Solar; Servant Quarter,4,1.82,2.68,4.38,3.09,2026-10-01,17121000.0,2609994.7800104404,0.7146666603140741,Modern (2-5y),Tier 2 - Premium,5.0,0.2602811035918792,0.9999500024998748,4,0,401.97990100494974
PROP-10754,Lahore,Lake City,House,800.0,Kanal,2 Kanal,13516,5,5,0.9,2,0,0,0,Backup Generator / Solar; Servant Quarter,2,0.95,2.41,5.21,0.63,2026-10-01,138388000.0,141374.99823281253,0.0750888888847172,Brand New (0-1y),Tier 3 - Affordable/Suburban,3.0,0.3418803418803419,0.999980000399992,10,0,2703.1459370812586
PROP-12083,Karachi,North Nazimabad,Flat,5.0,Marla,5 Marla,1351,3,2,0.0,1,0,0,0,Gated Community; 24/7 Security; Backup Generator / Solar; Elevator,4,2.41,2.35,4.56,1.33,2026-10-01,18076000.0,3019993.96001208,1.2008888782143212,Brand New (0-1y),Tier 2 - Premium,6.5,0.285143997718848,1.4999250037498124,5,0,450.3183227225759
PROP-12775,Karachi,Gulshan-e-Iqbal,Flat,2.5,Marla,2.5 Marla,656,2,2,2.1,1,0,0,1,Gated Community; 24/7 Security; Underground Utilities; Elevator,4,0.92,2.66,0.78,2.0,2026-10-01,10404000.0,3559985.7600569595,1.166222201489383,Modern (2-5y),Tier 2 - Premium,6.0,0.4037141703673799,0.9999500024998748,4,1,327.9836008199589
PROP-12897,Lahore,Johar Town,House,7.0,Marla,7 Marla,1306,3,3,3.5,1,0,0,1,24/7 Security; Underground Utilities,2,0.21,0.5,4.16,1.34,2026-10-01,37217000.0,4335708.091845583,0.829206343941547,Modern (2-5y),Tier 2 - Premium,2.5,0.4197271773347323,0.9999666677777408,6,1,435.3188227059098
PROP-14187,Karachi,Malir Cantt,House,5.0,Marla,5 Marla,2800,4,3,14.5,3,0,1,0,Gated Community; 24/7 Security; Backup Generator / Solar,3,1.33,6.26,3.8,3.21,2026-10-01,31791000.0,5199989.600020801,2.4888888667654325,Vintage (16y+),Tier 2 - Premium,4.0,0.2422774076317383,1.3332888903703208,7,1,699.9825004374891
PROP-10776,Karachi,PECHS,House,7.0,Marla,7 Marla,1278,2,2,4.4,1,0,1,0,Gated Community; 24/7 Security; Backup Generator / Solar,3,2.46,1.37,6.67,1.37,2026-10-01,42270000.0,4878564.45919363,0.8114285662766441,Modern (2-5y),Tier 2 - Premium,4.0,0.2623638987275351,0.9999500024998748,4,1,638.9680515974201
PROP-11626,Lahore,Wapda Town,Upper Portion,7.0,Marla,7 Marla,1183,3,3,0.7,1,0,0,0,Gated Community; Backup Generator / Solar,2,0.4,1.42,1.65,2.19,2026-10-01,18041000.0,2135711.2346982365,0.7511111063421517,Brand New (0-1y),Tier 2 - Premium,3.0,0.4273504273504274,0.9999666677777408,6,0,394.3201893270224
PROP-13070,Rawalpindi,Chaklala Scheme 3,House,10.0,Marla,10 Marla,3596,5,5,5.3,2,0,0,0,Gated Community; 24/7 Security; Underground Utilities; Servant Quarter; Lawn / Garden,5,0.86,3.7,6.31,1.87,2026-10-01,58543000.0,4859995.14000486,1.5982222151190122,Established (6-15y),Tier 2 - Premium,5.5,0.2718129926610492,0.999980000399992,10,0,719.1856162876743
PROP-10418,Islamabad,Sector F-8/F-10/F-11,House,400.0,Kanal,1 Kanal,6929,5,5,7.1,2,0,1,0,Gated Community; 24/7 Security; Backup Generator / Solar; Underground Utilities; Servant Quarter,5,0.31,2.57,2.09,0.99,2026-10-01,211965000.0,399874.9900031253,0.0769888888803345,Established (6-15y),Tier 1 - Ultra Luxury,6.5,0.4526935264825714,0.999980000399992,10,1,1385.772284554309
PROP-10115,Islamabad,DHA Defence Phase 2,Flat,2.5,Marla,2.5 Marla,668,2,2,2.6,1,0,0,0,Gated Community; 24/7 Security; Underground Utilities; Elevator,4,1.29,2.4,1.14,1.28,2026-10-01,10609000.0,3299986.8000528,1.1875555344434572,Modern (2-5y),Tier 2 - Premium,6.0,0.4126263668248401,0.9999500024998748,4,0,333.98330083495824
PROP-10617,Islamabad,Bahria Town Phase 1-8,Lower Portion,10.0,Marla,10 Marla,1752,3,4,16.9,1,0,0,0,Gated Community; 24/7 Security; Backup Generator / Solar; Underground Utilities,4,4.31,3.26,5.21,0.59,2026-10-01,23570000.0,1749998.25000175,0.7786666632059259,Vintage (16y+),Tier 2 - Premium,5.5,0.2371635242499703,0.7499812504687383,7,0,583.9805339822005
PROP-13976,Rawalpindi,Saddar Cantt,House,400.0,Kanal,1 Kanal,7063,6,6,7.3,2,0,0,0,Gated Community; Backup Generator / Solar; Underground Utilities; Servant Quarter; Lawn / Garden,5,1.71,2.33,1.12,2.87,2026-10-01,125849000.0,275624.9931093752,0.078477777769058,Established (6-15y),Tier 1 - Ultra Luxury,6.5,0.3297065611605671,0.9999833336111064,12,0,1177.1470475492076
PROP-13268,Rawalpindi,Saddar Cantt,House,10.0,Marla,10 Marla,3473,5,5,6.8,2,0,0,0,Gated Community; 24/7 Security; Backup Generator / Solar; Underground Utilities; Servant Quarter; Lawn / Garden,6,2.06,2.95,3.15,3.3,2026-10-01,57013000.0,5074994.925005076,1.5435555486953083,Established (6-15y),Tier 1 - Ultra Luxury,7.5,0.2643055372010043,0.999980000399992,10,0,694.5861082778345
PROP-10826,Karachi,Clifton,Flat,2.5,Marla,2.5 Marla,736,1,2,0.7,1,0,0,1,Gated Community; 24/7 Security; Backup Generator / Solar; Underground Utilities; Elevator,5,1.85,3.39,2.94,0.89,2026-10-01,19733000.0,6939972.240111039,1.3084444211832102,Brand New (0-1y),Tier 1 - Ultra Luxury,8.0,0.3321155762205247,0.4999750012499374,3,1,735.9264073592641
PROP-15748,Lahore,Allama Iqbal Town,Lower Portion,400.0,Kanal,1 Kanal,3410,4,5,9.0,1,0,0,0,Basic,0,0.79,1.77,3.55,3.91,2026-10-01,41382000.0,79249.99801875005,0.037888888884679,Established (6-15y),Tier 3 - Affordable/Suburban,0.0,0.291970802919708,0.7999840003199936,9,0,852.4786880327993
PROP-11517,Islamabad,Sector F-8/F-10/F-11,House,10.0,Marla,10 Marla,3503,4,3,2.2,2,0,0,0,Gated Community; 24/7 Security; Backup Generator / Solar; Underground Utilities; Servant Quarter; Lawn / Garden,6,0.41,2.19,1.38,0.86,2026-10-01,101349000.0,7819992.18000782,1.556888881969383,Modern (2-5y),Tier 1 - Ultra Luxury,7.5,0.4985044865403788,1.3332888903703208,7,0,875.7281067973302
PROP-13147,Lahore,DHA Defence Phase 5-6,House,400.0,Kanal,1 Kanal,7131,5,5,4.8,2,0,0,1,Gated Community; 24/7 Security; Backup Generator / Solar; Underground Utilities; Servant Quarter; Lawn / Garden,6,0.3,3.68,4.54,1.61,2026-10-01,151354000.0,304624.9923843752,0.0792333333245296,Established (6-15y),Tier 1 - Ultra Luxury,7.5,0.3280839895013123,0.999980000399992,10,1,1426.1714765704687
PROP-10413,Islamabad,Sector F-8/F-10/F-11,House,10.0,Marla,10 Marla,3785,5,5,0.8,2,0,0,0,Gated Community; 24/7 Security; Backup Generator / Solar; Underground Utilities; Servant Quarter; Lawn / Garden,6,1.78,1.49,1.25,0.98,2026-10-01,105509000.0,8239991.76000824,1.682222214745679,Brand New (0-1y),Tier 1 - Ultra Luxury,7.5,0.418322526668061,0.999980000399992,10,0,756.984860302794
PROP-10729,Faisalabad,D Ground / Peoples Colony,House,5.0,Marla,5 Marla,1942,3,4,19.3,2,0,0,0,Gated Community; 24/7 Security; Backup Generator / Solar; Underground Utilities,4,1.24,5.05,2.82,2.03,2026-10-01,30079000.0,5119989.7600204805,1.7262222068780249,Vintage (16y+),Tier 1 - Ultra Luxury,5.5,0.2972209838014564,0.7499812504687383,7,0,647.3117562747908
PROP-13350,Lahore,Bahria Town,Upper Portion,7.0,Marla,7 Marla,1143,2,2,0.0,1,0,0,0,Gated Community; 24/7 Security,2,1.52,2.82,1.2,0.83,2026-10-01,18886000.0,2007139.9898000148,0.725714281106576,Brand New (0-1y),Tier 2 - Premium,2.0,0.409165302782324,0.9999500024998748,4,0,571.4714264286785
PROP-12809,Karachi,North Nazimabad,Flat,2.5,Marla,2.5 Marla,741,2,1,6.5,1,0,0,0,Gated Community; 24/7 Security; Servant Quarter; Lawn / Garden; Elevator,5,1.61,0.74,7.06,1.01,2026-10-01,10613000.0,3499986.0000559995,1.3173333099140745,Established (6-15y),Tier 2 - Premium,6.5,0.2950287653046172,1.999800019998,3,0,370.4814759262037
PROP-10676,Islamabad,Sector B-17 Multi Gardens,Flat,2.5,Marla,2.5 Marla,721,2,3,4.5,1,0,0,1,24/7 Security; Backup Generator / Solar,2,0.44,0.45,1.21,0.3,2026-10-01,8022000.0,2519989.92004032,1.2817777549906175,Modern (2-5y),Tier 3 - Affordable/Suburban,3.0,0.6437077566784679,0.6666444451851604,5,1,360.4819759012049
PROP-13467,Karachi,DHA Defence Phase 7-9,House,3.0,Marla,3 Marla,1155,3,3,1.9,2,0,1,0,Gated Community; 24/7 Security; Backup Generator / Solar; Underground Utilities,4,0.64,2.22,1.06,1.55,2026-10-01,33881000.0,9133302.88899037,1.7111110857613172,Modern (2-5y),Tier 1 - Ultra Luxury,5.5,0.4476275738585497,0.9999666677777408,6,1,384.98716709443016
PROP-15991,Lahore,Gulberg,Upper Portion,7.0,Marla,7 Marla,1119,3,3,6.5,1,1,0,0,Gated Community; 24/7 Security; Backup Generator / Solar; Central Heating / Cooling,4,0.44,1.34,4.27,1.49,2026-10-01,32612000.0,3685709.020415685,0.7104761859652305,Established (6-15y),Tier 1 - Ultra Luxury,5.5,0.3765060240963855,0.9999666677777408,6,1,372.98756708109727
PROP-12505,Islamabad,DHA Defence Phase 2,Flat,2.5,Marla,2.5 Marla,771,2,2,0.9,1,1,0,0,Gated Community; 24/7 Security; Backup Generator / Solar; Elevator,4,0.52,4.81,5.81,0.23,2026-10-01,14315000.0,4479982.080071679,1.3706666422992595,Brand New (0-1y),Tier 2 - Premium,6.5,0.319030148349019,0.9999500024998748,4,1,385.4807259637018
PROP-12968,Karachi,Bahria Town Karachi,House,7.0,Marla,7 Marla,1356,3,4,0.0,1,1,0,0,Backup Generator / Solar; Underground Utilities,2,1.21,5.83,4.35,3.33,2026-10-01,20765000.0,2521424.969392901,0.8609523754860167,Brand New (0-1y),Tier 3 - Affordable/Suburban,3.5,0.2399808015358771,0.7499812504687383,7,1,451.9849338355388
PROP-16338,Islamabad,Bahria Town Phase 1-8,Flat,5.0,Marla,5 Marla,1377,3,3,0.0,1,0,0,0,Gated Community; Underground Utilities; Elevator,3,0.82,2.36,1.06,0.47,2026-10-01,18167000.0,2819994.36001128,1.2239999891200002,Brand New (0-1y),Tier 2 - Premium,5.0,0.501504513540622,0.9999666677777408,6,0,458.984700509983
PROP-12787,Rawalpindi,Saddar Cantt,Lower Portion,7.0,Marla,7 Marla,1260,3,4,2.2,1,0,0,0,Gated Community; 24/7 Security; Underground Utilities; Servant Quarter,4,3.75,1.25,4.36,3.16,2026-10-01,25740000.0,2957138.6326590963,0.799999994920635,Modern (2-5y),Tier 1 - Ultra Luxury,4.5,0.2314814814814814,0.7499812504687383,7,0,419.9860004666511
PROP-11123,Lahore,Model Town,House,7.0,Marla,7 Marla,3729,6,6,3.3,3,0,0,1,Gated Community; 24/7 Security; Backup Generator / Solar; Underground Utilities; Servant Quarter,5,0.87,0.55,1.56,1.01,2026-10-01,80881000.0,8892844.43879366,2.367619032586546,Modern (2-5y),Tier 1 - Ultra Luxury,6.5,0.4995004995004996,0.9999833336111064,12,1,621.4896418393027
PROP-14081,Karachi,DHA Defence Phase 7-9,Lower Portion,5.0,Marla,5 Marla,917,1,1,20.7,1,0,0,0,Gated Community; 24/7 Security; Backup Generator / Solar; Underground Utilities,4,1.84,1.04,5.2,3.62,2026-10-01,22177000.0,3489993.02001396,0.8151111038656791,Vintage (16y+),Tier 1 - Ultra Luxury,5.5,0.2547121752419765,0.999900009999,2,0,916.908309169083
PROP-11572,Islamabad,Sector B-17 Multi Gardens,Farmhouse,800.0,Kanal,2 Kanal,4128,6,6,2.6,2,0,0,0,Backup Generator / Solar; Servant Quarter; Lawn / Garden,3,2.05,2.64,4.28,1.88,2026-10-01,85411000.0,85579.37393025783,0.0229333333320592,Modern (2-5y),Tier 3 - Affordable/Suburban,4.0,0.2830055186076128,0.9999833336111064,12,0,687.9885335244413
PROP-15076,Islamabad,Sector B-17 Multi Gardens,Flat,2.5,Marla,2.5 Marla,650,1,2,18.5,1,1,0,0,Gated Community; 24/7 Security; Backup Generator / Solar; Elevator,4,2.21,3.91,3.0,0.63,2026-10-01,8655000.0,2819988.7200451195,1.155555535012346,Vintage (16y+),Tier 3 - Affordable/Suburban,6.5,0.3175611305176246,0.4999750012499374,3,1,649.93500649935
PROP-15107,Rawalpindi,Bahria Town,House,5.0,Marla,5 Marla,1783,3,3,0.7,2,0,0,1,Gated Community; 24/7 Security; Backup Generator / Solar; Underground Utilities,4,2.66,3.8,2.82,1.53,2026-10-01,26593000.0,4559990.880018241,1.5848888748009875,Brand New (0-1y),Tier 2 - Premium,5.5,0.2837684449489217,0.9999666677777408,6,1,594.3135228825705
PROP-12144,Islamabad,Sector E-11,House,5.0,Marla,5 Marla,2823,4,4,5.6,3,0,0,0,Gated Community; 24/7 Security; Backup Generator / Solar,3,5.19,6.2,2.74,0.58,2026-10-01,30126000.0,4739990.52001896,2.5093333110281484,Established (6-15y),Tier 2 - Premium,4.0,0.2237887434262056,0.9999750006249843,8,0,705.7323566910827
PROP-11688,Lahore,Lake City,House,400.0,Kanal,1 Kanal,6915,5,5,5.4,2,0,0,0,Gated Community; Servant Quarter; Lawn / Garden,3,0.87,1.84,3.04,1.02,2026-10-01,81661000.0,158374.99604062512,0.0768333333247962,Established (6-15y),Tier 3 - Affordable/Suburban,3.0,0.4008819402685908,0.999980000399992,10,0,1382.972340553189
PROP-14134,Islamabad,Sector F-8/F-10/F-11,House,7.0,Marla,7 Marla,1294,3,3,2.3,1,0,0,0,Gated Community; 24/7 Security; Backup Generator / Solar; Underground Utilities; Lawn / Garden; Central Heating / Cooling,6,0.41,1.83,5.13,2.16,2026-10-01,59380000.0,7078561.316340977,0.8215872963708744,Modern (2-5y),Tier 1 - Ultra Luxury,8.0,0.3234152652005174,0.9999666677777408,6,0,431.3189560347988
PROP-13853,Islamabad,Sector F-8/F-10/F-11,Farmhouse,1600.0,Kanal,4 Kanal,8348,5,5,0.0,2,0,0,0,Gated Community; 24/7 Security; Backup Generator / Solar; Underground Utilities; Swimming Pool; Central Heating / Cooling,6,1.14,3.52,3.27,1.89,2026-10-01,602458000.0,282593.74823378905,0.0231888888882447,Brand New (0-1y),Tier 1 - Ultra Luxury,10.0,0.3176620076238882,0.999980000399992,10,0,1669.5666086678268
PROP-13442,Lahore,Lake City,House,3.0,Marla,3 Marla,1030,3,3,4.5,2,0,0,0,24/7 Security,1,1.07,0.68,1.87,2.77,2026-10-01,12937000.0,3483321.722260926,1.5259259033196162,Modern (2-5y),Tier 3 - Affordable/Suburban,1.0,0.3729256013425321,0.9999666677777408,6,0,343.32188927035764
PROP-13768,Lahore,Askari,House,5.0,Marla,5 Marla,941,1,1,0.0,1,1,0,0,Gated Community; 24/7 Security,2,1.93,2.01,1.94,1.35,2026-10-01,23681000.0,3859992.28001544,0.8364444370093828,Brand New (0-1y),Tier 2 - Premium,2.0,0.3610108303249097,0.999900009999,2,1,940.9059094090592
PROP-15647,Karachi,Malir Cantt,House,10.0,Marla,10 Marla,3390,5,6,13.6,2,0,0,0,Gated Community; 24/7 Security; Underground Utilities; Servant Quarter; Lawn / Garden,5,1.32,0.59,1.48,2.34,2026-10-01,43848000.0,3754996.245003755,1.5066666599703702,Vintage (16y+),Tier 2 - Premium,5.5,0.3923876790268786,0.8333194446759221,11,0,677.9864402711946
PROP-12327,Lahore,Model Town,House,10.0,Marla,10 Marla,3926,5,6,5.6,2,0,0,0,Gated Community; 24/7 Security; Backup Generator / Solar; Underground Utilities; Servant Quarter; Lawn / Garden,6,0.97,0.37,4.74,2.17,2026-10-01,79616000.0,6764993.235006765,1.744888881133827,Established (6-15y),Tier 1 - Ultra Luxury,7.5,0.334001336005344,0.8333194446759221,11,0,785.1842963140738
PROP-16363,Islamabad,Sector F-8/F-10/F-11,Farmhouse,800.0,Kanal,2 Kanal,6378,6,6,0.8,1,1,0,1,Gated Community; 24/7 Security; Backup Generator / Solar; Servant Quarter; Lawn / Garden,5,3.45,2.79,7.75,1.31,2026-10-01,351105000.0,336812.4957898438,0.0354333333313648,Brand New (0-1y),Tier 1 - Ultra Luxury,6.0,0.2188662727073758,0.9999833336111064,12,2,1062.9822836286062
PROP-12915,Lahore,Lake City,House,7.0,Marla,7 Marla,2472,4,3,0.8,2,0,1,1,Gated Community; 24/7 Security; Servant Quarter,3,0.37,0.69,2.47,2.02,2026-10-01,30312000.0,3471423.6122519826,1.5695237995585791,Brand New (0-1y),Tier 3 - Affordable/Suburban,3.0,0.4286326618088298,1.3332888903703208,7,2,617.9845503862404
PROP-14971,Lahore,Model Town,House,7.0,Marla,7 Marla,2700,4,5,6.8,2,0,0,0,24/7 Security; Underground Utilities,2,0.88,0.84,7.56,0.62,2026-10-01,52200000.0,6257133.918380117,1.7142857034013603,Established (6-15y),Tier 1 - Ultra Luxury,2.5,0.3192848020434227,0.7999840003199936,9,0,674.9831254218645
PROP-15920,Islamabad,Sector G-11/G-13,House,5.0,Marla,5 Marla,1736,2,2,13.8,2,0,0,0,Gated Community; 24/7 Security,2,1.24,0.49,4.27,0.73,2026-10-01,28126000.0,4629990.7400185205,1.543111097394568,Vintage (16y+),Tier 2 - Premium,2.0,0.3875217981011432,0.9999500024998748,4,0,867.9566021698914
PROP-15395,Faisalabad,Canal Road Villas,House,400.0,Kanal,1 Kanal,7602,7,7,7.6,2,0,0,0,Gated Community; 24/7 Security; Underground Utilities; Lawn / Garden,4,0.56,2.14,3.47,0.72,2026-10-01,89708000.0,185874.99535312512,0.0844666666572814,Established (6-15y),Tier 2 - Premium,4.5,0.4120313143798929,0.999985714489793,14,0,1085.9844859359152
PROP-13954,Karachi,DHA Defence Phase 7-9,House,10.0,Marla,10 Marla,1915,4,4,9.4,1,0,0,0,Gated Community; 24/7 Security; Backup Generator / Solar; Lawn / Garden; Central Heating / Cooling,5,0.62,0.82,2.66,0.45,2026-10-01,82294000.0,6459993.540006461,0.851111107328395,Established (6-15y),Tier 1 - Ultra Luxury,6.5,0.4982561036372696,0.9999750006249843,8,0,478.7380315492113
PROP-16208,Faisalabad,Madina Town,Upper Portion,5.0,Marla,5 Marla,815,2,2,0.0,1,0,0,0,Gated Community; 24/7 Security; Servant Quarter,3,0.45,1.08,0.63,4.42,2026-10-01,11370000.0,1879996.24000752,0.7244444380049383,Brand New (0-1y),Tier 2 - Premium,3.0,0.3608154429009562,0.9999500024998748,4,0,407.47962601869904
PROP-10596,Karachi,Clifton,Upper Portion,7.0,Marla,7 Marla,1266,3,3,2.6,1,0,0,0,24/7 Security; Backup Generator / Solar; Underground Utilities,3,1.99,2.07,7.52,0.84,2026-10-01,34161000.0,4249993.928580103,0.8038095187059713,Modern (2-5y),Tier 1 - Ultra Luxury,4.5,0.2657454158915758,0.9999666677777408,6,0,421.98593380220655
PROP-16002,Lahore,Johar Town,House,7.0,Marla,7 Marla,2637,3,4,3.7,2,0,0,0,Gated Community; 24/7 Security; Underground Utilities,3,2.12,1.75,3.9,2.55,2026-10-01,38636000.0,4471422.183682595,1.674285703655329,Modern (2-5y),Tier 2 - Premium,3.5,0.2817298211015636,0.7499812504687383,7,0,878.970700976634
PROP-10729,Faisalabad,D Ground / Peoples Colony,House,5.0,Marla,5 Marla,1942,3,4,24.9,2,0,0,0,Gated Community; 24/7 Security; Backup Generator / Solar; Underground Utilities,4,1.24,5.05,2.82,2.03,2026-10-01,30953000.0,5119989.7600204805,1.7262222068780249,Vintage (16y+),Tier 1 - Ultra Luxury,5.5,0.2972209838014564,0.7499812504687383,7,0,647.3117562747908
PROP-11366,Islamabad,DHA Defence Phase 2,Flat,7.5,Marla,7.5 Marla,2144,4,5,1.7,1,1,0,0,Gated Community; 24/7 Security; Lawn / Garden; Central Heating / Cooling; Elevator,5,1.28,4.05,2.96,2.75,2026-10-01,26139000.0,3013329.3155609127,1.2705185109895198,Modern (2-5y),Tier 2 - Premium,7.0,0.2879769618430526,0.7999840003199936,9,1,535.9866003349916
PROP-14495,Lahore,DHA Defence Phase 5-6,Lower Portion,400.0,Kanal,1 Kanal,3423,4,5,1.6,1,0,0,0,Gated Community; 24/7 Security; Backup Generator / Solar; Underground Utilities; Central Heating / Cooling,5,1.83,1.03,2.35,1.62,2026-10-01,80369000.0,161749.99595625012,0.0380333333291074,Modern (2-5y),Tier 1 - Ultra Luxury,7.0,0.3635041802980734,0.7999840003199936,9,0,855.7286067848304
PROP-10699,Lahore,Model Town,Flat,7.5,Marla,7.5 Marla,2245,4,4,1.7,1,1,0,1,Gated Community; Underground Utilities; Servant Quarter; Central Heating / Cooling; Elevator,5,2.06,4.41,9.42,1.03,2026-10-01,46188000.0,4986660.017786644,1.3303703624866945,Modern (2-5y),Tier 1 - Ultra Luxury,7.5,0.2185553491421702,0.9999750006249843,8,2,561.2359691007725
PROP-16323,Karachi,Gulshan-e-Iqbal,House,7.0,Marla,7 Marla,1221,3,3,6.8,1,0,0,0,Gated Community; 24/7 Security; Backup Generator / Solar; Underground Utilities; Servant Quarter,5,1.57,3.2,4.45,0.59,2026-10-01,35702000.0,4128565.530620671,0.7752380903159486,Established (6-15y),Tier 2 - Premium,6.5,0.3229452607782981,0.9999666677777408,6,0,406.9864337855405
PROP-15734,Lahore,Gulberg,House,10.0,Marla,10 Marla,1792,2,2,2.2,1,0,0,0,Gated Community; 24/7 Security; Backup Generator / Solar; Underground Utilities; Central Heating / Cooling,5,0.4,1.87,1.84,4.89,2026-10-01,76287000.0,5779994.22000578,0.7964444409046914,Modern (2-5y),Tier 1 - Ultra Luxury,7.0,0.3071724773460298,0.9999500024998748,4,0,895.955202239888
PROP-10396,Karachi,DHA Defence Phase 7-9,House,10.0,Marla,10 Marla,3919,6,6,0.0,2,0,0,0,Gated Community; 24/7 Security; Backup Generator / Solar; Underground Utilities; Servant Quarter; Lawn / Garden,6,0.62,0.69,4.92,1.89,2026-10-01,99942000.0,7979992.02000798,1.741777770036543,Brand New (0-1y),Tier 1 - Ultra Luxury,7.5,0.3482500435312555,0.9999833336111064,12,0,653.1557807369877
PROP-14173,Karachi,DHA Defence Phase 7-9,House,7.0,Marla,7 Marla,2750,4,4,3.8,2,0,0,1,24/7 Security; Backup Generator / Solar; Servant Quarter; Lawn / Garden,4,1.19,3.44,4.07,3.55,2026-10-01,72787000.0,8685701.877568746,1.7460317349458303,Modern (2-5y),Tier 1 - Ultra Luxury,5.0,0.262363898727535,0.9999750006249843,8,1,687.4828129296768
PROP-14363,Rawalpindi,Satellite Town,House,5.0,Marla,5 Marla,905,1,1,7.0,1,0,0,0,Gated Community,1,1.85,1.76,1.54,2.67,2026-10-01,18454000.0,3269993.4600130804,0.8044444372938272,Established (6-15y),Tier 2 - Premium,1.0,0.3310710147326601,0.999900009999,2,0,904.909509049095
PROP-12503,Karachi,PECHS,Flat,2.5,Marla,2.5 Marla,706,2,2,1.8,1,0,0,0,Gated Community; 24/7 Security; Backup Generator / Solar; Underground Utilities; Servant Quarter; Elevator,6,1.26,0.87,4.56,3.69,2026-10-01,14996000.0,4579981.68007328,1.2551110887980252,Modern (2-5y),Tier 2 - Premium,9.0,0.2785127419579445,0.9999500024998748,4,0,352.9823508824558
PROP-11820,Karachi,DHA Defence Phase 7-9,Upper Portion,400.0,Kanal,1 Kanal,3387,5,6,5.4,1,0,0,0,Gated Community; 24/7 Security; Backup Generator / Solar; Underground Utilities; Lawn / Garden,5,1.29,1.55,1.72,1.96,2026-10-01,85073000.0,175749.99560625013,0.0376333333291518,Established (6-15y),Tier 1 - Ultra Luxury,6.5,0.3822629969418961,0.8333194446759221,11,0,677.3864522709546
PROP-10718,Karachi,Gulshan-e-Iqbal,House,7.0,Marla,7 Marla,1333,3,4,0.0,1,0,0,0,Gated Community; 24/7 Security; Underground Utilities; Servant Quarter,4,3.71,2.83,2.21,0.51,2026-10-01,35284000.0,4171422.612253411,0.8463492009755607,Brand New (0-1y),Tier 2 - Premium,4.5,0.3013863773357444,0.7499812504687383,7,0,444.3185227159095
PROP-12783,Lahore,Model Town,House,10.0,Marla,10 Marla,3850,5,6,5.8,2,0,0,1,Gated Community; 24/7 Security; Backup Generator / Solar; Underground Utilities; Lawn / Garden,5,1.42,1.62,3.25,0.9,2026-10-01,96365000.0,7749992.2500077505,1.7111111035061728,Established (6-15y),Tier 1 - Ultra Luxury,6.5,0.3759398496240602,0.8333194446759221,11,1,769.9846003079939
PROP-14949,Lahore,Johar Town,Flat,2.5,Marla,2.5 Marla,634,1,2,7.4,1,1,0,0,Gated Community; 24/7 Security; Backup Generator / Solar; Underground Utilities; Central Heating / Cooling; Elevator,6,0.96,1.37,3.78,0.97,2026-10-01,13527000.0,4319982.72006912,1.1271110910735809,Established (6-15y),Tier 2 - Premium,9.5,0.3863241259416651,0.4999750012499374,3,1,633.9366063393661
PROP-13579,Lahore,Lake City,Upper Portion,7.0,Marla,7 Marla,1105,3,3,3.6,1,0,1,0,Basic,0,2.3,1.18,3.53,0.65,2026-10-01,12509000.0,1442855.0816355976,0.7015872971327791,Modern (2-5y),Tier 3 - Affordable/Suburban,0.0,0.346860908775581,0.9999666677777408,6,1,368.32105596480113
PROP-15489,Lahore,Bahria Town,House,7.0,Marla,7 Marla,2770,4,4,2.3,2,0,0,0,Gated Community; 24/7 Security; Backup Generator / Solar,3,1.4,6.67,2.64,1.3,2026-10-01,36935000.0,4321422.397968004,1.758730147563618,Modern (2-5y),Tier 2 - Premium,4.0,0.2933841865923426,0.9999750006249843,8,0,692.4826879328017
PROP-10144,Islamabad,Bahria Town Phase 1-8,Lower Portion,7.0,Marla,7 Marla,1264,2,2,5.8,1,0,0,0,24/7 Security; Backup Generator / Solar,2,0.39,2.37,1.66,6.0,2026-10-01,16635000.0,1907140.1326569533,0.8025396774441925,Established (6-15y),Tier 2 - Premium,3.0,0.2759381898454746,0.9999500024998748,4,0,631.968401579921
PROP-14983,Karachi,Clifton,Flat,5.0,Marla,5 Marla,1409,2,3,9.3,1,0,0,0,Gated Community; 24/7 Security; Backup Generator / Solar; Underground Utilities; Elevator,5,1.26,3.01,2.73,0.54,2026-10-01,30585000.0,5069989.86002028,1.2524444333116052,Established (6-15y),Tier 1 - Ultra Luxury,8.0,0.38454143433955,0.6666444451851604,5,0,704.4647767611618
PROP-13141,Rawalpindi,Satellite Town,House,10.0,Marla,10 Marla,3930,4,5,0.7,2,0,1,0,Gated Community; Backup Generator / Solar; Underground Utilities; Servant Quarter,4,1.03,1.9,7.87,1.48,2026-10-01,54181000.0,4709995.29000471,1.7466666589037037,Brand New (0-1y),Tier 2 - Premium,5.5,0.2729630135116692,0.7999840003199936,9,1,982.4754381140472
PROP-14494,Lahore,DHA Defence Phase 5-6,House,400.0,Kanal,1 Kanal,7455,6,6,4.3,2,0,0,0,24/7 Security; Backup Generator / Solar; Servant Quarter; Lawn / Garden,4,2.12,3.31,4.22,2.09,2026-10-01,140916000.0,289874.9927531252,0.0828333333241296,Modern (2-5y),Tier 1 - Ultra Luxury,5.0,0.2695781102574471,0.9999833336111064,12,0,1242.4792920117998
PROP-12939,Rawalpindi,Bahria Town,House,400.0,Kanal,1 Kanal,7259,6,6,0.7,2,1,0,0,Gated Community; 24/7 Security; Lawn / Garden,3,1.3,1.76,1.73,1.2,2026-10-01,88617000.0,188499.9952875001,0.0806555555465938,Brand New (0-1y),Tier 2 - Premium,3.0,0.4123711340206186,0.9999833336111064,12,1,1209.8131697805038
PROP-15591,Lahore,Model Town,House,400.0,Kanal,1 Kanal,7125,7,7,16.0,2,1,0,0,Gated Community; 24/7 Security; Backup Generator / Solar; Underground Utilities; Servant Quarter; Lawn / Garden; Central Heating / Cooling,7,2.86,4.83,1.28,0.72,2026-10-01,181706000.0,368124.99079687527,0.0791666666578703,Vintage (16y+),Tier 1 - Ultra Luxury,9.0,0.3127443315089914,0.999985714489793,14,1,1017.8426022485394
PROP-13638,Karachi,Malir Cantt,House,400.0,Kanal,1 Kanal,11865,6,5,6.2,3,0,0,0,Gated Community; Backup Generator / Solar; Servant Quarter; Lawn / Garden,4,0.22,0.95,2.82,1.41,2026-10-01,147457000.0,290874.9927281252,0.1318333333186852,Established (6-15y),Tier 2 - Premium,5.0,0.4532064355313845,1.1999760004799904,11,0,1977.4670422159631
PROP-13223,Faisalabad,D Ground / Peoples Colony,Upper Portion,5.0,Marla,5 Marla,873,1,2,1.4,1,0,0,0,24/7 Security; Underground Utilities,2,1.92,1.46,6.29,2.02,2026-10-01,14314000.0,2569994.8600102803,0.7759999931022223,Modern (2-5y),Tier 1 - Ultra Luxury,2.5,0.2663115845539281,0.4999750012499374,3,0,872.9127087291271
PROP-11168,Islamabad,Sector F-6/F-7/E-7,House,5.0,Marla,5 Marla,1920,5,6,1.7,2,0,0,0,24/7 Security; Underground Utilities,2,0.71,1.43,1.87,0.89,2026-10-01,59862000.0,9109981.78003644,1.7066666514962965,Modern (2-5y),Tier 1 - Ultra Luxury,2.5,0.4752851711026615,0.8333194446759221,11,0,383.99232015359695
PROP-12617,Lahore,Askari,House,800.0,Kanal,2 Kanal,23246,6,6,10.0,3,0,0,0,Gated Community; 24/7 Security; Servant Quarter; Lawn / Garden,4,1.73,1.35,6.54,1.35,2026-10-01,230423000.0,222374.9972203125,0.1291444444372697,Established (6-15y),Tier 2 - Premium,4.0,0.2840102243680772,0.9999833336111064,12,0,3874.268762187297
PROP-11063,Islamabad,Sector F-8/F-10/F-11,House,3.0,Marla,3 Marla,585,2,3,2.3,1,0,0,0,Backup Generator / Solar; Underground Utilities; Lawn / Garden; Central Heating / Cooling,4,1.11,1.39,0.74,0.84,2026-10-01,26134000.0,7366642.111192962,0.8666666538271607,Modern (2-5y),Tier 1 - Ultra Luxury,6.0,0.5007511266900351,0.6666444451851604,5,0,292.4853757312134
PROP-12157,Lahore,Bahria Town,Flat,3.5,Marla,3.5 Marla,921,2,1,1.8,1,0,0,0,Gated Community; Underground Utilities,2,1.08,1.16,4.34,1.83,2026-10-01,9966000.0,2314279.1020597084,1.1695237946727135,Modern (2-5y),Tier 2 - Premium,2.5,0.3368137420006736,1.999800019998,3,0,460.4769761511924
PROP-15164,Karachi,Gulshan-e-Iqbal,Upper Portion,5.0,Marla,5 Marla,787,2,3,0.0,1,0,0,0,Gated Community; 24/7 Security; Underground Utilities,3,0.81,3.42,3.94,3.67,2026-10-01,13303000.0,2229995.54000892,0.699555549337284,Brand New (0-1y),Tier 2 - Premium,3.5,0.271333604666938,0.6666444451851604,5,0,393.4803259837008
PROP-15308,Lahore,Johar Town,House,400.0,Kanal,1 Kanal,7063,6,7,0.9,2,0,1,0,Gated Community; 24/7 Security; Underground Utilities; Servant Quarter; Lawn / Garden,5,0.44,2.0,3.76,0.57,2026-10-01,117392000.0,247249.99381875017,0.078477777769058,Brand New (0-1y),Tier 2 - Premium,5.5,0.4206983592763988,0.8571306124198226,13,1,1177.1470475492076
PROP-12983,Islamabad,Bahria Town Phase 1-8,Lower Portion,400.0,Kanal,1 Kanal,3614,4,3,1.4,1,0,0,0,Gated Community; 24/7 Security,2,1.53,3.8,3.25,0.46,2026-10-01,45996000.0,92999.99767500006,0.0401555555510938,Modern (2-5y),Tier 2 - Premium,2.0,0.3456022118541558,1.3332888903703208,7,0,903.4774130646734
PROP-13295,Lahore,DHA Defence Phase 7-9,House,3.0,Marla,3 Marla,1080,3,3,4.6,2,0,0,0,Gated Community; 24/7 Security; Backup Generator / Solar; Underground Utilities; Lawn / Garden; Swimming Pool,6,0.4,3.43,2.01,4.65,2026-10-01,19785000.0,5499981.666727778,1.5999999762962966,Established (6-15y),Tier 2 - Premium,9.5,0.2897291032884253,0.9999666677777408,6,0,359.9880003999866
PROP-14732,Lahore,Bahria Town,House,3.0,Marla,3 Marla,1072,3,3,12.4,2,0,0,0,Gated Community; 24/7 Security; Backup Generator / Solar; Underground Utilities; Swimming Pool,5,3.81,2.12,4.18,6.38,2026-10-01,22568000.0,5716647.611174629,1.5881481246200275,Established (6-15y),Tier 2 - Premium,8.5,0.1851337591409793,0.9999666677777408,6,0,357.321422619246
PROP-11157,Islamabad,Sector F-8/F-10/F-11,Farmhouse,1600.0,Kanal,4 Kanal,4946,5,5,10.9,2,0,1,0,Gated Community; 24/7 Security; Underground Utilities; Servant Quarter; Lawn / Garden; Swimming Pool,6,1.44,2.31,2.45,2.62,2026-10-01,664455000.0,317562.4980152344,0.0137388888885072,Established (6-15y),Tier 1 - Ultra Luxury,8.5,0.3198464736926275,0.999980000399992,10,1,989.180216395672
PROP-15337,Islamabad,DHA Defence Phase 2,Flat,2.5,Marla,2.5 Marla,733,1,1,0.7,1,1,0,0,Gated Community; 24/7 Security; Servant Quarter; Elevator,4,1.42,3.88,3.96,0.47,2026-10-01,12292000.0,3719985.12005952,1.303111087944692,Brand New (0-1y),Tier 2 - Premium,5.5,0.3320053120849933,0.999900009999,2,1,732.9267073292671
PROP-10733,Karachi,Gulshan-e-Iqbal,Flat,5.0,Marla,5 Marla,1301,3,3,0.8,1,0,0,0,Gated Community; 24/7 Security; Underground Utilities,3,0.71,1.91,4.34,0.35,2026-10-01,15331000.0,2479995.04000992,1.1564444341649385,Brand New (0-1y),Tier 2 - Premium,3.5,0.3987240829346092,0.9999666677777408,6,0,433.65221159294686
PROP-14333,Karachi,Bahria Town Karachi,House,5.0,Marla,5 Marla,959,1,1,3.8,1,0,0,0,24/7 Security; Backup Generator / Solar,2,0.91,1.59,0.61,3.65,2026-10-01,11693000.0,2010595.9788080424,0.8524444368671605,Modern (2-5y),Tier 3 - Affordable/Suburban,3.0,0.3604902667627974,0.999900009999,2,0,958.9041095890412
PROP-14849,Rawalpindi,Bahria Town,House,3.0,Marla,3 Marla,1144,2,2,0.9,2,1,0,0,24/7 Security; Backup Generator / Solar; Central Heating / Cooling,3,1.13,2.33,3.08,3.44,2026-10-01,16921000.0,4899983.666721111,1.6948147897064476,Brand New (0-1y),Tier 2 - Premium,4.5,0.2947244326554671,0.9999500024998748,4,1,571.9714014299284
PROP-10954,Lahore,Johar Town,House,400.0,Kanal,1 Kanal,7908,6,7,3.9,2,0,0,0,Gated Community; 24/7 Security; Underground Utilities; Servant Quarter; Lawn / Garden,5,4.21,2.62,3.24,1.22,2026-10-01,117713000.0,232749.99418125016,0.0878666666569037,Modern (2-5y),Tier 2 - Premium,5.5,0.2576987501610617,0.8571306124198226,13,0,1317.9780336994384
PROP-12540,Karachi,North Nazimabad,Flat,5.0,Marla,5 Marla,1311,2,2,1.8,1,0,0,0,Gated Community; 24/7 Security; Central Heating / Cooling; Elevator,4,0.51,1.53,2.54,1.13,2026-10-01,19072000.0,3289993.4200131604,1.1653333229748148,Modern (2-5y),Tier 2 - Premium,6.0,0.4434589800443459,0.9999500024998748,4,0,655.467226638668
PROP-13325,Karachi,Clifton,House,400.0,Kanal,1 Kanal,6986,5,5,1.8,2,0,0,1,Gated Community; 24/7 Security; Backup Generator / Solar; Underground Utilities; Lawn / Garden,5,0.18,0.4,4.82,2.7,2026-10-01,197086000.0,398624.9900343753,0.0776222222135975,Modern (2-5y),Tier 1 - Ultra Luxury,6.5,0.3451846738004832,0.999980000399992,10,1,1397.172056558869
PROP-13302,Lahore,Gulberg,House,3.0,Marla,3 Marla,1072,2,2,3.2,2,0,0,0,Gated Community; 24/7 Security; Backup Generator / Solar; Underground Utilities,4,1.73,1.42,3.43,2.38,2026-10-01,26112000.0,7049976.500078333,1.5881481246200275,Modern (2-5y),Tier 1 - Ultra Luxury,5.5,0.3107037439801149,0.9999500024998748,4,0,535.973201339933
PROP-11543,Karachi,PECHS,House,5.0,Marla,5 Marla,972,2,2,11.1,1,0,0,0,Gated Community; 24/7 Security; Lawn / Garden,3,1.28,3.34,8.82,1.76,2026-10-01,25589000.0,4289991.4200171605,0.8639999923200001,Established (6-15y),Tier 2 - Premium,3.0,0.2357934449422306,0.9999500024998748,4,0,485.9757012149392
PROP-15296,Lahore,DHA Defence Phase 7-9,Flat,2.5,Marla,2.5 Marla,717,1,1,0.0,1,1,0,0,Gated Community; 24/7 Security; Elevator,3,2.91,3.21,2.33,2.96,2026-10-01,10251000.0,3219987.1200515195,1.2746666440059264,Brand New (0-1y),Tier 2 - Premium,4.5,0.2594706798131811,0.999900009999,2,1,716.9283071692831
PROP-15775,Karachi,DHA Defence Phase 7-9,Flat,5.0,Marla,5 Marla,1261,3,4,4.7,1,0,0,1,Gated Community; 24/7 Security; Underground Utilities; Lawn / Garden; Elevator,5,0.88,4.19,2.39,2.67,2026-10-01,29655000.0,4839990.320019361,1.1208888789254323,Modern (2-5y),Tier 1 - Ultra Luxury,7.0,0.3109936246306951,0.7499812504687383,7,1,420.3193226892437
PROP-11192,Lahore,Gulberg,House,3.0,Marla,3 Marla,1155,2,2,3.6,2,0,0,0,Gated Community; 24/7 Security; Underground Utilities,3,4.0,2.53,2.63,0.76,2026-10-01,25946000.0,7033309.888967036,1.7111110857613172,Modern (2-5y),Tier 1 - Ultra Luxury,3.5,0.2830055186076128,0.9999500024998748,4,0,577.4711264436778
PROP-16316,Karachi,Clifton,Penthouse,400.0,Kanal,1 Kanal,3575,5,6,15.7,1,0,1,0,Gated Community; 24/7 Security; Backup Generator / Solar; Underground Utilities; Lawn / Garden; Central Heating / Cooling; Elevator,7,1.8,0.74,5.55,1.03,2026-10-01,146245000.0,291624.9927093752,0.0397222222178086,Vintage (16y+),Tier 1 - Ultra Luxury,10.5,0.3164556962025316,0.8333194446759221,11,1,714.9857002859943
PROP-15515,Faisalabad,Canal Road Villas,House,5.0,Marla,5 Marla,1805,3,3,1.6,2,0,0,1,24/7 Security,1,1.05,2.87,2.87,0.56,2026-10-01,22300000.0,3789992.420015161,1.6044444301827163,Modern (2-5y),Tier 2 - Premium,1.0,0.3937007874015747,0.9999666677777408,6,1,601.6466117796073
PROP-12994,Karachi,PECHS,House,10.0,Marla,10 Marla,3442,4,4,1.6,2,0,0,0,Gated Community; 24/7 Security; Backup Generator / Solar; Underground Utilities; Servant Quarter; Lawn / Garden,6,2.87,2.85,5.91,1.15,2026-10-01,70235000.0,5699994.3000057,1.5297777709787652,Modern (2-5y),Tier 2 - Premium,7.5,0.2525890376357665,0.9999750006249843,8,0,860.4784880377991
PROP-12682,Lahore,Lake City,House,3.0,Marla,3 Marla,1019,2,2,0.0,2,1,0,0,24/7 Security; Servant Quarter; Lawn / Garden,3,0.79,2.17,2.95,1.38,2026-10-01,12753000.0,3350988.830037233,1.5096296072647466,Brand New (0-1y),Tier 3 - Affordable/Suburban,3.0,0.3837298541826554,0.9999500024998748,4,1,509.4745262736863
PROP-11218,Lahore,DHA Defence Phase 5-6,House,400.0,Kanal,1 Kanal,7179,6,7,0.0,2,1,0,0,Gated Community; 24/7 Security; Backup Generator / Solar; Servant Quarter; Lawn / Garden,5,1.56,2.56,1.04,1.25,2026-10-01,176697000.0,358624.99103437527,0.0797666666578037,Brand New (0-1y),Tier 1 - Ultra Luxury,6.0,0.3979307600477517,0.8571306124198226,13,1,1196.480058665689
PROP-11541,Islamabad,Sector G-11/G-13,Upper Portion,7.0,Marla,7 Marla,1203,3,3,2.1,1,0,0,0,Gated Community; 24/7 Security,2,0.25,2.72,2.68,0.49,2026-10-01,23018000.0,2564282.0510256416,0.7638095189599395,Modern (2-5y),Tier 2 - Premium,2.0,0.4590314436538902,0.9999666677777408,6,0,400.986633778874
PROP-16175,Lahore,Lake City,Flat,2.5,Marla,2.5 Marla,781,1,1,8.2,1,1,0,1,Gated Community; Elevator,2,0.3,3.47,4.83,0.92,2026-10-01,8353000.0,2799988.8000448,1.3884444197609882,Established (6-15y),Tier 3 - Affordable/Suburban,3.5,0.3487358326068003,0.999900009999,2,2,780.9219078092191
PROP-13237,Lahore,Allama Iqbal Town,Upper Portion,5.0,Marla,5 Marla,878,1,1,0.9,1,0,1,0,Gated Community,1,1.84,2.52,1.26,2.36,2026-10-01,11282000.0,1759996.48000704,0.7804444375071605,Brand New (0-1y),Tier 3 - Affordable/Suburban,1.0,0.335345405767941,0.999900009999,2,1,877.9122087791221
PROP-15544,Karachi,Gulshan-e-Iqbal,House,400.0,Kanal,1 Kanal,7324,5,5,0.0,2,1,0,0,Gated Community; 24/7 Security; Underground Utilities; Servant Quarter; Lawn / Garden,5,0.6,0.71,1.03,1.64,2026-10-01,114586000.0,238624.99403437515,0.0813777777687358,Brand New (0-1y),Tier 2 - Premium,5.5,0.4964010920824026,0.999980000399992,10,1,1464.7707045859083
PROP-12387,Lahore,Gulberg,House,10.0,Marla,10 Marla,3718,5,5,5.6,2,0,1,0,Gated Community; Underground Utilities; Servant Quarter; Lawn / Garden; Central Heating / Cooling,5,1.76,1.53,1.09,3.9,2026-10-01,83230000.0,6804993.1950068055,1.652444437100247,Established (6-15y),Tier 1 - Ultra Luxury,6.0,0.3092624091541673,0.999980000399992,10,1,743.585128297434
PROP-13721,Lahore,Gulberg,House,5.0,Marla,5 Marla,1900,5,5,1.8,2,0,1,0,Gated Community; 24/7 Security; Underground Utilities; Servant Quarter,4,0.44,3.04,1.43,1.45,2026-10-01,47112000.0,7319985.36002928,1.6888888738765433,Modern (2-5y),Tier 1 - Ultra Luxury,4.5,0.429000429000429,0.999980000399992,10,1,379.992400151997
PROP-15618,Faisalabad,Madina Town,House,10.0,Marla,10 Marla,1928,4,4,2.8,1,0,0,0,24/7 Security; Underground Utilities; Servant Quarter; Lawn / Garden,4,0.81,3.56,1.25,0.52,2026-10-01,39926000.0,3349996.6500033503,0.8568888850804938,Modern (2-5y),Tier 2 - Premium,4.5,0.4497413986957499,0.9999750006249843,8,0,481.9879503012425
PROP-11389,Islamabad,Bahria Town Phase 1-8,House,400.0,Kanal,1 Kanal,7302,6,6,4.4,2,0,0,0,24/7 Security; Backup Generator / Solar; Servant Quarter; Lawn / Garden,4,2.27,0.73,5.49,0.96,2026-10-01,91734000.0,189499.99526250013,0.0811333333243185,Modern (2-5y),Tier 2 - Premium,5.0,0.3039513677811549,0.9999833336111064,12,0,1216.9797170047166
PROP-11857,Lahore,DHA Defence Phase 7-9,House,7.0,Marla,7 Marla,2641,5,6,0.8,2,0,0,0,Gated Community; 24/7 Security; Backup Generator / Solar; Underground Utilities,4,2.04,1.17,1.17,1.93,2026-10-01,34541000.0,4178565.4591922015,1.6768253861788864,Brand New (0-1y),Tier 2 - Premium,5.5,0.3700277520814061,0.8333194446759221,11,0,528.1894362112758
PROP-11366,Islamabad,DHA Defence Phase 2,Flat,7.5,Marla,7.5 Marla,2144,4,5,1.5,1,1,0,0,Gated Community; 24/7 Security; Lawn / Garden; Central Heating / Cooling; Elevator,5,1.28,4.05,2.96,2.75,2026-10-01,29245000.0,3013329.3155609127,1.2705185109895198,Modern (2-5y),Tier 2 - Premium,7.0,0.2879769618430526,0.7999840003199936,9,1,535.9866003349916
PROP-10500,Lahore,Lake City,Upper Portion,7.0,Marla,7 Marla,1209,3,3,6.3,1,1,0,0,Basic,0,0.7,2.69,1.81,2.52,2026-10-01,12518000.0,1499997.8571459183,0.7676190427452759,Established (6-15y),Tier 3 - Affordable/Suburban,0.0,0.3614675582866438,0.9999666677777408,6,1,402.9865671144295
PROP-11681,Rawalpindi,Chaklala Scheme 3,House,800.0,Kanal,2 Kanal,13986,6,6,2.6,2,0,0,0,Gated Community; 24/7 Security; Underground Utilities; Servant Quarter,4,3.13,2.04,7.4,1.92,2026-10-01,219973000.0,221999.99722500003,0.0776999999956833,Modern (2-5y),Tier 2 - Premium,4.5,0.2243409983174425,0.9999833336111064,12,0,2330.9611506474894
PROP-10511,Karachi,Gulshan-e-Iqbal,Flat,3.5,Marla,3.5 Marla,930,1,1,2.1,1,1,0,0,Gated Community; 24/7 Security; Backup Generator / Solar; Elevator,4,0.58,1.6,2.8,1.23,2026-10-01,14911000.0,3785703.469418659,1.1809523659561605,Modern (2-5y),Tier 2 - Premium,6.5,0.4215851602023609,0.999900009999,2,1,929.90700929907
PROP-14315,Karachi,Clifton,Flat,3.5,Marla,3.5 Marla,1032,3,3,2.4,1,1,0,0,Gated Community; 24/7 Security; Backup Generator / Solar; Underground Utilities; Central Heating / Cooling; Elevator,6,2.83,3.89,6.04,0.76,2026-10-01,24097000.0,5399984.571472653,1.3104761738352233,Modern (2-5y),Tier 1 - Ultra Luxury,9.5,0.2493765586034912,0.9999666677777408,6,1,343.9885337155428
PROP-11325,Islamabad,Sector G-11/G-13,Upper Portion,5.0,Marla,5 Marla,897,2,2,0.0,1,0,0,0,Gated Community; 24/7 Security; Underground Utilities; Servant Quarter,4,0.29,0.99,2.38,1.55,2026-10-01,18717000.0,2929994.1400117204,0.797333326245926,Brand New (0-1y),Tier 2 - Premium,4.5,0.4564125969876769,0.9999500024998748,4,0,448.4775761211939
PROP-11156,Lahore,DHA Defence Phase 7-9,Flat,2.5,Marla,2.5 Marla,721,1,1,0.0,1,1,1,0,Gated Community; 24/7 Security; Backup Generator / Solar; Underground Utilities; Elevator,5,1.39,0.88,3.05,0.62,2026-10-01,13459000.0,4339982.64006944,1.2817777549906175,Brand New (0-1y),Tier 2 - Premium,8.0,0.4141644232760406,0.999900009999,2,2,720.927907209279
PROP-11828,Lahore,Askari,House,5.0,Marla,5 Marla,1963,4,4,2.4,2,0,0,0,Gated Community; 24/7 Security; Backup Generator / Solar,3,2.53,1.45,3.11,2.93,2026-10-01,28110000.0,4599990.8000184,1.7448888733787655,Modern (2-5y),Tier 2 - Premium,4.0,0.2774694783573807,0.9999750006249843,8,0,490.7377315567111
PROP-13142,Islamabad,Sector G-11/G-13,Flat,5.0,Marla,5 Marla,1568,3,3,6.5,1,0,0,1,Gated Community; Lawn / Garden; Elevator,3,1.56,0.3,2.45,0.6,2026-10-01,20888000.0,3249993.5000130003,1.393777765388642,Established (6-15y),Tier 2 - Premium,4.5,0.442282176028306,0.9999666677777408,6,1,522.6492450251658
PROP-13488,Karachi,PECHS,Flat,2.5,Marla,2.5 Marla,695,1,1,3.8,1,0,0,0,Gated Community; 24/7 Security; Elevator,3,0.43,1.3,4.23,0.32,2026-10-01,11460000.0,3799984.8000608,1.2355555335901238,Modern (2-5y),Tier 2 - Premium,4.5,0.4371584699453552,0.999900009999,2,0,694.930506949305
PROP-11811,Islamabad,Sector E-11,House,10.0,Marla,10 Marla,3423,4,4,3.2,2,0,0,0,Gated Community; 24/7 Security; Servant Quarter; Lawn / Garden; Central Heating / Cooling,5,0.46,0.4,9.1,1.74,2026-10-01,52522000.0,3994996.0050039953,1.5213333265718518,Modern (2-5y),Tier 2 - Premium,5.5,0.2806623631770979,0.9999750006249843,8,0,855.7286067848304
PROP-12924,Islamabad,Bahria Town Phase 1-8,House,7.0,Marla,7 Marla,2463,4,4,8.7,2,0,0,0,Gated Community; 24/7 Security,2,0.48,0.92,4.32,2.27,2026-10-01,34577000.0,3878565.887763018,1.5638095138805743,Established (6-15y),Tier 2 - Premium,2.0,0.350754121360926,0.9999750006249843,8,0,615.7346066348341
PROP-15304,Lahore,Bahria Town,Lower Portion,5.0,Marla,5 Marla,893,1,1,8.6,1,0,0,0,Gated Community; 24/7 Security; Underground Utilities; Central Heating / Cooling,4,6.6,3.0,2.8,1.51,2026-10-01,11505000.0,1839996.32000736,0.7937777707219754,Established (6-15y),Tier 2 - Premium,5.0,0.2095118374188141,0.999900009999,2,0,892.910708929107
PROP-12215,Lahore,DHA Defence Phase 5-6,House,3.0,Marla,3 Marla,1055,2,2,0.0,2,0,0,0,Gated Community; 24/7 Security; Backup Generator / Solar; Underground Utilities,4,0.86,4.79,3.19,0.22,2026-10-01,18443000.0,4999983.333388888,1.5629629398079563,Brand New (0-1y),Tier 1 - Ultra Luxury,5.5,0.3671745915182669,0.9999500024998748,4,0,527.473626318684
PROP-14188,Lahore,DHA Defence Phase 5-6,Flat,2.5,Marla,2.5 Marla,620,1,1,0.8,1,1,0,1,Gated Community; 24/7 Security; Underground Utilities; Servant Quarter; Elevator,5,1.24,6.47,2.35,0.95,2026-10-01,16582000.0,5339978.640085439,1.1022222026271609,Brand New (0-1y),Tier 1 - Ultra Luxury,7.0,0.3165057762304162,0.999900009999,2,2,619.9380061993801
PROP-10714,Karachi,DHA Defence Phase 7-9,House,10.0,Marla,10 Marla,3502,6,6,3.6,2,0,1,1,Gated Community; 24/7 Security; Backup Generator / Solar; Underground Utilities; Servant Quarter; Lawn / Garden,6,2.6,1.34,3.66,2.55,2026-10-01,101747000.0,8339991.66000834,1.5564444375269135,Modern (2-5y),Tier 1 - Ultra Luxury,7.5,0.2771618625277162,0.9999833336111064,12,2,583.6569390510158
PROP-15980,Rawalpindi,Adiala Road,House,5.0,Marla,5 Marla,1974,4,3,8.2,2,0,0,0,Backup Generator / Solar,1,0.68,2.9,1.21,5.41,2026-10-01,12824000.0,2319995.36000928,1.7546666510696298,Established (6-15y),Tier 3 - Affordable/Suburban,2.0,0.2826455624646693,1.3332888903703208,7,0,493.4876628084298
PROP-13604,Lahore,DHA Defence Phase 5-6,House,7.0,Marla,7 Marla,3662,5,5,13.6,3,0,0,1,Gated Community; 24/7 Security; Underground Utilities; Servant Quarter; Lawn / Garden; Swimming Pool; Central Heating / Cooling,7,2.03,4.72,1.55,1.74,2026-10-01,60600000.0,7278561.0306271,2.3250793503169565,Vintage (16y+),Tier 1 - Ultra Luxury,10.0,0.3076449776957391,0.999980000399992,10,1,732.3853522929542
PROP-14136,Karachi,Gulshan-e-Iqbal,Flat,2.5,Marla,2.5 Marla,619,2,2,0.9,1,1,0,0,Gated Community; 24/7 Security; Elevator,3,0.48,1.89,1.23,1.45,2026-10-01,10640000.0,3439986.2400550395,1.100444424880988,Brand New (0-1y),Tier 2 - Premium,4.5,0.4689331770222744,0.9999500024998748,4,1,309.48452577371125
PROP-13524,Islamabad,Bahria Town Phase 1-8,Lower Portion,5.0,Marla,5 Marla,799,2,2,4.1,1,0,0,0,24/7 Security; Backup Generator / Solar; Underground Utilities,3,1.27,1.12,1.16,2.19,2026-10-01,13461000.0,2109995.7800084404,0.7102222159091359,Modern (2-5y),Tier 2 - Premium,4.5,0.3997601439136518,0.9999500024998748,4,0,399.4800259987
PROP-14271,Lahore,Allama Iqbal Town,House,5.0,Marla,5 Marla,1897,4,4,0.0,2,0,0,0,Backup Generator / Solar; Underground Utilities,2,0.4,1.36,5.28,1.16,2026-10-01,21460000.0,3469993.06001388,1.6862222072335804,Brand New (0-1y),Tier 3 - Affordable/Suburban,3.5,0.363901018922853,0.9999750006249843,8,0,474.2381440463989
PROP-14751,Karachi,DHA Defence Phase 7-9,Penthouse,10.0,Marla,10 Marla,4865,5,4,0.8,2,0,0,0,24/7 Security; Backup Generator / Solar; Elevator,3,0.27,1.8,5.41,4.54,2026-10-01,74022000.0,6124993.875006125,2.1622222126123454,Brand New (0-1y),Tier 1 - Ultra Luxury,5.5,0.2625705658395694,1.2499687507812305,9,0,972.9805403891922
PROP-14852,Lahore,Gulberg,House,5.0,Marla,5 Marla,1869,5,5,8.7,2,0,0,0,24/7 Security; Underground Utilities,2,1.57,1.67,2.07,0.2,2026-10-01,41344000.0,6569986.86002628,1.661333318565926,Established (6-15y),Tier 1 - Ultra Luxury,2.5,0.4397537379067722,0.999980000399992,10,0,373.792524149517
PROP-11244,Lahore,DHA Defence Phase 5-6,House,10.0,Marla,10 Marla,3879,5,5,0.9,2,0,0,1,24/7 Security; Underground Utilities; Servant Quarter; Central Heating / Cooling,4,1.41,2.0,3.13,1.61,2026-10-01,88500000.0,7239992.76000724,1.7239999923377776,Brand New (0-1y),Tier 1 - Ultra Luxury,5.0,0.3445305770887166,0.999980000399992,10,1,775.7844843103138
PROP-13711,Islamabad,DHA Defence Phase 2,Farmhouse,1600.0,Kanal,4 Kanal,4998,5,5,5.4,1,0,0,0,Gated Community; 24/7 Security; Lawn / Garden; Swimming Pool,4,2.3,0.81,3.6,2.12,2026-10-01,310898000.0,157156.24901777346,0.0138833333329476,Established (6-15y),Tier 2 - Premium,6.0,0.3046458492003046,0.999980000399992,10,0,999.580008399832
PROP-11082,Lahore,DHA Defence Phase 5-6,House,10.0,Marla,10 Marla,1725,3,3,2.2,1,1,0,0,Gated Community; 24/7 Security; Backup Generator / Solar; Lawn / Garden; Central Heating / Cooling,5,1.77,3.33,3.2,1.7,2026-10-01,69946000.0,5584994.415005585,0.7666666632592593,Modern (2-5y),Tier 1 - Ultra Luxury,6.5,0.3059039461609054,0.9999666677777408,6,1,574.9808339722009
PROP-15782,Faisalabad,D Ground / Peoples Colony,House,5.0,Marla,5 Marla,1862,5,6,12.9,2,0,0,0,Gated Community; 24/7 Security; Backup Generator / Solar; Underground Utilities,4,0.36,1.42,2.13,3.71,2026-10-01,33123000.0,5609988.7800224405,1.6551110963990123,Established (6-15y),Tier 1 - Ultra Luxury,5.5,0.3474635163307852,0.8333194446759221,11,0,372.39255214895707
PROP-10456,Karachi,DHA Defence Phase 7-9,Flat,5.0,Marla,5 Marla,1502,3,4,3.5,1,0,0,0,Gated Community; 24/7 Security; Backup Generator / Solar; Elevator,4,0.54,2.62,1.81,0.76,2026-10-01,32558000.0,5319989.36002128,1.335111099243457,Modern (2-5y),Tier 1 - Ultra Luxury,6.5,0.4604051565377532,0.7499812504687383,7,0,500.6499783340555
PROP-14927,Karachi,DHA Defence Phase 7-9,House,5.0,Marla,5 Marla,1966,4,3,2.3,2,1,0,1,24/7 Security; Backup Generator / Solar; Underground Utilities; Servant Quarter; Central Heating / Cooling,5,3.49,0.84,3.6,1.8,2026-10-01,51260000.0,8989982.02003596,1.7475555400217286,Modern (2-5y),Tier 1 - Ultra Luxury,7.0,0.2772002772002772,1.3332888903703208,7,2,491.48771280717983
PROP-10895,Islamabad,Sector F-8/F-10/F-11,House,10.0,Marla,10 Marla,3618,5,6,0.0,2,0,0,1,Gated Community; 24/7 Security; Servant Quarter; Lawn / Garden; Central Heating / Cooling,5,1.54,1.42,1.65,1.95,2026-10-01,119619000.0,9119990.88000912,1.6079999928533333,Brand New (0-1y),Tier 1 - Ultra Luxury,5.5,0.3749531308586427,0.8333194446759221,11,1,723.5855282894343
PROP-11385,Karachi,DHA Defence Phase 7-9,Flat,2.5,Marla,2.5 Marla,756,2,2,0.0,1,1,1,0,Gated Community; 24/7 Security; Backup Generator / Solar; Underground Utilities; Servant Quarter; Central Heating / Cooling; Elevator,7,0.74,1.66,3.5,0.94,2026-10-01,20973000.0,6839972.640109439,1.3439999761066672,Brand New (0-1y),Tier 1 - Ultra Luxury,10.5,0.4016064257028112,0.9999500024998748,4,2,377.9811009449527
PROP-11959,Islamabad,DHA Defence Phase 2,Flat,2.5,Marla,2.5 Marla,619,1,1,7.9,1,1,0,1,Gated Community; 24/7 Security; Backup Generator / Solar; Underground Utilities; Elevator,5,2.78,1.75,2.64,1.41,2026-10-01,14394000.0,4499982.000072,1.100444424880988,Established (6-15y),Tier 2 - Premium,8.0,0.3138239447669857,0.999900009999,2,2,618.9381061893811
PROP-13073,Karachi,Clifton,Flat,3.5,Marla,3.5 Marla,1059,3,4,0.0,1,0,0,1,Gated Community; 24/7 Security; Backup Generator / Solar; Underground Utilities; Elevator,5,0.94,1.06,2.53,3.99,2026-10-01,27490000.0,6299982.000051429,1.3447618876855634,Brand New (0-1y),Tier 1 - Ultra Luxury,8.0,0.3133813851457223,0.7499812504687383,7,1,352.98823372554244
PROP-11997,Karachi,PECHS,Flat,3.5,Marla,3.5 Marla,1035,3,3,0.0,1,0,0,0,Gated Community; 24/7 Security; Servant Quarter; Lawn / Garden; Elevator,5,0.24,3.35,5.9,2.46,2026-10-01,17514000.0,3928560.2041137023,1.314285697596372,Brand New (0-1y),Tier 2 - Premium,6.5,0.2853474104722499,0.9999666677777408,6,0,344.9885003833205
PROP-16494,Lahore,DHA Defence Phase 5-6,House,10.0,Marla,10 Marla,3538,5,5,6.9,2,0,0,0,24/7 Security; Backup Generator / Solar; Underground Utilities; Servant Quarter; Lawn / Garden,5,1.56,3.6,5.25,3.34,2026-10-01,77083000.0,5994994.005005995,1.5724444374558024,Established (6-15y),Tier 1 - Ultra Luxury,6.5,0.2416626389560174,0.999980000399992,10,0,707.5858482830344
PROP-14288,Islamabad,Sector E-11,House,7.0,Marla,7 Marla,2487,3,4,4.8,2,1,0,0,24/7 Security; Underground Utilities,2,2.31,1.57,2.06,1.24,2026-10-01,42443000.0,5085707.020418542,1.57904760902192,Established (6-15y),Tier 2 - Premium,2.5,0.3536067892503536,0.7499812504687383,7,1,828.972367587747
PROP-10505,Islamabad,Bahria Town Phase 1-8,House,5.0,Marla,5 Marla,1890,4,4,1.4,2,0,0,0,Gated Community; 24/7 Security,2,2.77,3.37,3.94,0.73,2026-10-01,25284000.0,4159991.68001664,1.679999985066667,Modern (2-5y),Tier 2 - Premium,2.0,0.2871912693854107,0.9999750006249843,8,0,472.4881877953051
PROP-11215,Islamabad,Sector G-11/G-13,House,10.0,Marla,10 Marla,3902,5,5,1.5,2,0,0,0,Gated Community; 24/7 Security; Underground Utilities; Servant Quarter; Lawn / Garden,5,0.59,3.85,1.12,1.81,2026-10-01,64440000.0,5184994.815005185,1.7342222145145678,Modern (2-5y),Tier 2 - Premium,5.5,0.3920031360250882,0.999980000399992,10,0,780.3843923121538
PROP-11532,Lahore,Johar Town,Flat,5.0,Marla,5 Marla,1540,3,4,15.8,1,0,0,0,Gated Community; 24/7 Security; Underground Utilities; Elevator,4,0.9,9.97,2.9,0.78,2026-10-01,20052000.0,3219993.56001288,1.3688888767209877,Vintage (16y+),Tier 2 - Premium,6.0,0.2759001241550558,0.7499812504687383,7,0,513.3162227925735
PROP-13442,Lahore,Lake City,House,3.0,Marla,3 Marla,1030,3,3,3.8,2,0,0,0,24/7 Security,1,1.07,0.68,1.87,2.77,2026-10-01,13225000.0,3483321.722260926,1.5259259033196162,Modern (2-5y),Tier 3 - Affordable/Suburban,1.0,0.3729256013425321,0.9999666677777408,6,0,343.32188927035764
PROP-10824,Lahore,Johar Town,Lower Portion,5.0,Marla,5 Marla,847,2,2,3.6,1,0,0,0,Gated Community; 24/7 Security; Central Heating / Cooling,3,3.19,6.82,4.8,1.37,2026-10-01,14820000.0,2439995.1200097604,0.7528888821965433,Modern (2-5y),Tier 2 - Premium,3.5,0.2217049107637734,0.9999500024998748,4,0,423.478826058697
PROP-10929,Lahore,Bahria Town,House,3.0,Marla,3 Marla,1162,3,4,4.9,2,0,0,0,24/7 Security; Backup Generator / Solar,2,1.86,1.28,2.0,0.54,2026-10-01,15588000.0,4149986.1667127777,1.7214814559780525,Established (6-15y),Tier 2 - Premium,3.0,0.4158004158004157,0.7499812504687383,7,0,387.3204226525782
PROP-15032,Karachi,Clifton,House,7.0,Marla,7 Marla,4152,5,6,0.8,3,0,0,0,Gated Community; 24/7 Security; Backup Generator / Solar; Underground Utilities; Servant Quarter,5,1.05,1.25,7.07,2.49,2026-10-01,76327000.0,9257129.632671954,2.636190459452759,Brand New (0-1y),Tier 1 - Ultra Luxury,6.5,0.2691065662002153,0.8333194446759221,11,0,830.3833923321534
PROP-15239,Karachi,Clifton,Flat,7.5,Marla,7.5 Marla,2208,4,4,3.9,1,0,0,0,Gated Community; 24/7 Security; Underground Utilities; Central Heating / Cooling,4,0.39,0.68,3.93,1.4,2026-10-01,38822000.0,4373327.502229997,1.3084444366906998,Modern (2-5y),Tier 1 - Ultra Luxury,5.0,0.4090816117815504,0.9999750006249843,8,0,551.9862003449914
PROP-10134,Rawalpindi,Saddar Cantt,House,10.0,Marla,10 Marla,5081,7,6,6.3,3,0,1,0,Gated Community; 24/7 Security; Backup Generator / Solar; Underground Utilities; Lawn / Garden; Elevator,6,1.62,4.25,5.85,1.76,2026-10-01,77812000.0,6964993.0350069655,2.2582222121856788,Established (6-15y),Tier 1 - Ultra Luxury,9.0,0.25624599615631,1.166647222546291,13,1,725.8467736175198
PROP-12106,Rawalpindi,Adiala Road,House,5.0,Marla,5 Marla,1939,4,3,2.9,2,0,0,0,24/7 Security,1,0.89,3.3,4.52,1.15,2026-10-01,14424000.0,2539994.92001016,1.723555540235062,Modern (2-5y),Tier 3 - Affordable/Suburban,1.0,0.3272786777941417,1.3332888903703208,7,0,484.7378815529612
PROP-13629,Islamabad,DHA Defence Phase 2,House,3.0,Marla,3 Marla,1087,2,2,0.8,2,1,1,1,Gated Community; 24/7 Security,2,0.65,0.93,2.22,0.68,2026-10-01,24009000.0,6599978.000073333,1.610370346513032,Brand New (0-1y),Tier 2 - Premium,2.0,0.4962779156327543,0.9999500024998748,4,3,543.472826358682
PROP-14783,Karachi,PECHS,Flat,7.5,Marla,7.5 Marla,2266,4,4,4.1,1,0,1,1,Gated Community; 24/7 Security; Underground Utilities; Elevator,4,0.93,6.49,1.42,1.36,2026-10-01,31801000.0,3626661.831117559,1.3428148068573935,Modern (2-5y),Tier 2 - Premium,6.0,0.3343363423604145,0.9999750006249843,8,2,566.4858378540537
PROP-16319,Lahore,DHA Defence Phase 7-9,House,3.0,Marla,3 Marla,1068,3,2,3.2,2,0,0,0,Gated Community; 24/7 Security; Backup Generator / Solar; Underground Utilities,4,1.56,1.26,6.22,2.29,2026-10-01,18538000.0,4799984.000053333,1.5822221987818934,Modern (2-5y),Tier 2 - Premium,5.5,0.2727768685215493,1.4999250037498124,5,0,355.98813372887565
PROP-11853,Karachi,Bahria Town Karachi,House,5.0,Marla,5 Marla,1875,5,4,1.7,2,0,0,0,Underground Utilities; Servant Quarter,2,0.58,0.39,3.47,0.73,2026-10-01,16090000.0,2749994.5000110003,1.666666651851852,Modern (2-5y),Tier 3 - Affordable/Suburban,2.5,0.4598758335249482,1.2499687507812305,9,0,374.992500149997
PROP-14913,Lahore,Gulberg,Flat,3.5,Marla,3.5 Marla,969,1,2,4.2,1,0,1,0,Gated Community; 24/7 Security; Backup Generator / Solar; Underground Utilities,4,0.52,0.44,4.6,1.34,2026-10-01,22643000.0,4785700.612283965,1.2304761748510962,Modern (2-5y),Tier 1 - Ultra Luxury,5.5,0.3891050583657587,0.4999750012499374,3,1,968.9031096890312
PROP-15271,Lahore,Gulberg,House,10.0,Marla,10 Marla,3655,4,4,5.6,2,0,0,0,Gated Community; 24/7 Security; Backup Generator / Solar; Underground Utilities; Servant Quarter; Lawn / Garden,6,1.16,1.86,2.31,0.71,2026-10-01,86999000.0,6879993.12000688,1.6244444372246911,Established (6-15y),Tier 1 - Ultra Luxury,7.5,0.423728813559322,0.9999750006249843,8,0,913.7271568210796
PROP-14177,Lahore,DHA Defence Phase 5-6,House,5.0,Marla,5 Marla,1731,2,2,3.3,2,0,0,0,Gated Community; 24/7 Security; Backup Generator / Solar,3,0.53,2.52,3.56,2.28,2026-10-01,37871000.0,6049987.900024201,1.5386666529896298,Modern (2-5y),Tier 1 - Ultra Luxury,4.0,0.337894914681534,0.9999500024998748,4,0,865.4567271636417
PROP-12934,Lahore,Model Town,House,3.0,Marla,3 Marla,1567,3,4,6.6,3,1,0,0,Gated Community; 24/7 Security; Backup Generator / Solar; Underground Utilities,4,0.73,1.48,4.89,1.18,2026-10-01,30779000.0,8483305.055649815,2.321481447089164,Established (6-15y),Tier 1 - Ultra Luxury,5.5,0.3559352197899982,0.7499812504687383,7,1,522.3159228025733
PROP-13285,Karachi,North Nazimabad,Flat,3.5,Marla,3.5 Marla,944,1,1,4.1,1,0,0,0,Gated Community; 24/7 Security; Backup Generator / Solar; Elevator,4,2.77,0.49,3.77,1.03,2026-10-01,18224000.0,4214273.67350379,1.1987301435081887,Modern (2-5y),Tier 2 - Premium,6.5,0.3219575016097875,0.999900009999,2,0,943.905609439056
PROP-14301,Lahore,Johar Town,House,400.0,Kanal,1 Kanal,7223,5,4,2.6,2,0,0,0,Gated Community; 24/7 Security; Backup Generator / Solar; Underground Utilities; Servant Quarter; Lawn / Garden,6,2.27,2.15,2.78,0.4,2026-10-01,116109000.0,237749.99405625017,0.0802555555466382,Modern (2-5y),Tier 2 - Premium,7.5,0.3580379520229144,1.2499687507812305,9,0,1444.5711085778285
PROP-12812,Islamabad,Sector F-6/F-7/E-7,Flat,7.5,Marla,7.5 Marla,1886,4,4,1.6,1,0,0,0,Gated Community; 24/7 Security; Backup Generator / Solar; Underground Utilities; Lawn / Garden; Central Heating / Cooling; Elevator,7,0.13,1.32,4.74,0.3,2026-10-01,47716000.0,4994326.6742311,1.1176296230066394,Modern (2-5y),Tier 1 - Ultra Luxury,10.5,0.4383081306158228,0.9999750006249843,8,0,471.4882127946802
PROP-15351,Karachi,Bahria Town Karachi,House,10.0,Marla,10 Marla,5395,7,7,2.7,3,0,0,0,24/7 Security; Backup Generator / Solar; Servant Quarter; Lawn / Garden,4,1.74,2.89,4.28,0.22,2026-10-01,45101000.0,3444996.555003445,2.397777767120988,Modern (2-5y),Tier 3 - Affordable/Suburban,5.0,0.3373250126496879,0.999985714489793,14,0,770.7032756674905
PROP-15798,Islamabad,DHA Defence Phase 2,Flat,7.5,Marla,7.5 Marla,2236,4,3,8.9,1,1,0,0,Gated Community; 24/7 Security; Backup Generator / Solar; Elevator,4,1.93,2.6,2.93,0.57,2026-10-01,26877000.0,2833329.555560593,1.3250370291849658,Established (6-15y),Tier 2 - Premium,6.5,0.3542958370239149,1.3332888903703208,7,1,558.9860253493663
PROP-11251,Lahore,Bahria Town,Flat,3.5,Marla,3.5 Marla,880,1,1,2.5,1,1,0,0,Gated Community; Lawn / Garden; Elevator,3,0.95,1.44,4.34,1.24,2026-10-01,12203000.0,2699992.2857363266,1.1174603032703454,Modern (2-5y),Tier 2 - Premium,4.5,0.3586157432311278,0.999900009999,2,1,879.9120087991201
PROP-15781,Islamabad,Sector F-6/F-7/E-7,Upper Portion,7.0,Marla,7 Marla,1255,2,2,0.9,1,1,1,0,24/7 Security; Servant Quarter; Lawn / Garden,3,2.45,1.68,3.11,1.28,2026-10-01,46545000.0,5364278.051031356,0.796825391766188,Brand New (0-1y),Tier 1 - Ultra Luxury,3.0,0.3209757663296421,0.9999500024998748,4,2,627.4686265686715
PROP-15654,Karachi,North Nazimabad,House,7.0,Marla,7 Marla,2651,4,4,1.5,2,0,0,0,Gated Community; 24/7 Security; Backup Generator / Solar; Underground Utilities,4,0.28,1.91,4.26,3.65,2026-10-01,40113000.0,4749993.214295409,1.6831745924877803,Modern (2-5y),Tier 2 - Premium,5.5,0.3001650907999399,0.9999750006249843,8,0,662.7334316642084
PROP-13514,Islamabad,Sector F-8/F-10/F-11,Farmhouse,1600.0,Kanal,4 Kanal,4882,6,7,6.3,2,0,0,0,Gated Community; 24/7 Security; Backup Generator / Solar; Underground Utilities; Servant Quarter; Swimming Pool; Central Heating / Cooling,7,2.76,4.8,1.77,1.27,2026-10-01,610889000.0,284406.24822246097,0.0135611111107344,Established (6-15y),Tier 1 - Ultra Luxury,11.0,0.2923121894182987,0.8571306124198226,13,0,813.6531057815704
PROP-16193,Faisalabad,D Ground / Peoples Colony,House,7.0,Marla,7 Marla,2718,4,4,14.3,2,1,0,1,Gated Community; 24/7 Security; Backup Generator / Solar; Underground Utilities; Servant Quarter; Central Heating / Cooling,6,2.85,1.76,2.12,1.06,2026-10-01,54488000.0,6514276.40817656,1.7257142747573695,Vintage (16y+),Tier 1 - Ultra Luxury,8.0,0.332944897619444,0.9999750006249843,8,2,679.4830129246769
PROP-11257,Islamabad,Sector F-8/F-10/F-11,House,5.0,Marla,5 Marla,1714,3,3,2.7,2,1,0,0,Gated Community; 24/7 Security; Backup Generator / Solar; Underground Utilities; Central Heating / Cooling,5,2.56,0.96,1.94,4.7,2026-10-01,44627000.0,6639986.72002656,1.5235555420128395,Modern (2-5y),Tier 1 - Ultra Luxury,7.0,0.2605523710265763,0.9999666677777408,6,1,571.3142895236825
PROP-13378,Faisalabad,D Ground / Peoples Colony,House,10.0,Marla,10 Marla,1735,3,3,1.5,1,0,0,1,Gated Community; Backup Generator / Solar; Lawn / Garden,3,2.75,0.94,1.12,0.43,2026-10-01,63601000.0,5094994.905005096,0.7711111076839505,Modern (2-5y),Tier 1 - Ultra Luxury,4.0,0.4070832485243232,0.9999666677777408,6,1,578.3140561981267
PROP-15648,Lahore,Model Town,House,3.0,Marla,3 Marla,1083,2,2,0.8,2,0,0,1,Gated Community; 24/7 Security; Backup Generator / Solar,3,4.09,1.6,6.92,1.51,2026-10-01,29864000.0,8149972.833423888,1.6044444206748976,Brand New (0-1y),Tier 1 - Ultra Luxury,4.0,0.2218032605079294,0.9999500024998748,4,1,541.4729263536823
PROP-15265,Rawalpindi,Chaklala Scheme 3,Flat,2.5,Marla,2.5 Marla,784,1,1,2.8,1,0,0,0,Gated Community; 24/7 Security; Backup Generator / Solar; Elevator,4,0.87,3.94,1.5,1.81,2026-10-01,10759000.0,3599985.6000576,1.3937777529995066,Modern (2-5y),Tier 2 - Premium,6.5,0.3651634106262552,0.999900009999,2,0,783.9216078392161
PROP-13488,Karachi,PECHS,Flat,2.5,Marla,2.5 Marla,695,1,1,3.9,1,0,0,0,Gated Community; 24/7 Security; Elevator,3,0.43,1.3,4.23,0.32,2026-10-01,11840000.0,3799984.8000608,1.2355555335901238,Modern (2-5y),Tier 2 - Premium,4.5,0.4371584699453552,0.999900009999,2,0,694.930506949305
PROP-13586,Karachi,Malir Cantt,Flat,5.0,Marla,5 Marla,1542,2,2,6.3,1,0,0,1,24/7 Security; Backup Generator / Solar,2,1.54,5.86,4.96,1.17,2026-10-01,18178000.0,2949994.1000118004,1.370666654482963,Established (6-15y),Tier 2 - Premium,3.0,0.2658867322520606,0.9999500024998748,4,1,770.9614519274036
PROP-11397,Islamabad,Sector F-6/F-7/E-7,Upper Portion,10.0,Marla,10 Marla,1739,3,2,10.0,1,0,0,0,24/7 Security; Backup Generator / Solar; Servant Quarter; Lawn / Garden,4,1.63,2.56,3.87,1.28,2026-10-01,52291000.0,4344995.655004345,0.7728888854538271,Established (6-15y),Tier 1 - Ultra Luxury,5.0,0.321285140562249,1.4999250037498124,5,0,579.647345088497
PROP-13639,Karachi,Gulshan-e-Iqbal,Flat,5.0,Marla,5 Marla,1531,2,1,0.8,1,1,0,1,Gated Community; 24/7 Security; Backup Generator / Solar; Underground Utilities; Elevator,5,5.41,0.77,4.64,1.43,2026-10-01,20633000.0,3499993.000014,1.3608888767920988,Brand New (0-1y),Tier 2 - Premium,8.0,0.2290426019239578,1.999800019998,3,2,765.4617269136543
PROP-13331,Lahore,Wapda Town,Lower Portion,7.0,Marla,7 Marla,1227,2,2,0.0,1,0,0,0,Gated Community; 24/7 Security,2,0.98,1.98,1.07,6.39,2026-10-01,16848000.0,1949997.214289694,0.779047614101285,Brand New (0-1y),Tier 2 - Premium,2.0,0.2651816494298594,0.9999500024998748,4,0,613.4693265336732
PROP-12704,Lahore,Wapda Town,Upper Portion,10.0,Marla,10 Marla,1718,3,3,2.1,1,0,0,0,Gated Community,1,3.34,1.96,3.39,1.27,2026-10-01,20296000.0,1634998.3650016352,0.7635555521619752,Modern (2-5y),Tier 2 - Premium,1.0,0.2839295854628052,0.9999666677777408,6,0,572.6475784140529
PROP-10471,Islamabad,Sector F-6/F-7/E-7,House,5.0,Marla,5 Marla,1883,4,4,8.5,2,0,1,0,Gated Community; 24/7 Security; Backup Generator / Solar; Underground Utilities; Central Heating / Cooling,5,1.23,1.68,2.62,1.45,2026-10-01,66543000.0,10279979.44004112,1.6737777628997532,Established (6-15y),Tier 1 - Ultra Luxury,7.0,0.3785727806170736,0.9999750006249843,8,1,470.7382315442114
PROP-15134,Karachi,DHA Defence Phase 7-9,Flat,2.5,Marla,2.5 Marla,771,2,2,2.6,1,0,0,0,Gated Community; Underground Utilities; Swimming Pool; Elevator,4,0.43,1.95,5.96,3.8,2026-10-01,18466000.0,6079975.680097279,1.3706666422992595,Modern (2-5y),Tier 1 - Ultra Luxury,8.0,0.2649006622516556,0.9999500024998748,4,0,385.4807259637018
PROP-11354,Lahore,Model Town,House,7.0,Marla,7 Marla,2614,5,6,1.9,2,0,0,0,Gated Community; 24/7 Security; Backup Generator / Solar; Servant Quarter; Central Heating / Cooling,5,2.17,2.45,4.27,2.24,2026-10-01,55926000.0,6714276.122462682,1.659682529144873,Modern (2-5y),Tier 1 - Ultra Luxury,6.5,0.2737476047084588,0.8333194446759221,11,0,522.7895442091159
PROP-12784,Lahore,Lake City,Flat,2.5,Marla,2.5 Marla,699,2,2,11.9,1,0,0,1,Gated Community; Elevator,2,2.65,2.58,4.29,0.6,2026-10-01,8189000.0,2599989.6000416,1.2426666445748151,Established (6-15y),Tier 3 - Affordable/Suburban,3.5,0.2982848620432513,0.9999500024998748,4,1,349.48252587370627
PROP-12832,Islamabad,Bahria Town Phase 1-8,House,5.0,Marla,5 Marla,1769,3,3,3.5,2,0,0,0,Gated Community; 24/7 Security; Swimming Pool,3,0.72,2.32,7.48,0.7,2026-10-01,29378000.0,4539990.920018161,1.5724444304671608,Modern (2-5y),Tier 2 - Premium,5.0,0.3024803387779794,0.9999666677777408,6,0,589.6470117662744
PROP-15066,Lahore,Model Town,Flat,3.5,Marla,3.5 Marla,1091,3,2,5.5,1,1,1,0,Gated Community; 24/7 Security; Backup Generator / Solar; Underground Utilities; Elevator,5,0.55,1.32,1.7,1.59,2026-10-01,21036000.0,4742843.591875452,1.385396807804485,Established (6-15y),Tier 1 - Ultra Luxury,8.0,0.4530011325028312,1.4999250037498124,5,2,363.654544848505
PROP-10358,Islamabad,Sector B-17 Multi Gardens,House,3.0,Marla,3 Marla,1162,3,3,1.8,2,0,0,0,Gated Community; Backup Generator / Solar; Servant Quarter,3,1.03,0.34,0.91,2.06,2026-10-01,14320000.0,3633321.222262593,1.7214814559780525,Modern (2-5y),Tier 3 - Affordable/Suburban,4.0,0.4521817770743839,0.9999666677777408,6,0,387.3204226525782
PROP-13020,Karachi,Gulshan-e-Iqbal,Flat,2.5,Marla,2.5 Marla,652,1,1,9.8,1,0,0,0,Gated Community; 24/7 Security,2,3.22,3.99,5.39,1.54,2026-10-01,7197000.0,2319990.72003712,1.1591110905046915,Established (6-15y),Tier 2 - Premium,2.0,0.234439104442621,0.999900009999,2,0,651.9348065193481
PROP-10668,Islamabad,Sector G-11/G-13,House,5.0,Marla,5 Marla,1972,5,5,5.7,2,0,1,0,Gated Community; 24/7 Security,2,0.34,3.77,1.03,2.21,2026-10-01,38637000.0,5999988.000024,1.7528888733076544,Established (6-15y),Tier 2 - Premium,2.0,0.3916193459956921,0.999980000399992,10,1,394.39211215775686
PROP-14471,Karachi,Malir Cantt,House,10.0,Marla,10 Marla,3390,5,5,4.0,2,0,0,0,Gated Community; 24/7 Security; Servant Quarter; Lawn / Garden,4,3.77,1.22,2.47,2.05,2026-10-01,48261000.0,4004995.995004005,1.5066666599703702,Modern (2-5y),Tier 2 - Premium,4.0,0.2768932576491762,0.999980000399992,10,0,677.9864402711946
PROP-15130,Faisalabad,Canal Road Villas,House,7.0,Marla,7 Marla,2629,3,3,3.9,2,0,0,1,Gated Community; 24/7 Security; Underground Utilities,3,0.23,2.99,2.34,0.89,2026-10-01,37202000.0,4607136.275519607,1.6692063386082137,Modern (2-5y),Tier 2 - Premium,3.5,0.4416961130742049,0.9999666677777408,6,1,876.3041231958935
PROP-11146,Islamabad,DHA Defence Phase 2,Upper Portion,400.0,Kanal,1 Kanal,3357,6,5,5.0,1,0,0,0,Gated Community; 24/7 Security; Underground Utilities,3,3.81,1.36,1.19,1.95,2026-10-01,54426000.0,105749.99735625008,0.0372999999958555,Established (6-15y),Tier 2 - Premium,3.5,0.297574765659872,1.1999760004799904,11,0,559.4906751554141
PROP-15470,Islamabad,Sector F-6/F-7/E-7,House,5.0,Marla,5 Marla,1752,2,3,6.8,2,0,1,0,Gated Community; 24/7 Security; Backup Generator / Solar; Underground Utilities,4,2.49,2.01,1.47,0.54,2026-10-01,61189000.0,9579980.84003832,1.5573333194903705,Established (6-15y),Tier 1 - Ultra Luxury,5.5,0.3803727653100038,0.6666444451851604,5,1,875.9562021898904
PROP-14187,Karachi,Malir Cantt,House,5.0,Marla,5 Marla,2800,4,3,12.2,3,0,1,0,Gated Community; 24/7 Security; Backup Generator / Solar,3,1.33,6.26,3.8,3.21,2026-10-01,31682000.0,5199989.600020801,2.4888888667654325,Vintage (16y+),Tier 2 - Premium,4.0,0.2422774076317383,1.3332888903703208,7,1,699.9825004374891
PROP-13721,Lahore,Gulberg,House,5.0,Marla,5 Marla,1900,5,5,1.6,2,0,1,0,Gated Community; 24/7 Security; Underground Utilities; Servant Quarter,4,0.44,3.04,1.43,1.45,2026-10-01,43638000.0,7319985.36002928,1.6888888738765433,Modern (2-5y),Tier 1 - Ultra Luxury,4.5,0.429000429000429,0.999980000399992,10,1,379.992400151997
PROP-12746,Karachi,Gulshan-e-Iqbal,House,10.0,Marla,10 Marla,3539,5,5,8.0,2,0,0,0,24/7 Security; Servant Quarter; Lawn / Garden,3,2.05,0.86,2.4,4.75,2026-10-01,45609000.0,3914996.0850039152,1.5728888818982716,Established (6-15y),Tier 2 - Premium,3.0,0.2665600426496068,0.999980000399992,10,0,707.7858442831143
PROP-10540,Lahore,Bahria Town,House,10.0,Marla,10 Marla,5562,5,6,8.2,3,0,0,0,Gated Community; Servant Quarter,2,0.81,4.06,2.13,2.19,2026-10-01,52138000.0,4049995.95000405,2.4719999890133333,Established (6-15y),Tier 2 - Premium,2.0,0.3360779700890607,0.8333194446759221,11,0,1112.377752444951
PROP-12780,Islamabad,Sector F-8/F-10/F-11,House,10.0,Marla,10 Marla,3677,5,5,0.7,2,0,0,0,Gated Community; Underground Utilities; Servant Quarter; Lawn / Garden,4,0.3,0.93,3.12,1.77,2026-10-01,90221000.0,7119992.88000712,1.6342222149590122,Brand New (0-1y),Tier 1 - Ultra Luxury,4.5,0.4167534903104813,0.999980000399992,10,0,735.3852922941542
PROP-14967,Karachi,Gulshan-e-Iqbal,Flat,7.5,Marla,7.5 Marla,2324,4,4,5.6,1,0,0,1,Gated Community; 24/7 Security; Backup Generator / Solar,3,1.16,2.39,1.46,4.47,2026-10-01,31425000.0,3393328.8088949216,1.377185177024088,Established (6-15y),Tier 2 - Premium,4.0,0.2943340691685063,0.9999750006249843,8,1,580.9854753631159
PROP-14138,Lahore,Bahria Town,House,10.0,Marla,10 Marla,1769,3,3,4.7,1,1,1,0,Gated Community; 24/7 Security; Lawn / Garden,3,1.16,4.07,3.54,1.01,2026-10-01,43719000.0,3509996.49000351,0.7862222187279012,Modern (2-5y),Tier 2 - Premium,3.0,0.3303055326176713,0.9999666677777408,6,2,589.6470117662744
PROP-14838,Rawalpindi,Chaklala Scheme 3,House,800.0,Kanal,2 Kanal,14762,7,6,1.8,2,0,0,0,Gated Community; 24/7 Security; Servant Quarter; Lawn / Garden,4,0.35,4.37,1.88,1.23,2026-10-01,212311000.0,226374.99717031253,0.0820111111065549,Modern (2-5y),Tier 2 - Premium,4.0,0.3963535473642489,1.166647222546291,13,0,2108.8270167569035
PROP-13777,Lahore,DHA Defence Phase 7-9,House,3.0,Marla,3 Marla,1542,3,3,0.9,3,0,0,0,Gated Community; 24/7 Security; Backup Generator / Solar; Underground Utilities,4,0.4,0.75,6.81,1.09,2026-10-01,20523000.0,5333315.555614814,2.284444410600824,Brand New (0-1y),Tier 2 - Premium,5.5,0.3399626041135474,0.9999666677777408,6,0,513.9828672377587
PROP-16045,Rawalpindi,Chaklala Scheme 3,House,5.0,Marla,5 Marla,2892,3,3,18.4,3,1,1,0,Gated Community; 24/7 Security; Underground Utilities; Central Heating / Cooling,4,1.08,1.35,4.39,0.5,2026-10-01,35290000.0,6129987.74002452,2.5706666438162964,Vintage (16y+),Tier 2 - Premium,5.0,0.383362085489745,0.9999666677777408,6,2,963.967867737742
PROP-15323,Islamabad,DHA Defence Phase 2,Upper Portion,10.0,Marla,10 Marla,1590,3,3,0.0,1,0,0,0,24/7 Security; Backup Generator / Solar,2,2.07,2.46,1.68,4.41,2026-10-01,26601000.0,2089997.91000209,0.7066666635259259,Brand New (0-1y),Tier 2 - Premium,3.0,0.2664890073284477,0.9999666677777408,6,0,529.9823339222025
PROP-15027,Lahore,DHA Defence Phase 5-6,Lower Portion,7.0,Marla,7 Marla,1150,3,3,6.5,1,0,1,0,Gated Community; 24/7 Security; Backup Generator / Solar; Underground Utilities,4,1.99,1.15,4.85,2.55,2026-10-01,29474000.0,3435709.377558032,0.7301587255228017,Established (6-15y),Tier 1 - Ultra Luxury,5.5,0.2774694783573807,0.9999666677777408,6,1,383.3205559814672
PROP-16135,Lahore,DHA Defence Phase 5-6,House,800.0,Kanal,2 Kanal,14946,5,5,1.6,2,0,1,1,24/7 Security; Underground Utilities; Servant Quarter; Lawn / Garden,4,0.8,4.35,1.04,2.05,2026-10-01,267171000.0,272251.2465968586,0.0830333333287203,Modern (2-5y),Tier 1 - Ultra Luxury,4.5,0.3629105425512611,0.999980000399992,10,2,2989.140217195656
PROP-12509,Karachi,Clifton,House,10.0,Marla,10 Marla,3509,5,6,3.8,2,1,0,0,Gated Community; 24/7 Security; Backup Generator / Solar; Underground Utilities; Servant Quarter; Lawn / Garden; Central Heating / Cooling,7,2.06,1.76,1.81,4.06,2026-10-01,107182000.0,8964991.035008965,1.5595555486241974,Modern (2-5y),Tier 1 - Ultra Luxury,9.0,0.2805049088359047,0.8333194446759221,11,1,701.7859642807144
PROP-12780,Islamabad,Sector F-8/F-10/F-11,House,10.0,Marla,10 Marla,3677,5,5,0.7,2,0,0,0,Gated Community; Underground Utilities; Servant Quarter; Lawn / Garden,4,0.3,0.93,3.12,1.77,2026-10-01,90997000.0,7119992.88000712,1.6342222149590122,Brand New (0-1y),Tier 1 - Ultra Luxury,4.5,0.4167534903104813,0.999980000399992,10,0,735.3852922941542
PROP-10925,Islamabad,DHA Defence Phase 2,Flat,3.5,Marla,3.5 Marla,897,1,1,1.5,1,0,0,0,Gated Community; 24/7 Security; Elevator,3,1.07,0.8,3.78,0.7,2026-10-01,12926000.0,2957134.408187405,1.1390476045835225,Modern (2-5y),Tier 2 - Premium,4.5,0.406421459053038,0.999900009999,2,0,896.9103089691031
PROP-12957,Lahore,Model Town,House,10.0,Marla,10 Marla,1710,3,4,1.7,1,0,0,0,24/7 Security; Backup Generator / Solar; Underground Utilities; Central Heating / Cooling,4,1.25,2.26,1.55,2.48,2026-10-01,81366000.0,6279993.720006281,0.7599999966222222,Modern (2-5y),Tier 1 - Ultra Luxury,6.0,0.3532944709415297,0.7499812504687383,7,0,569.9810006333122
PROP-11582,Karachi,Bahria Town Karachi,Lower Portion,10.0,Marla,10 Marla,1782,3,2,5.4,1,1,0,0,Backup Generator / Solar,1,1.91,1.65,2.59,3.64,2026-10-01,15358000.0,1309998.69000131,0.79199999648,Established (6-15y),Tier 3 - Affordable/Suburban,2.0,0.283607487237663,1.4999250037498124,5,1,593.980200659978
PROP-13325,Karachi,Clifton,House,400.0,Kanal,1 Kanal,6986,5,5,1.7,2,0,0,1,Gated Community; 24/7 Security; Backup Generator / Solar; Underground Utilities; Lawn / Garden,5,0.18,0.4,4.82,2.7,2026-10-01,191404000.0,398624.9900343753,0.0776222222135975,Modern (2-5y),Tier 1 - Ultra Luxury,6.5,0.3451846738004832,0.999980000399992,10,1,1397.172056558869
PROP-14488,Rawalpindi,Adiala Road,Flat,7.5,Marla,7.5 Marla,2206,4,4,4.4,1,0,0,1,Elevator,1,0.99,2.63,6.9,7.25,2026-10-01,14198000.0,1639997.813336249,1.307259251512538,Established (6-15y),Tier 3 - Affordable/Suburban,2.5,0.188821752265861,0.9999750006249843,8,1,551.4862128446789
PROP-15716,Lahore,Johar Town,Upper Portion,5.0,Marla,5 Marla,801,1,1,3.6,1,0,0,0,Gated Community; 24/7 Security; Backup Generator / Solar; Lawn / Garden,4,1.41,1.43,1.23,1.33,2026-10-01,16880000.0,2589994.8200103603,0.7119999936711112,Modern (2-5y),Tier 2 - Premium,5.0,0.4249893752656184,0.999900009999,2,0,800.919908009199
PROP-10256,Rawalpindi,Bahria Town,House,7.0,Marla,7 Marla,2559,4,3,7.7,2,0,1,0,Gated Community; 24/7 Security; Backup Generator / Solar; Underground Utilities; Central Heating / Cooling,5,1.88,2.95,4.33,1.88,2026-10-01,36836000.0,4464279.336743805,1.6247618944459563,Established (6-15y),Tier 2 - Premium,7.0,0.283245999150262,1.3332888903703208,7,1,639.7340066498338
PROP-14807,Karachi,PECHS,Penthouse,7.0,Marla,7 Marla,5042,5,5,0.0,1,0,1,1,Gated Community; 24/7 Security; Elevator,3,1.91,2.66,5.29,0.91,2026-10-01,59062000.0,6757133.204095423,3.2012698209443187,Brand New (0-1y),Tier 2 - Premium,4.5,0.2942474621156392,0.999980000399992,10,2,1008.379832403352
PROP-11839,Lahore,Bahria Town,Flat,5.0,Marla,5 Marla,1498,2,2,0.0,1,0,0,0,24/7 Security; Backup Generator / Solar; Servant Quarter; Elevator,4,1.19,2.03,1.73,1.81,2026-10-01,15804000.0,2669994.66001068,1.3315555437195064,Brand New (0-1y),Tier 2 - Premium,6.5,0.3831417624521072,0.9999500024998748,4,0,748.9625518724063
PROP-11945,Karachi,North Nazimabad,House,7.0,Marla,7 Marla,2467,3,3,1.5,2,0,0,1,Gated Community; Backup Generator / Solar; Underground Utilities; Servant Quarter,4,2.46,4.64,3.41,3.09,2026-10-01,42156000.0,4942850.08164274,1.566349196404132,Modern (2-5y),Tier 2 - Premium,5.5,0.2400384061449832,0.9999666677777408,6,1,822.3059231358955
PROP-10010,Lahore,DHA Defence Phase 5-6,House,7.0,Marla,7 Marla,2701,4,5,2.4,2,0,0,0,Gated Community; 24/7 Security; Backup Generator / Solar; Lawn / Garden,4,0.7,1.38,2.3,1.69,2026-10-01,65956000.0,7357132.346953791,1.71492062403225,Modern (2-5y),Tier 1 - Ultra Luxury,5.0,0.413393964448119,0.7999840003199936,9,0,675.2331191720208
PROP-12872,Karachi,Bahria Town Karachi,House,5.0,Marla,5 Marla,1725,2,2,1.9,2,0,0,0,Servant Quarter,1,1.16,0.84,6.13,0.51,2026-10-01,14230000.0,2349995.3000094,1.5333333197037038,Modern (2-5y),Tier 3 - Affordable/Suburban,1.0,0.3435245620061834,0.9999500024998748,4,0,862.4568771561421
PROP-10798,Islamabad,Sector E-11,Upper Portion,7.0,Marla,7 Marla,1204,3,3,1.5,1,0,0,0,Gated Community; 24/7 Security; Backup Generator / Solar; Underground Utilities,4,1.71,4.95,4.36,2.49,2026-10-01,25015000.0,2721424.6836790238,0.764444439590829,Modern (2-5y),Tier 2 - Premium,5.5,0.2525252525252525,0.9999666677777408,6,0,401.3199560014666
PROP-14975,Lahore,Lake City,House,5.0,Marla,5 Marla,1726,3,3,0.0,2,1,0,0,Gated Community; Backup Generator / Solar; Underground Utilities,3,2.89,2.19,2.69,1.55,2026-10-01,23426000.0,3829992.34001532,1.5342222085846915,Brand New (0-1y),Tier 3 - Affordable/Suburban,4.5,0.2991325157044571,0.9999666677777408,6,1,575.3141561947934
PROP-15127,Islamabad,DHA Defence Phase 2,Flat,5.0,Marla,5 Marla,1414,3,3,1.8,1,1,1,0,Gated Community; 24/7 Security; Elevator,3,1.61,2.65,4.34,1.82,2026-10-01,25487000.0,3839992.32001536,1.2568888777165432,Modern (2-5y),Tier 2 - Premium,4.5,0.2962962962962963,0.9999666677777408,6,2,471.3176227459084
PROP-11016,Faisalabad,D Ground / Peoples Colony,Flat,5.0,Marla,5 Marla,1312,3,3,6.1,1,0,0,0,Gated Community; 24/7 Security; Backup Generator / Solar; Underground Utilities; Lawn / Garden; Elevator,6,0.91,0.7,1.61,2.33,2026-10-01,22697000.0,3459993.0800138405,1.1662222118558023,Established (6-15y),Tier 1 - Ultra Luxury,9.0,0.4090816117815504,0.9999666677777408,6,0,437.3187560414653
PROP-11825,Lahore,Model Town,Farmhouse,1600.0,Kanal,4 Kanal,6111,5,5,0.7,2,0,0,0,Gated Community; 24/7 Security; Backup Generator / Solar; Underground Utilities; Servant Quarter; Lawn / Garden; Central Heating / Cooling,7,2.43,1.33,7.01,2.34,2026-10-01,461652000.0,234656.24853339844,0.0169749999995284,Brand New (0-1y),Tier 1 - Ultra Luxury,9.0,0.2407318247472316,0.999980000399992,10,0,1222.1755564888704
PROP-14472,Lahore,DHA Defence Phase 5-6,House,10.0,Marla,10 Marla,3880,5,4,5.2,2,0,1,0,Gated Community; 24/7 Security; Backup Generator / Solar; Underground Utilities; Servant Quarter; Lawn / Garden,6,0.94,2.0,4.48,0.45,2026-10-01,84855000.0,6919993.08000692,1.7244444367802467,Established (6-15y),Tier 1 - Ultra Luxury,7.5,0.3759398496240601,1.2499687507812305,9,1,775.9844803103938
PROP-13137,Lahore,DHA Defence Phase 5-6,House,10.0,Marla,10 Marla,3712,5,5,0.7,2,0,1,0,Gated Community; Backup Generator / Solar; Underground Utilities; Servant Quarter; Central Heating / Cooling,5,0.94,1.62,2.65,0.8,2026-10-01,90281000.0,6924993.0750069255,1.649777770445432,Brand New (0-1y),Tier 1 - Ultra Luxury,7.0,0.4269854824935952,0.999980000399992,10,1,742.3851522969541
PROP-12194,Lahore,DHA Defence Phase 7-9,House,400.0,Kanal,1 Kanal,10884,7,7,0.0,3,0,0,0,24/7 Security; Backup Generator / Solar; Servant Quarter; Lawn / Garden; Central Heating / Cooling,5,1.54,5.85,1.95,3.42,2026-10-01,128332000.0,245124.9938718752,0.1209333333198963,Brand New (0-1y),Tier 2 - Premium,6.5,0.2609262883235486,0.999985714489793,14,0,1554.834930929558
PROP-10224,Islamabad,Sector F-6/F-7/E-7,Flat,7.5,Marla,7.5 Marla,2250,3,3,4.9,1,0,1,0,Gated Community; 24/7 Security; Backup Generator / Solar; Underground Utilities; Central Heating / Cooling; Elevator,6,2.53,1.41,2.43,1.71,2026-10-01,46711000.0,4994326.6742311,1.333333325432099,Established (6-15y),Tier 1 - Ultra Luxury,9.5,0.3229974160206719,0.9999666677777408,6,1,749.9750008333056
PROP-15361,Karachi,DHA Defence Phase 7-9,Flat,2.5,Marla,2.5 Marla,764,1,1,11.7,1,1,0,0,Gated Community; 24/7 Security; Backup Generator / Solar; Underground Utilities; Swimming Pool; Central Heating / Cooling; Elevator,7,0.85,1.29,2.22,0.25,2026-10-01,21322000.0,7159971.36011456,1.3582221980760498,Vintage (16y+),Tier 1 - Ultra Luxury,12.5,0.4975124378109453,0.999900009999,2,1,763.9236076392361
PROP-16323,Karachi,Gulshan-e-Iqbal,House,7.0,Marla,7 Marla,1221,3,3,7.5,1,0,0,0,Gated Community; 24/7 Security; Backup Generator / Solar; Underground Utilities; Servant Quarter,5,1.57,3.2,4.45,0.59,2026-10-01,34583000.0,4128565.530620671,0.7752380903159486,Established (6-15y),Tier 2 - Premium,6.5,0.3229452607782981,0.9999666677777408,6,0,406.9864337855405
PROP-15901,Karachi,Scheme 33,Flat,5.0,Marla,5 Marla,1333,2,2,2.5,1,0,1,1,Gated Community; 24/7 Security; Backup Generator / Solar; Elevator,4,1.69,1.12,5.91,2.48,2026-10-01,13970000.0,2419995.1600096803,1.1848888783565434,Modern (2-5y),Tier 3 - Affordable/Suburban,6.5,0.271333604666938,0.9999500024998748,4,2,666.4666766661667
PROP-14951,Islamabad,DHA Defence Phase 2,House,7.0,Marla,7 Marla,1282,3,3,2.3,1,0,1,0,24/7 Security,1,2.17,5.49,3.84,1.69,2026-10-01,31011000.0,3599994.8571502045,0.8139682488002016,Modern (2-5y),Tier 2 - Premium,1.0,0.2592016588906169,0.9999666677777408,6,1,427.3190893636879
PROP-14160,Karachi,Bahria Town Karachi,Flat,2.5,Marla,2.5 Marla,707,2,1,2.5,1,1,0,1,Backup Generator / Solar; Elevator,2,2.08,5.86,4.15,2.67,2026-10-01,9344000.0,3199987.2000512,1.256888866544198,Modern (2-5y),Tier 3 - Affordable/Suburban,4.5,0.2359603586597451,1.999800019998,3,2,353.48232588370576
PROP-15339,Rawalpindi,Satellite Town,House,7.0,Marla,7 Marla,2708,3,3,0.9,2,0,0,0,Gated Community; 24/7 Security; Underground Utilities,3,3.24,4.37,2.75,2.54,2026-10-01,31055000.0,3885708.734701808,1.7193650684484758,Brand New (0-1y),Tier 2 - Premium,3.5,0.2438132390588809,0.9999666677777408,6,0,902.6365787807072
PROP-13927,Faisalabad,D Ground / Peoples Colony,House,5.0,Marla,5 Marla,1717,2,2,0.0,2,1,0,1,Gated Community; Backup Generator / Solar; Underground Utilities,3,3.45,5.57,3.41,1.24,2026-10-01,37655000.0,6179987.640024721,1.5262222086558026,Brand New (0-1y),Tier 1 - Ultra Luxury,4.5,0.244081034903588,0.9999500024998748,4,2,858.4570771461426
PROP-14787,Lahore,Model Town,Upper Portion,400.0,Kanal,1 Kanal,3479,5,5,5.4,1,0,0,0,Gated Community; 24/7 Security,2,1.81,1.29,4.83,0.68,2026-10-01,78247000.0,155999.9961000001,0.0386555555512604,Established (6-15y),Tier 1 - Ultra Luxury,2.0,0.333667000333667,0.999980000399992,10,0,695.7860842783144
PROP-15583,Islamabad,Sector G-11/G-13,Lower Portion,10.0,Marla,10 Marla,1634,3,4,3.6,1,0,0,0,Gated Community; 24/7 Security; Lawn / Garden,3,1.27,0.77,2.81,0.24,2026-10-01,29933000.0,2244997.7550022453,0.7262222189945678,Modern (2-5y),Tier 2 - Premium,3.0,0.4557885141294439,0.7499812504687383,7,0,544.6485117162761
PROP-14002,Lahore,Lake City,House,5.0,Marla,5 Marla,890,1,1,3.3,1,0,0,0,Basic,0,0.16,2.88,2.7,1.56,2026-10-01,13963000.0,2319995.36000928,0.7911111040790124,Modern (2-5y),Tier 3 - Affordable/Suburban,0.0,0.4006410256410256,0.999900009999,2,0,889.9110088991101
PROP-11634,Lahore,Gulberg,House,7.0,Marla,7 Marla,2527,3,3,0.0,2,0,1,0,Gated Community; Backup Generator / Solar; Underground Utilities,3,2.24,1.92,1.07,1.68,2026-10-01,67375000.0,7492846.438790802,1.6044444342574955,Brand New (0-1y),Tier 1 - Ultra Luxury,4.5,0.3584229390681003,0.9999666677777408,6,1,842.3052564914502
PROP-12153,Karachi,PECHS,Flat,2.5,Marla,2.5 Marla,716,1,1,1.6,1,0,0,0,24/7 Security; Backup Generator / Solar; Underground Utilities; Servant Quarter; Elevator,5,0.45,2.35,2.74,1.27,2026-10-01,14212000.0,4739981.04007584,1.2728888662597535,Modern (2-5y),Tier 2 - Premium,8.0,0.4100041000410004,0.999900009999,2,0,715.9284071592841
PROP-10511,Karachi,Gulshan-e-Iqbal,Flat,3.5,Marla,3.5 Marla,930,1,1,2.1,1,1,0,0,Gated Community; 24/7 Security; Backup Generator / Solar; Elevator,4,0.58,1.6,2.8,1.23,2026-10-01,15977000.0,3785703.469418659,1.1809523659561605,Modern (2-5y),Tier 2 - Premium,6.5,0.4215851602023609,0.999900009999,2,1,929.90700929907
PROP-10385,Islamabad,DHA Defence Phase 2,Flat,5.0,Marla,5 Marla,1509,2,2,3.7,1,0,0,0,24/7 Security; Underground Utilities; Elevator,3,1.61,2.04,1.39,4.45,2026-10-01,17443000.0,2689994.62001076,1.3413333214103704,Modern (2-5y),Tier 2 - Premium,5.0,0.2871500358937545,0.9999500024998748,4,0,754.4622768861556
PROP-10405,Lahore,Bahria Town,House,5.0,Marla,5 Marla,1893,4,4,0.8,2,0,0,0,24/7 Security,1,0.26,3.55,8.63,2.83,2026-10-01,19537000.0,3259993.4800130404,1.6826666517096298,Brand New (0-1y),Tier 2 - Premium,1.0,0.2381803024889841,0.9999750006249843,8,0,473.2381690457739
PROP-14616,Lahore,DHA Defence Phase 7-9,Flat,2.5,Marla,2.5 Marla,740,2,2,0.0,1,0,1,1,Gated Community; Central Heating / Cooling; Elevator,3,0.8,2.21,2.39,1.29,2026-10-01,13986000.0,4439982.24007104,1.3155555321679018,Brand New (0-1y),Tier 2 - Premium,5.0,0.4037956793862306,0.9999500024998748,4,2,369.9815009249537
PROP-14574,Lahore,Johar Town,Upper Portion,7.0,Marla,7 Marla,1137,3,4,0.7,1,0,0,0,Gated Community; 24/7 Security; Backup Generator / Solar; Central Heating / Cooling,4,3.57,1.56,3.81,0.51,2026-10-01,22521000.0,2571424.8979644314,0.7219047573212396,Brand New (0-1y),Tier 2 - Premium,5.5,0.2942474621156393,0.7499812504687383,7,0,378.9873670877637
PROP-12001,Lahore,DHA Defence Phase 5-6,House,5.0,Marla,5 Marla,898,1,1,2.7,1,0,0,0,Gated Community; Backup Generator / Solar; Underground Utilities,3,0.77,2.27,2.78,3.27,2026-10-01,39768000.0,6289987.420025161,0.7982222151269137,Modern (2-5y),Tier 1 - Ultra Luxury,4.5,0.3177629488401652,0.999900009999,2,0,897.9102089791021
PROP-12757,Lahore,Wapda Town,House,10.0,Marla,10 Marla,3796,5,5,0.0,2,0,1,1,24/7 Security; Lawn / Garden,2,1.02,0.73,4.38,2.0,2026-10-01,63438000.0,5049994.95000505,1.6871111036128394,Brand New (0-1y),Tier 2 - Premium,2.0,0.3398470688190314,0.999980000399992,10,2,759.184816303674
PROP-11669,Islamabad,Sector G-11/G-13,Lower Portion,7.0,Marla,7 Marla,1239,3,2,9.9,1,0,0,0,24/7 Security; Backup Generator / Solar; Servant Quarter,3,3.32,2.11,1.15,0.49,2026-10-01,24540000.0,2557139.204086852,0.7866666616719578,Established (6-15y),Tier 2 - Premium,4.0,0.3502013657853265,1.4999250037498124,5,0,412.9862337922069
PROP-15992,Lahore,DHA Defence Phase 5-6,House,10.0,Marla,10 Marla,3635,5,5,2.7,2,0,0,0,Gated Community; 24/7 Security; Backup Generator / Solar; Servant Quarter; Lawn / Garden,5,2.66,0.98,3.75,2.95,2026-10-01,87602000.0,7189992.81000719,1.6155555483753086,Modern (2-5y),Tier 1 - Ultra Luxury,6.0,0.2693239967681121,0.999980000399992,10,0,726.9854602907942
PROP-11461,Rawalpindi,Adiala Road,House,5.0,Marla,5 Marla,1944,3,3,9.1,2,0,1,0,24/7 Security; Backup Generator / Solar; Lawn / Garden,3,0.57,0.9,1.63,1.26,2026-10-01,14155000.0,2459995.08000984,1.7279999846400005,Established (6-15y),Tier 3 - Affordable/Suburban,4.0,0.4905567819475104,0.9999666677777408,6,1,647.978400719976
PROP-13638,Karachi,Malir Cantt,House,400.0,Kanal,1 Kanal,11865,6,5,7.5,3,0,0,0,Gated Community; Backup Generator / Solar; Servant Quarter; Lawn / Garden,4,0.22,0.95,2.82,1.41,2026-10-01,137656000.0,290874.9927281252,0.1318333333186852,Established (6-15y),Tier 2 - Premium,5.0,0.4532064355313845,1.1999760004799904,11,0,1977.4670422159631
PROP-12725,Rawalpindi,Chaklala Scheme 3,House,10.0,Marla,10 Marla,3945,4,4,2.2,2,1,0,0,24/7 Security; Backup Generator / Solar; Servant Quarter; Lawn / Garden,4,1.86,2.33,3.17,0.28,2026-10-01,49962000.0,4344995.655004345,1.7533333255407406,Modern (2-5y),Tier 2 - Premium,5.0,0.3678499172337686,0.9999750006249843,8,1,986.2253443663908
PROP-14812,Lahore,Wapda Town,Flat,5.0,Marla,5 Marla,1281,3,3,19.7,1,0,0,0,Gated Community; 24/7 Security; Backup Generator / Solar; Lawn / Garden; Elevator,5,2.15,0.85,3.52,2.27,2026-10-01,14621000.0,2399995.2000096003,1.1386666565451853,Vintage (16y+),Tier 2 - Premium,7.5,0.3062787136294027,0.9999666677777408,6,0,426.98576714109527
PROP-14180,Karachi,Malir Cantt,Upper Portion,10.0,Marla,10 Marla,1783,2,2,1.9,1,0,0,0,Gated Community; 24/7 Security; Backup Generator / Solar; Servant Quarter,4,1.48,1.11,3.25,0.53,2026-10-01,27043000.0,2154997.8450021558,0.7924444409224691,Modern (2-5y),Tier 2 - Premium,5.0,0.4010427110487267,0.9999500024998748,4,0,891.4554272286384
PROP-15267,Rawalpindi,Bahria Town,House,5.0,Marla,5 Marla,1731,2,2,2.6,2,0,0,0,Gated Community; 24/7 Security; Backup Generator / Solar; Underground Utilities,4,1.11,2.81,2.07,0.61,2026-10-01,24944000.0,4069991.86001628,1.5386666529896298,Modern (2-5y),Tier 2 - Premium,5.5,0.4154549231408392,0.9999500024998748,4,0,865.4567271636417
PROP-16000,Rawalpindi,Satellite Town,House,3.0,Marla,3 Marla,1116,2,2,5.7,2,0,0,0,Gated Community; 24/7 Security,2,0.95,2.45,3.59,1.09,2026-10-01,14941000.0,4333318.8889370365,1.6533333088395066,Established (6-15y),Tier 2 - Premium,2.0,0.3642987249544626,0.9999500024998748,4,0,557.9721013949302
PROP-12049,Lahore,DHA Defence Phase 5-6,House,10.0,Marla,10 Marla,1895,5,6,0.0,1,0,0,0,Gated Community; 24/7 Security; Underground Utilities,3,3.17,4.57,1.84,1.73,2026-10-01,61490000.0,5079994.92000508,0.8422222184790122,Brand New (0-1y),Tier 1 - Ultra Luxury,3.5,0.271591526344378,0.8333194446759221,11,0,378.992420151597
PROP-14148,Rawalpindi,Bahria Town,House,5.0,Marla,5 Marla,1732,3,3,0.0,2,1,0,0,Gated Community; 24/7 Security; Backup Generator / Solar; Underground Utilities,4,0.8,1.0,4.73,2.81,2026-10-01,22418000.0,3769992.46001508,1.5395555418706175,Brand New (0-1y),Tier 2 - Premium,5.5,0.3106554830692762,0.9999666677777408,6,1,577.314089530349
PROP-14783,Karachi,PECHS,Flat,7.5,Marla,7.5 Marla,2266,4,4,4.0,1,0,1,1,Gated Community; 24/7 Security; Underground Utilities; Elevator,4,0.93,6.49,1.42,1.36,2026-10-01,32257000.0,3626661.831117559,1.3428148068573935,Modern (2-5y),Tier 2 - Premium,6.0,0.3343363423604145,0.9999750006249843,8,2,566.4858378540537
PROP-10717,Karachi,Malir Cantt,Flat,5.0,Marla,5 Marla,1324,3,4,11.0,1,0,0,1,Gated Community; 24/7 Security; Backup Generator / Solar; Underground Utilities,4,2.34,6.88,2.32,3.16,2026-10-01,18986000.0,3079993.8400123203,1.1768888784276546,Established (6-15y),Tier 2 - Premium,5.5,0.2345765892563922,0.7499812504687383,7,1,441.3186227125762
PROP-15568,Karachi,Gulshan-e-Iqbal,Flat,3.5,Marla,3.5 Marla,1015,3,3,0.0,1,0,0,0,24/7 Security; Backup Generator / Solar; Underground Utilities; Lawn / Garden; Elevator,5,0.51,1.99,1.34,3.55,2026-10-01,14955000.0,3514275.6734980755,1.2888888725220462,Brand New (0-1y),Tier 2 - Premium,8.0,0.3558718861209964,0.9999666677777408,6,0,338.3220559314689
PROP-14547,Lahore,DHA Defence Phase 5-6,House,10.0,Marla,10 Marla,3933,5,5,2.6,2,0,0,0,Gated Community; 24/7 Security; Underground Utilities; Servant Quarter; Lawn / Garden,5,1.72,4.23,3.6,4.34,2026-10-01,68647000.0,5804994.195005805,1.747999992231111,Modern (2-5y),Tier 1 - Ultra Luxury,5.5,0.2348244687096395,0.999980000399992,10,0,786.5842683146337
PROP-14979,Karachi,DHA Defence Phase 7-9,House,7.0,Marla,7 Marla,1199,2,2,3.8,1,0,0,0,Gated Community; 24/7 Security; Backup Generator / Solar; Underground Utilities,4,1.11,0.68,2.78,3.12,2026-10-01,62312000.0,7014275.693891866,0.761269836436382,Modern (2-5y),Tier 1 - Ultra Luxury,5.5,0.3352891869237217,0.9999500024998748,4,0,599.470026498675
PROP-14586,Islamabad,Sector E-11,House,7.0,Marla,7 Marla,2547,4,4,6.0,2,0,0,0,24/7 Security; Servant Quarter,2,0.55,1.96,0.94,2.2,2026-10-01,45881000.0,4878564.45919363,1.6171428468752835,Established (6-15y),Tier 2 - Premium,2.0,0.4283572499464553,0.9999750006249843,8,0,636.7340816479589
PROP-11824,Rawalpindi,Saddar Cantt,House,5.0,Marla,5 Marla,1751,3,3,5.4,2,0,0,0,Gated Community; 24/7 Security; Backup Generator / Solar; Underground Utilities; Lawn / Garden,5,0.73,3.01,1.38,1.43,2026-10-01,36611000.0,6379987.24002552,1.556444430609383,Established (6-15y),Tier 1 - Ultra Luxury,6.5,0.4145936981757877,0.9999666677777408,6,0,583.647211759608
PROP-12082,Islamabad,DHA Defence Phase 2,House,5.0,Marla,5 Marla,1880,3,4,0.0,2,0,0,0,Gated Community; 24/7 Security; Backup Generator / Solar; Underground Utilities,4,0.69,0.73,1.16,2.49,2026-10-01,31442000.0,5019989.96002008,1.6711110962567903,Brand New (0-1y),Tier 2 - Premium,5.5,0.4291845493562232,0.7499812504687383,7,0,626.6457784740509
PROP-13421,Rawalpindi,Bahria Town,Upper Portion,7.0,Marla,7 Marla,1178,3,4,3.7,1,1,0,0,24/7 Security; Central Heating / Cooling,2,1.71,3.18,0.44,1.61,2026-10-01,17851000.0,2157139.7755146064,0.7479365031877048,Modern (2-5y),Tier 2 - Premium,2.5,0.3778575477045154,0.7499812504687383,7,1,392.6535782140595
PROP-16241,Islamabad,Sector F-8/F-10/F-11,Upper Portion,7.0,Marla,7 Marla,1115,3,4,6.6,1,1,0,0,Backup Generator / Solar; Underground Utilities,2,0.97,1.64,2.1,0.57,2026-10-01,30785000.0,3428566.530619242,0.707936503441673,Established (6-15y),Tier 1 - Ultra Luxury,3.5,0.4594532506317482,0.7499812504687383,7,1,371.6542781907269
PROP-11575,Lahore,DHA Defence Phase 5-6,House,3.0,Marla,3 Marla,1055,3,4,1.7,2,1,0,0,Gated Community; 24/7 Security; Backup Generator / Solar; Underground Utilities; Central Heating / Cooling,5,2.95,2.2,4.56,1.05,2026-10-01,28413000.0,7449975.166749444,1.5629629398079563,Modern (2-5y),Tier 1 - Ultra Luxury,7.0,0.2785903329154478,0.7499812504687383,7,1,351.65494483517216
PROP-16300,Islamabad,Sector G-11/G-13,Flat,5.0,Marla,5 Marla,1286,3,3,0.9,1,1,1,0,Gated Community; 24/7 Security; Servant Quarter; Central Heating / Cooling; Elevator,5,1.55,1.88,3.56,4.64,2026-10-01,23938000.0,3539992.92001416,1.1431111009501236,Brand New (0-1y),Tier 2 - Premium,7.0,0.2545500827287769,0.9999666677777408,6,2,428.6523782540582
PROP-10250,Lahore,Johar Town,Flat,3.5,Marla,3.5 Marla,1086,3,3,7.1,1,0,0,0,Gated Community; 24/7 Security; Underground Utilities; Elevator,4,1.94,1.74,2.39,1.04,2026-10-01,12929000.0,2985705.755126414,1.3790476015359034,Established (6-15y),Tier 2 - Premium,6.0,0.3663003663003663,0.9999666677777408,6,0,361.9879337355421
PROP-10674,Islamabad,DHA Defence Phase 2,House,5.0,Marla,5 Marla,1920,4,4,6.7,2,1,0,0,Gated Community; Underground Utilities; Central Heating / Cooling,3,1.14,1.98,5.04,0.66,2026-10-01,33546000.0,5429989.14002172,1.7066666514962965,Established (6-15y),Tier 2 - Premium,4.0,0.3445899379738111,0.9999750006249843,8,1,479.9880002999925
PROP-14536,Lahore,DHA Defence Phase 7-9,Lower Portion,7.0,Marla,7 Marla,1238,3,4,23.8,1,1,0,0,Gated Community; 24/7 Security; Underground Utilities,3,1.13,1.85,2.02,3.13,2026-10-01,17881000.0,2149996.928575817,0.7860317410410683,Vintage (16y+),Tier 2 - Premium,3.5,0.3315649867374006,0.7499812504687383,7,1,412.65291156961433
PROP-12166,Lahore,Wapda Town,Flat,2.5,Marla,2.5 Marla,712,1,1,7.9,1,0,0,0,Gated Community; 24/7 Security; Underground Utilities; Elevator,4,0.7,4.61,3.17,2.48,2026-10-01,10142000.0,3339986.64005344,1.2657777552750622,Established (6-15y),Tier 2 - Premium,6.0,0.3017046311660884,0.999900009999,2,0,711.9288071192881
PROP-10771,Lahore,Bahria Town,Flat,2.5,Marla,2.5 Marla,741,1,1,3.0,1,1,0,1,Gated Community; 24/7 Security; Underground Utilities; Elevator,4,2.18,1.47,1.67,1.8,2026-10-01,11498000.0,3699985.2000592,1.3173333099140745,Modern (2-5y),Tier 2 - Premium,6.0,0.3499562554680665,0.999900009999,2,2,740.9259074092591
PROP-13964,Lahore,Gulberg,House,800.0,Kanal,2 Kanal,14208,6,6,16.3,2,0,0,0,24/7 Security; Backup Generator / Solar; Underground Utilities; Servant Quarter; Lawn / Garden; Swimming Pool,6,0.23,1.51,2.47,2.89,2026-10-01,286979000.0,272251.2465968586,0.0789333333289481,Vintage (16y+),Tier 1 - Ultra Luxury,9.5,0.3748125937031484,0.9999833336111064,12,0,2367.9605339911004
PROP-14366,Karachi,Malir Cantt,Flat,2.5,Marla,2.5 Marla,685,2,2,0.9,1,0,0,0,24/7 Security; Lawn / Garden,2,5.15,3.88,4.5,1.3,2026-10-01,7064000.0,2379990.48003808,1.2177777561283956,Brand New (0-1y),Tier 2 - Premium,2.0,0.2139266231682532,0.9999500024998748,4,0,342.4828758562072
PROP-11985,Karachi,Gulshan-e-Iqbal,House,10.0,Marla,10 Marla,3559,5,4,0.7,2,0,0,0,Gated Community; 24/7 Security; Backup Generator / Solar; Underground Utilities; Lawn / Garden,5,1.37,7.44,5.68,4.06,2026-10-01,53837000.0,4424995.575004425,1.581777770747654,Brand New (0-1y),Tier 2 - Premium,6.5,0.2020406101626427,1.2499687507812305,9,0,711.7857642847143
PROP-11078,Lahore,Johar Town,House,7.0,Marla,7 Marla,1338,2,2,0.8,1,0,0,0,Underground Utilities; Lawn / Garden,2,0.45,0.92,0.57,1.38,2026-10-01,36690000.0,4214279.693886152,0.8495238041300076,Brand New (0-1y),Tier 2 - Premium,2.5,0.5483959418700302,0.9999500024998748,4,0,668.9665516724164
PROP-10236,Rawalpindi,Adiala Road,House,10.0,Marla,10 Marla,1900,4,4,1.8,1,1,0,1,24/7 Security,1,2.45,2.26,1.32,0.94,2026-10-01,23789000.0,1954998.045001955,0.8444444406913579,Modern (2-5y),Tier 3 - Affordable/Suburban,1.0,0.3646308113035552,0.9999750006249843,8,2,474.9881252968676
PROP-10389,Lahore,Gulberg,Lower Portion,7.0,Marla,7 Marla,1242,3,2,0.0,1,0,0,0,Gated Community; 24/7 Security; Underground Utilities,3,0.54,0.55,3.94,1.8,2026-10-01,28769000.0,3049995.642863368,0.7885714235646258,Brand New (0-1y),Tier 1 - Ultra Luxury,3.5,0.3846893633391037,1.4999250037498124,5,0,413.9862004599846
PROP-13038,Islamabad,DHA Defence Phase 2,Flat,3.5,Marla,3.5 Marla,1029,3,3,2.8,1,1,0,0,Gated Community; 24/7 Security; Backup Generator / Solar; Elevator,4,0.25,2.13,4.0,1.59,2026-10-01,15709000.0,3599989.714315102,1.3066666500740742,Modern (2-5y),Tier 2 - Premium,6.5,0.3725782414307004,0.9999666677777408,6,1,342.98856704776506
PROP-14861,Karachi,Bahria Town Karachi,House,7.0,Marla,7 Marla,1240,2,2,2.1,1,0,0,0,Gated Community; 24/7 Security; Swimming Pool,3,1.18,0.55,3.46,1.1,2026-10-01,18480000.0,2221425.397963717,0.7873015823028471,Modern (2-5y),Tier 3 - Affordable/Suburban,5.0,0.3972194637537239,0.9999500024998748,4,0,619.9690015499224
PROP-11849,Lahore,Allama Iqbal Town,House,5.0,Marla,5 Marla,2736,4,4,0.8,3,0,0,0,Gated Community; 24/7 Security; Backup Generator / Solar,3,2.5,1.15,1.62,0.24,2026-10-01,24582000.0,3819992.36001528,2.4319999783822226,Brand New (0-1y),Tier 3 - Affordable/Suburban,4.0,0.4092490280335584,0.9999750006249843,8,0,683.9829004274893
PROP-14722,Lahore,Bahria Town,House,10.0,Marla,10 Marla,1749,2,3,0.9,1,0,0,0,Gated Community; 24/7 Security; Backup Generator / Solar; Underground Utilities; Lawn / Garden,5,4.09,1.07,2.05,1.17,2026-10-01,37085000.0,2914997.085002915,0.7773333298785184,Brand New (0-1y),Tier 2 - Premium,6.5,0.2982403817476886,0.6666444451851604,5,0,874.4562771861406
PROP-12815,Lahore,Lake City,House,7.0,Marla,7 Marla,2627,5,4,4.5,2,0,0,0,Underground Utilities,1,3.81,3.64,6.45,0.71,2026-10-01,27253000.0,2949995.7857203064,1.667936497346435,Established (6-15y),Tier 3 - Affordable/Suburban,1.5,0.2281802624073017,1.2499687507812305,9,0,525.3894922101558
PROP-13376,Karachi,Gulshan-e-Iqbal,House,5.0,Marla,5 Marla,1827,4,3,2.6,2,0,0,1,24/7 Security; Underground Utilities,2,0.95,2.24,0.97,4.28,2026-10-01,25726000.0,4179991.64001672,1.6239999855644447,Modern (2-5y),Tier 2 - Premium,2.5,0.3178134435086604,1.3332888903703208,7,1,456.73858153546166
PROP-13279,Rawalpindi,Bahria Town,Upper Portion,5.0,Marla,5 Marla,859,1,2,0.0,1,1,0,0,Gated Community; 24/7 Security,2,0.68,2.42,0.66,0.61,2026-10-01,13079000.0,2259995.4800090403,0.7635555487683952,Brand New (0-1y),Tier 2 - Premium,2.0,0.5219206680584552,0.4999750012499374,3,1,858.914108589141
PROP-11253,Karachi,Bahria Town Karachi,Flat,2.5,Marla,2.5 Marla,786,1,1,0.0,1,0,0,0,24/7 Security; Underground Utilities; Servant Quarter; Elevator,4,2.18,1.74,3.79,2.51,2026-10-01,8434000.0,2739989.04004384,1.3973333084918524,Brand New (0-1y),Tier 3 - Affordable/Suburban,6.0,0.2828854314002829,0.999900009999,2,0,785.9214078592141
PROP-13983,Islamabad,Sector F-8/F-10/F-11,Flat,2.5,Marla,2.5 Marla,753,2,1,5.5,1,1,1,0,Gated Community; 24/7 Security; Backup Generator / Solar; Underground Utilities; Central Heating / Cooling,5,0.66,0.74,1.07,2.64,2026-10-01,21104000.0,6419974.32010272,1.3386666428681486,Established (6-15y),Tier 1 - Ultra Luxury,7.0,0.4258943781942078,1.999800019998,3,2,376.4811759412029
PROP-14676,Islamabad,Sector E-11,House,7.0,Marla,7 Marla,2553,4,4,0.0,2,0,0,0,Gated Community; 24/7 Security; Backup Generator / Solar,3,1.15,2.12,4.21,1.19,2026-10-01,46450000.0,5092849.867357332,1.62095237066062,Brand New (0-1y),Tier 2 - Premium,4.0,0.3425244048638465,0.9999750006249843,8,0,638.2340441488963
PROP-12123,Karachi,Bahria Town Karachi,Flat,2.5,Marla,2.5 Marla,672,2,2,0.7,1,0,1,0,Gated Community; Elevator,2,1.99,1.36,2.69,1.59,2026-10-01,7122000.0,2319990.72003712,1.1946666454281485,Brand New (0-1y),Tier 3 - Affordable/Suburban,3.5,0.3429943405933802,0.9999500024998748,4,1,335.983200839958
PROP-14533,Lahore,DHA Defence Phase 5-6,Flat,2.5,Marla,2.5 Marla,632,2,2,7.3,1,0,0,0,24/7 Security; Backup Generator / Solar; Lawn / Garden; Central Heating / Cooling; Elevator,5,0.63,1.67,4.24,0.86,2026-10-01,14553000.0,4519981.92007232,1.123555535581235,Established (6-15y),Tier 1 - Ultra Luxury,8.0,0.3880481179666278,0.9999500024998748,4,0,315.9842007899605
PROP-12151,Karachi,Clifton,Flat,2.5,Marla,2.5 Marla,740,1,1,2.8,1,0,1,0,Gated Community; 24/7 Security; Backup Generator / Solar; Lawn / Garden; Elevator,5,0.77,7.0,1.78,0.29,2026-10-01,19564000.0,6239975.04009984,1.3155555321679018,Modern (2-5y),Tier 1 - Ultra Luxury,7.5,0.3619909502262443,0.999900009999,2,1,739.9260073992601
PROP-14862,Islamabad,Sector F-8/F-10/F-11,House,10.0,Marla,10 Marla,3719,5,5,3.3,2,0,1,1,Gated Community; 24/7 Security; Backup Generator / Solar; Underground Utilities; Servant Quarter; Lawn / Garden,6,1.62,2.89,0.93,1.85,2026-10-01,120892000.0,9114990.885009116,1.6528888815427158,Modern (2-5y),Tier 1 - Ultra Luxury,7.5,0.3647638154295094,0.999980000399992,10,2,743.7851242975141
PROP-11330,Rawalpindi,Chaklala Scheme 3,House,7.0,Marla,7 Marla,1309,3,4,0.0,1,0,1,0,Gated Community; 24/7 Security,2,1.68,1.29,2.49,1.87,2026-10-01,36780000.0,4392850.867355904,0.8311111058342152,Brand New (0-1y),Tier 2 - Premium,2.0,0.3520506953001232,0.7499812504687383,7,1,436.31878937368754
PROP-16244,Lahore,Lake City,House,7.0,Marla,7 Marla,2500,4,5,2.9,2,0,0,0,24/7 Security; Backup Generator / Solar; Central Heating / Cooling,3,1.01,1.92,1.97,1.48,2026-10-01,28774000.0,3321423.8265373907,1.587301577223482,Modern (2-5y),Tier 3 - Affordable/Suburban,4.5,0.4033071183706392,0.7999840003199936,9,0,624.9843753906152
PROP-11359,Karachi,Bahria Town Karachi,House,400.0,Kanal,1 Kanal,6868,5,5,0.8,2,0,0,0,24/7 Security; Backup Generator / Solar; Servant Quarter; Lawn / Garden,4,0.33,3.78,0.96,4.19,2026-10-01,59588000.0,122749.99693125008,0.0763111111026321,Brand New (0-1y),Tier 3 - Affordable/Suburban,5.0,0.3193357815743254,0.999980000399992,10,0,1373.572528549429
PROP-12483,Faisalabad,Canal Road Villas,House,10.0,Marla,10 Marla,3471,5,6,0.0,2,0,0,0,Gated Community; 24/7 Security; Underground Utilities; Servant Quarter; Lawn / Garden; Swimming Pool,6,2.3,4.3,1.93,4.93,2026-10-01,53204000.0,4194995.805004195,1.5426666598103702,Brand New (0-1y),Tier 2 - Premium,8.5,0.2317497103128621,0.8333194446759221,11,0,694.1861162776745
PROP-14545,Islamabad,Sector B-17 Multi Gardens,Flat,3.5,Marla,3.5 Marla,880,2,2,8.4,1,0,0,1,24/7 Security,1,0.86,0.93,2.82,0.49,2026-10-01,7162000.0,1657138.122462507,1.1174603032703454,Established (6-15y),Tier 3 - Affordable/Suburban,1.0,0.464792005577504,0.9999500024998748,4,1,439.97800109994495
PROP-12018,Karachi,DHA Defence Phase 7-9,House,3.0,Marla,3 Marla,1037,3,3,2.8,2,1,0,0,Gated Community; 24/7 Security; Backup Generator / Solar; Underground Utilities; Servant Quarter; Central Heating / Cooling,6,0.26,1.51,5.32,1.54,2026-10-01,31782000.0,8666637.777874073,1.5362962735363517,Modern (2-5y),Tier 1 - Ultra Luxury,8.0,0.3516792685071215,0.9999666677777408,6,1,345.6551448285057
PROP-11332,Lahore,DHA Defence Phase 7-9,House,7.0,Marla,7 Marla,2426,4,4,9.2,2,0,0,0,Gated Community; 24/7 Security; Backup Generator / Solar,3,0.59,2.57,2.74,3.23,2026-10-01,37096000.0,4314279.551029213,1.540317450537667,Established (6-15y),Tier 2 - Premium,4.0,0.3216468317787069,0.9999750006249843,8,0,606.4848378790531
PROP-14347,Lahore,Askari,Lower Portion,7.0,Marla,7 Marla,1160,3,3,0.9,1,0,0,0,Gated Community; 24/7 Security; Backup Generator / Solar; Underground Utilities,4,2.08,2.58,4.71,3.3,2026-10-01,19991000.0,2292853.867351618,0.7365079318316957,Brand New (0-1y),Tier 2 - Premium,5.5,0.2470966147763775,0.9999666677777408,6,0,386.653778207393
PROP-14264,Faisalabad,D Ground / Peoples Colony,House,5.0,Marla,5 Marla,1928,3,4,1.6,2,0,0,0,24/7 Security; Backup Generator / Solar; Underground Utilities,3,0.64,0.91,6.29,0.8,2026-10-01,39850000.0,6269987.4600250805,1.7137777625441977,Modern (2-5y),Tier 1 - Ultra Luxury,4.5,0.3498338289312576,0.7499812504687383,7,0,642.6452451584946
PROP-11359,Karachi,Bahria Town Karachi,House,400.0,Kanal,1 Kanal,6868,5,5,0.8,2,0,0,0,24/7 Security; Backup Generator / Solar; Servant Quarter; Lawn / Garden,4,0.33,3.78,0.96,4.19,2026-10-01,59675000.0,122749.99693125008,0.0763111111026321,Brand New (0-1y),Tier 3 - Affordable/Suburban,5.0,0.3193357815743254,0.999980000399992,10,0,1373.572528549429
PROP-15118,Lahore,Bahria Town,House,800.0,Kanal,2 Kanal,15142,6,7,1.8,2,0,0,0,Gated Community; 24/7 Security; Servant Quarter; Lawn / Garden,4,2.33,1.11,3.1,1.05,2026-10-01,187318000.0,187874.99765156253,0.0841222222175487,Modern (2-5y),Tier 2 - Premium,4.0,0.3428179636612958,0.8571306124198226,13,0,2523.6246062565624
PROP-14640,Rawalpindi,Satellite Town,House,5.0,Marla,5 Marla,1911,4,4,1.9,2,0,0,0,24/7 Security; Servant Quarter,2,1.51,2.22,2.71,0.55,2026-10-01,23611000.0,4219991.560016881,1.6986666515674076,Modern (2-5y),Tier 2 - Premium,2.0,0.3893322951138797,0.9999750006249843,8,0,477.7380565485863
PROP-14857,Lahore,Bahria Town,House,7.0,Marla,7 Marla,2684,4,4,9.4,2,1,0,1,Gated Community; 24/7 Security,2,0.35,0.47,3.75,2.39,2026-10-01,43409000.0,4864278.76531605,1.7041269733071305,Established (6-15y),Tier 2 - Premium,2.0,0.3759398496240601,0.9999750006249843,8,2,670.9832254193645
PROP-13178,Karachi,PECHS,House,10.0,Marla,10 Marla,3584,5,6,3.4,2,1,0,0,Gated Community; 24/7 Security; Underground Utilities; Servant Quarter; Lawn / Garden,5,1.46,2.88,2.66,0.68,2026-10-01,71103000.0,5764994.235005765,1.5928888818093827,Modern (2-5y),Tier 2 - Premium,5.5,0.3732736095558043,0.8333194446759221,11,1,716.7856642867143
PROP-12129,Rawalpindi,Satellite Town,House,5.0,Marla,5 Marla,1726,3,3,0.8,2,0,0,0,Gated Community; 24/7 Security,2,4.82,1.82,5.26,0.81,2026-10-01,24458000.0,3899992.2000156,1.5342222085846915,Brand New (0-1y),Tier 2 - Premium,2.0,0.2350176263219741,0.9999666677777408,6,0,575.3141561947934
PROP-12181,Lahore,Lake City,Flat,3.5,Marla,3.5 Marla,886,1,1,0.0,1,0,0,0,Gated Community; 24/7 Security; Underground Utilities; Lawn / Garden; Elevator,5,0.74,1.96,1.33,2.44,2026-10-01,14474000.0,3357133.265333528,1.125079350792643,Brand New (0-1y),Tier 3 - Affordable/Suburban,7.0,0.3920031360250882,0.999900009999,2,0,885.9114088591141
PROP-14895,Lahore,Allama Iqbal Town,Flat,7.5,Marla,7.5 Marla,1886,4,3,3.8,1,1,0,0,Elevator,1,0.98,1.69,5.98,1.12,2026-10-01,17609000.0,1873330.835558886,1.1176296230066394,Modern (2-5y),Tier 3 - Affordable/Suburban,2.5,0.319642000958926,1.3332888903703208,7,1,471.4882127946802
PROP-10138,Lahore,Model Town,House,7.0,Marla,7 Marla,2691,5,4,5.0,2,1,0,0,Gated Community; 24/7 Security; Underground Utilities; Central Heating / Cooling,4,3.16,0.88,5.49,0.32,2026-10-01,58400000.0,6649990.500013572,1.7085714177233562,Established (6-15y),Tier 1 - Ultra Luxury,5.0,0.2913752913752914,1.2499687507812305,9,1,538.1892362152757
PROP-16330,Islamabad,DHA Defence Phase 2,House,3.0,Marla,3 Marla,1034,2,2,4.7,2,0,1,0,Gated Community; 24/7 Security; Central Heating / Cooling,3,1.73,1.62,2.26,0.89,2026-10-01,23352000.0,5833313.888953703,1.5318518291577508,Established (6-15y),Tier 2 - Premium,3.5,0.3894839337877313,0.9999500024998748,4,1,516.9741512924353
PROP-13474,Lahore,Johar Town,House,5.0,Marla,5 Marla,1868,3,4,1.7,2,0,0,0,Gated Community; 24/7 Security; Backup Generator / Solar; Underground Utilities,4,0.49,3.99,8.65,2.35,2026-10-01,26609000.0,4289991.4200171605,1.6604444296849383,Modern (2-5y),Tier 2 - Premium,5.5,0.2378121284185493,0.7499812504687383,7,0,622.6459118029398
PROP-15452,Rawalpindi,Chaklala Scheme 3,House,5.0,Marla,5 Marla,1758,3,4,0.0,2,0,0,0,24/7 Security; Underground Utilities; Servant Quarter; Elevator,4,1.39,3.9,3.04,2.58,2026-10-01,26357000.0,4459991.0800178405,1.5626666527762965,Brand New (0-1y),Tier 2 - Premium,6.0,0.2895613146083683,0.7499812504687383,7,0,585.980467317756
PROP-12833,Lahore,Model Town,House,400.0,Kanal,1 Kanal,7664,5,6,0.7,2,0,0,1,24/7 Security; Underground Utilities; Servant Quarter; Central Heating / Cooling,4,0.64,0.84,3.87,1.58,2026-10-01,188730000.0,371749.9907062503,0.0851555555460938,Brand New (0-1y),Tier 1 - Ultra Luxury,5.0,0.3849114703618168,0.8333194446759221,11,1,1532.7693446131077
PROP-13581,Islamabad,Sector G-11/G-13,Upper Portion,10.0,Marla,10 Marla,1767,2,2,0.0,1,0,0,0,Gated Community; 24/7 Security,2,1.8,1.53,4.19,0.88,2026-10-01,29361000.0,2299997.7000023,0.7853333298429629,Brand New (0-1y),Tier 2 - Premium,2.0,0.3376667229444538,0.9999500024998748,4,0,883.4558272086394
PROP-15974,Karachi,Clifton,Flat,3.5,Marla,3.5 Marla,1034,3,3,7.3,1,0,1,0,Gated Community; Underground Utilities; Servant Quarter; Elevator,4,0.72,1.48,1.58,4.47,2026-10-01,21839000.0,5242842.1633081045,1.313015856342656,Established (6-15y),Tier 1 - Ultra Luxury,6.0,0.3193867773874161,0.9999666677777408,6,1,344.6551781607279
PROP-13032,Lahore,DHA Defence Phase 5-6,Lower Portion,10.0,Marla,10 Marla,1725,3,4,0.0,1,0,0,0,Gated Community; 24/7 Security; Underground Utilities,3,0.38,1.66,5.82,1.8,2026-10-01,34188000.0,2729997.27000273,0.7666666632592593,Brand New (0-1y),Tier 1 - Ultra Luxury,3.5,0.3240440699935191,0.7499812504687383,7,0,574.9808339722009
PROP-14166,Rawalpindi,Saddar Cantt,Flat,2.5,Marla,2.5 Marla,723,2,2,0.0,1,0,0,0,Gated Community; 24/7 Security; Backup Generator / Solar; Underground Utilities,4,1.78,4.01,2.84,1.25,2026-10-01,12246000.0,4039983.84006464,1.2853333104829634,Brand New (0-1y),Tier 1 - Ultra Luxury,5.5,0.3157063930544594,0.9999500024998748,4,0,361.4819259037048
PROP-12594,Karachi,PECHS,House,7.0,Marla,7 Marla,2735,4,4,7.1,2,0,0,0,Gated Community; 24/7 Security,2,0.96,4.23,8.1,0.7,2026-10-01,45402000.0,5557134.918378688,1.7365079254824891,Established (6-15y),Tier 2 - Premium,2.0,0.2631232732535192,0.9999750006249843,8,0,683.7329066773331
PROP-16199,Lahore,Model Town,Flat,3.5,Marla,3.5 Marla,922,2,1,9.9,1,0,0,0,Gated Community; 24/7 Security; Backup Generator / Solar; Underground Utilities; Lawn / Garden; Elevator,6,1.83,0.79,3.56,0.34,2026-10-01,17997000.0,4114273.959217259,1.1707936359264302,Established (6-15y),Tier 1 - Ultra Luxury,9.0,0.388651379712398,1.999800019998,3,0,460.9769511524423
PROP-15572,Rawalpindi,Bahria Town,House,10.0,Marla,10 Marla,1798,3,4,11.9,1,0,0,0,Backup Generator / Solar; Underground Utilities; Lawn / Garden,3,0.75,1.8,1.7,1.21,2026-10-01,34902000.0,3049996.9500030503,0.7991111075595061,Vintage (16y+),Tier 2 - Premium,4.5,0.4473272198613285,0.7499812504687383,7,0,599.3133562214592
PROP-14303,Rawalpindi,Adiala Road,Flat,2.5,Marla,2.5 Marla,694,2,2,6.4,1,0,0,0,Gated Community; 24/7 Security; Backup Generator / Solar,3,0.52,4.1,4.63,0.57,2026-10-01,7059000.0,2319990.72003712,1.233777755843951,Established (6-15y),Tier 3 - Affordable/Suburban,4.0,0.3455425017277125,0.9999500024998748,4,0,346.9826508674566
PROP-16272,Lahore,Johar Town,Flat,2.5,Marla,2.5 Marla,640,1,1,8.5,1,0,0,0,Gated Community; 24/7 Security; Elevator,3,2.47,1.56,2.24,0.69,2026-10-01,8571000.0,2899988.4000464,1.1377777575506176,Established (6-15y),Tier 2 - Premium,4.5,0.3631741420010895,0.999900009999,2,0,639.93600639936
PROP-13820,Lahore,Lake City,House,7.0,Marla,7 Marla,2745,4,5,16.9,2,0,0,0,Backup Generator / Solar,1,0.55,1.9,4.75,0.67,2026-10-01,26448000.0,3092852.724496108,1.7428571317913832,Vintage (16y+),Tier 3 - Affordable/Suburban,2.0,0.3804451207913258,0.7999840003199936,9,0,686.2328441788956
PROP-14140,Lahore,Askari,House,5.0,Marla,5 Marla,1689,3,3,1.7,2,1,1,0,Gated Community; 24/7 Security,2,0.56,2.85,7.48,0.76,2026-10-01,30109000.0,4779990.44001912,1.5013333199881482,Modern (2-5y),Tier 2 - Premium,2.0,0.2987303958177744,0.9999666677777408,6,2,562.981233958868
PROP-13825,Karachi,Gulshan-e-Iqbal,House,5.0,Marla,5 Marla,1795,3,3,1.6,2,0,0,0,24/7 Security; Underground Utilities,2,1.76,5.29,3.94,1.38,2026-10-01,26412000.0,4159991.68001664,1.5955555413728395,Modern (2-5y),Tier 2 - Premium,2.5,0.2768932576491762,0.9999666677777408,6,0,598.3133895536815
PROP-14044,Lahore,DHA Defence Phase 7-9,House,10.0,Marla,10 Marla,3775,5,5,6.8,2,0,0,0,Gated Community; 24/7 Security; Backup Generator / Solar; Underground Utilities; Servant Quarter; Lawn / Garden,6,0.19,0.91,3.2,3.77,2026-10-01,52400000.0,4219995.78000422,1.6777777703209875,Established (6-15y),Tier 2 - Premium,7.5,0.3362474781439139,0.999980000399992,10,0,754.984900301994
PROP-11907,Karachi,DHA Defence Phase 7-9,Lower Portion,7.0,Marla,7 Marla,1126,2,2,0.0,1,0,0,0,Gated Community; Backup Generator / Solar; Underground Utilities,3,1.4,2.3,6.34,1.45,2026-10-01,32788000.0,3949994.3571509183,0.7149206303814564,Brand New (0-1y),Tier 1 - Ultra Luxury,4.5,0.2826455624646692,0.9999500024998748,4,0,562.9718514074295
PROP-16257,Lahore,Gulberg,House,5.0,Marla,5 Marla,1818,4,4,0.0,2,0,0,1,Gated Community; 24/7 Security; Backup Generator / Solar; Underground Utilities; Central Heating / Cooling,5,1.41,2.43,6.65,0.95,2026-10-01,59716000.0,9039981.92003616,1.6159999856355558,Brand New (0-1y),Tier 1 - Ultra Luxury,7.0,0.2879355024474517,0.9999750006249843,8,1,454.4886377840554
PROP-10761,Lahore,DHA Defence Phase 7-9,Lower Portion,10.0,Marla,10 Marla,1577,3,2,2.3,1,1,0,0,24/7 Security; Backup Generator / Solar,2,1.28,1.45,2.98,0.99,2026-10-01,24358000.0,2054997.945002055,0.7008888857738271,Modern (2-5y),Tier 2 - Premium,3.0,0.3908540160250147,1.4999250037498124,5,1,525.649145028499
PROP-16241,Islamabad,Sector F-8/F-10/F-11,Upper Portion,7.0,Marla,7 Marla,1115,3,4,5.5,1,1,0,0,Backup Generator / Solar; Underground Utilities,2,0.97,1.64,2.1,0.57,2026-10-01,28256000.0,3428566.530619242,0.707936503441673,Established (6-15y),Tier 1 - Ultra Luxury,3.5,0.4594532506317482,0.7499812504687383,7,1,371.6542781907269
PROP-16093,Karachi,DHA Defence Phase 7-9,House,7.0,Marla,7 Marla,2439,4,4,0.0,2,0,1,0,Gated Community; 24/7 Security; Backup Generator / Solar; Underground Utilities,4,0.9,2.82,0.95,0.91,2026-10-01,71002000.0,8278559.602057712,1.5485714187392292,Brand New (0-1y),Tier 1 - Ultra Luxury,5.5,0.4543389368468877,0.9999750006249843,8,1,609.7347566310842
PROP-13447,Islamabad,Sector F-8/F-10/F-11,House,7.0,Marla,7 Marla,2427,5,4,0.0,2,0,0,0,Gated Community; 24/7 Security; Underground Utilities,3,0.56,2.23,0.72,1.39,2026-10-01,63893000.0,7314275.26532105,1.5409523711685564,Brand New (0-1y),Tier 1 - Ultra Luxury,3.5,0.4781257470714798,1.2499687507812305,9,0,485.3902921941561
PROP-16034,Islamabad,Sector F-8/F-10/F-11,Flat,5.0,Marla,5 Marla,1417,3,3,12.9,1,0,0,0,Gated Community; 24/7 Security; Backup Generator / Solar; Underground Utilities; Lawn / Garden; Elevator,6,0.87,3.58,5.36,3.4,2026-10-01,27408000.0,4469991.06001788,1.2595555443595063,Established (6-15y),Tier 1 - Ultra Luxury,9.0,0.2542265158256006,0.9999666677777408,6,0,472.31758941368616
PROP-10900,Islamabad,Sector G-11/G-13,House,10.0,Marla,10 Marla,3460,6,6,0.8,2,0,0,0,Gated Community; 24/7 Security; Backup Generator / Solar; Servant Quarter; Lawn / Garden; Swimming Pool; Central Heating / Cooling,7,1.19,1.79,2.41,1.36,2026-10-01,70106000.0,5399994.6000054,1.5377777709432097,Brand New (0-1y),Tier 2 - Premium,10.5,0.3883495145631068,0.9999833336111064,12,0,576.6570557157381
PROP-14458,Karachi,PECHS,House,400.0,Kanal,1 Kanal,7534,6,6,6.3,2,0,0,0,Gated Community; 24/7 Security; Underground Utilities; Servant Quarter; Lawn / Garden; Elevator,6,1.12,2.37,3.04,1.41,2026-10-01,123511000.0,253624.9936593752,0.0837111111018098,Established (6-15y),Tier 2 - Premium,8.0,0.3599064243296742,0.9999833336111064,12,0,1255.6457392376794
PROP-12948,Lahore,Bahria Town,House,400.0,Kanal,1 Kanal,10522,5,6,1.6,3,1,0,0,Gated Community; 24/7 Security; Underground Utilities; Servant Quarter; Lawn / Garden,5,0.25,1.05,2.71,0.47,2026-10-01,118535000.0,242624.9939343752,0.1169111110981209,Modern (2-5y),Tier 2 - Premium,5.5,0.5186721991701245,0.8333194446759221,11,1,2104.357912841743
PROP-11720,Karachi,Gulshan-e-Iqbal,House,3.0,Marla,3 Marla,1160,2,2,15.7,2,0,0,0,24/7 Security; Underground Utilities,2,0.41,1.23,7.78,1.07,2026-10-01,15042000.0,4333318.8889370365,1.7185184930589854,Vintage (16y+),Tier 2 - Premium,2.5,0.31201248049922,0.9999500024998748,4,0,579.9710014499275
PROP-10281,Islamabad,Bahria Town Phase 1-8,Flat,5.0,Marla,5 Marla,1306,2,2,1.5,1,0,0,1,Gated Community; Backup Generator / Solar; Lawn / Garden; Elevator,4,0.93,3.17,5.61,0.27,2026-10-01,19576000.0,2999994.000012,1.1608888785698768,Modern (2-5y),Tier 2 - Premium,6.5,0.3328894806924101,0.9999500024998748,4,1,652.9673516324183
PROP-13267,Faisalabad,D Ground / Peoples Colony,House,7.0,Marla,7 Marla,2540,4,3,0.0,2,1,0,1,Gated Community; 24/7 Security; Underground Utilities,3,0.41,4.04,2.08,0.4,2026-10-01,58687000.0,6728561.816340263,1.6126984024590578,Brand New (0-1y),Tier 1 - Ultra Luxury,3.5,0.4375410194705754,1.3332888903703208,7,2,634.9841253968651
PROP-11888,Karachi,DHA Defence Phase 7-9,Upper Portion,10.0,Marla,10 Marla,1794,2,2,0.7,1,0,0,0,Gated Community; 24/7 Security; Backup Generator / Solar; Underground Utilities,4,0.55,4.97,0.79,2.78,2026-10-01,41293000.0,3429996.5700034304,0.7973333297896296,Brand New (0-1y),Tier 1 - Ultra Luxury,5.5,0.3412969283276451,0.9999500024998748,4,0,896.9551522423878
PROP-13267,Faisalabad,D Ground / Peoples Colony,House,7.0,Marla,7 Marla,2540,4,3,0.0,2,1,0,1,Gated Community; 24/7 Security; Underground Utilities,3,0.41,4.04,2.08,0.4,2026-10-01,60941000.0,6728561.816340263,1.6126984024590578,Brand New (0-1y),Tier 1 - Ultra Luxury,3.5,0.4375410194705754,1.3332888903703208,7,2,634.9841253968651
PROP-10667,Rawalpindi,Bahria Town,House,10.0,Marla,10 Marla,1893,4,4,0.0,1,1,0,0,24/7 Security; Backup Generator / Solar; Lawn / Garden,3,2.47,2.12,2.5,2.48,2026-10-01,37802000.0,3344996.655003345,0.841333329594074,Brand New (0-1y),Tier 2 - Premium,4.0,0.2918429884722019,0.9999750006249843,8,1,473.2381690457739
PROP-14190,Karachi,Malir Cantt,Flat,2.5,Marla,2.5 Marla,650,1,2,3.0,1,0,0,0,Gated Community; 24/7 Security,2,0.52,5.65,7.12,1.77,2026-10-01,6942000.0,2419990.32003872,1.155555535012346,Modern (2-5y),Tier 2 - Premium,2.0,0.2509725185092232,0.4999750012499374,3,0,649.93500649935
PROP-10672,Islamabad,Bahria Town Phase 1-8,Flat,5.0,Marla,5 Marla,1272,2,2,10.0,1,0,1,0,24/7 Security; Underground Utilities; Central Heating / Cooling; Elevator,4,2.26,2.37,1.63,0.28,2026-10-01,19034000.0,3069993.8600122803,1.1306666566162964,Established (6-15y),Tier 2 - Premium,6.5,0.3911597887737141,0.9999500024998748,4,1,635.9682015899205
PROP-11970,Islamabad,Sector G-11/G-13,House,5.0,Marla,5 Marla,1715,3,3,4.3,2,0,0,1,Gated Community; 24/7 Security; Underground Utilities,3,3.15,1.16,3.98,0.34,2026-10-01,30659000.0,4839990.320019361,1.5244444308938274,Established (6-15y),Tier 2 - Premium,3.5,0.3150102378327296,0.9999666677777408,6,1,571.6476117462751
PROP-14158,Lahore,Model Town,House,10.0,Marla,10 Marla,3375,5,6,6.5,2,0,0,1,Gated Community; 24/7 Security; Backup Generator / Solar; Servant Quarter; Lawn / Garden,5,2.97,0.89,3.73,4.91,2026-10-01,92507000.0,7374992.625007375,1.4999999933333332,Established (6-15y),Tier 1 - Ultra Luxury,6.0,0.2276867030965391,0.8333194446759221,11,1,674.9865002699946
PROP-13123,Rawalpindi,Satellite Town,House,7.0,Marla,7 Marla,2733,4,5,4.1,2,0,0,0,Gated Community; 24/7 Security; Backup Generator / Solar; Lawn / Garden; Central Heating / Cooling,5,1.02,3.05,2.6,2.3,2026-10-01,38286000.0,4707136.132662668,1.735238084220711,Modern (2-5y),Tier 2 - Premium,6.5,0.3306331625061994,0.7999840003199936,9,0,683.2329191770206
PROP-15127,Islamabad,DHA Defence Phase 2,Flat,5.0,Marla,5 Marla,1414,3,3,1.6,1,1,1,0,Gated Community; 24/7 Security; Elevator,3,1.61,2.65,4.34,1.82,2026-10-01,24642000.0,3839992.32001536,1.2568888777165432,Modern (2-5y),Tier 2 - Premium,4.5,0.2962962962962963,0.9999666677777408,6,2,471.3176227459084
PROP-15588,Karachi,DHA Defence Phase 7-9,Flat,2.5,Marla,2.5 Marla,694,1,2,7.2,1,1,0,0,24/7 Security; Underground Utilities; Central Heating / Cooling; Elevator,4,1.81,1.56,4.07,1.5,2026-10-01,16042000.0,5539977.840088639,1.233777755843951,Established (6-15y),Tier 1 - Ultra Luxury,6.5,0.3193357815743254,0.4999750012499374,3,1,693.9306069393061
PROP-14702,Lahore,Gulberg,House,5.0,Marla,5 Marla,1777,3,3,8.2,2,0,0,0,Gated Community; 24/7 Security; Underground Utilities,3,2.2,2.5,6.09,0.95,2026-10-01,41445000.0,6359987.28002544,1.579555541515062,Established (6-15y),Tier 1 - Ultra Luxury,3.5,0.2741228070175439,0.9999666677777408,6,0,592.3135895470151
PROP-14780,Rawalpindi,Bahria Town,House,5.0,Marla,5 Marla,1838,4,5,2.3,2,1,0,1,Gated Community; Backup Generator / Solar,2,0.86,1.67,4.49,3.91,2026-10-01,27040000.0,4629990.7400185205,1.6337777632553088,Modern (2-5y),Tier 2 - Premium,3.0,0.2760524499654934,0.7999840003199936,9,2,459.4885127871804
PROP-13902,Lahore,Bahria Town,Flat,5.0,Marla,5 Marla,1412,3,3,1.7,1,0,0,0,Gated Community; 24/7 Security; Elevator,3,1.14,4.88,9.57,2.87,2026-10-01,15286000.0,2369995.26000948,1.255111099954568,Modern (2-5y),Tier 2 - Premium,4.5,0.2038320423970648,0.9999666677777408,6,0,470.6509783007233
PROP-15527,Karachi,Clifton,Flat,3.5,Marla,3.5 Marla,1020,3,3,5.4,1,0,0,0,Gated Community; 24/7 Security; Backup Generator / Solar; Underground Utilities; Elevator,5,2.23,1.8,1.55,2.39,2026-10-01,23084000.0,5399984.571472653,1.2952380787906277,Established (6-15y),Tier 1 - Ultra Luxury,8.0,0.3249390739236393,0.9999666677777408,6,0,339.98866704443185
PROP-16379,Lahore,Gulberg,Flat,2.5,Marla,2.5 Marla,633,2,2,0.9,1,0,0,0,24/7 Security; Underground Utilities; Central Heating / Cooling; Elevator,4,1.08,3.2,3.02,2.72,2026-10-01,16041000.0,5079979.68008128,1.1253333133274075,Brand New (0-1y),Tier 1 - Ultra Luxury,6.5,0.3050640634533252,0.9999500024998748,4,0,316.4841757912104
PROP-10524,Lahore,Wapda Town,House,7.0,Marla,7 Marla,2594,3,4,3.0,2,1,0,0,Gated Community; Backup Generator / Solar; Central Heating / Cooling,3,0.56,2.64,3.6,1.7,2026-10-01,44558000.0,5021421.397969432,1.646984116527085,Modern (2-5y),Tier 2 - Premium,4.5,0.3543586109142452,0.7499812504687383,7,1,864.6378454051531
PROP-12394,Karachi,DHA Defence Phase 7-9,Lower Portion,5.0,Marla,5 Marla,790,1,2,5.5,1,0,0,0,Gated Community; 24/7 Security; Backup Generator / Solar; Underground Utilities; Central Heating / Cooling,5,1.25,0.59,2.99,2.7,2026-10-01,25001000.0,4079991.84001632,0.702222215980247,Established (6-15y),Tier 1 - Ultra Luxury,7.0,0.3408316291751874,0.4999750012499374,3,0,789.92100789921
PROP-13118,Islamabad,Bahria Town Phase 1-8,House,7.0,Marla,7 Marla,2603,4,3,3.3,2,0,0,0,Gated Community; 24/7 Security; Backup Generator / Solar; Underground Utilities; Lawn / Garden,5,4.05,1.59,4.4,1.38,2026-10-01,38154000.0,4207136.846947362,1.6526984022050897,Modern (2-5y),Tier 2 - Premium,6.5,0.2531645569620253,1.3332888903703208,7,0,650.7337316567086
PROP-12594,Karachi,PECHS,House,7.0,Marla,7 Marla,2735,4,4,7.7,2,0,0,0,Gated Community; 24/7 Security,2,0.96,4.23,8.1,0.7,2026-10-01,49031000.0,5557134.918378688,1.7365079254824891,Established (6-15y),Tier 2 - Premium,2.0,0.2631232732535192,0.9999750006249843,8,0,683.7329066773331
PROP-11969,Islamabad,Sector F-8/F-10/F-11,House,10.0,Marla,10 Marla,3507,5,5,2.4,2,0,0,0,Gated Community; 24/7 Security; Backup Generator / Solar; Underground Utilities; Servant Quarter; Lawn / Garden,6,0.87,2.66,3.13,1.35,2026-10-01,98327000.0,7699992.3000077,1.558666659739259,Modern (2-5y),Tier 1 - Ultra Luxury,7.5,0.365697568111172,0.999980000399992,10,0,701.3859722805544
PROP-15200,Lahore,Lake City,House,400.0,Kanal,1 Kanal,3786,6,6,0.7,1,0,0,0,24/7 Security; Backup Generator / Solar; Servant Quarter; Lawn / Garden,4,1.34,2.2,1.44,1.02,2026-10-01,69333000.0,136124.9965968751,0.0420666666619925,Brand New (0-1y),Tier 3 - Affordable/Suburban,5.0,0.4178854993731717,0.9999833336111064,12,0,630.9894835086083
PROP-11754,Faisalabad,D Ground / Peoples Colony,House,5.0,Marla,5 Marla,1813,4,4,0.7,2,0,0,0,24/7 Security; Backup Generator / Solar; Underground Utilities,3,1.13,0.79,6.54,1.82,2026-10-01,38864000.0,6389987.220025561,1.6115555412306175,Brand New (0-1y),Tier 1 - Ultra Luxury,4.5,0.2969121140142517,0.9999750006249843,8,0,453.2386690332742
PROP-15935,Islamabad,Sector G-11/G-13,House,10.0,Marla,10 Marla,5773,6,6,6.2,3,0,1,0,Gated Community; 24/7 Security; Servant Quarter,3,0.97,1.1,1.57,1.29,2026-10-01,79789000.0,6004993.995006005,2.5657777663743206,Established (6-15y),Tier 2 - Premium,3.0,0.4534119247336205,0.9999833336111064,12,1,962.1506308228196
PROP-12297,Karachi,North Nazimabad,Flat,2.5,Marla,2.5 Marla,679,2,2,0.7,1,0,0,0,Gated Community; 24/7 Security; Servant Quarter; Elevator,4,2.47,2.66,3.64,0.76,2026-10-01,11338000.0,3839984.64006144,1.2071110896513584,Brand New (0-1y),Tier 2 - Premium,5.5,0.3106072371486255,0.9999500024998748,4,0,339.48302584870754
PROP-16193,Faisalabad,D Ground / Peoples Colony,House,7.0,Marla,7 Marla,2718,4,4,12.9,2,1,0,1,Gated Community; 24/7 Security; Backup Generator / Solar; Underground Utilities; Servant Quarter; Central Heating / Cooling,6,2.85,1.76,2.12,1.06,2026-10-01,58917000.0,6514276.40817656,1.7257142747573695,Vintage (16y+),Tier 1 - Ultra Luxury,8.0,0.332944897619444,0.9999750006249843,8,2,679.4830129246769
PROP-15243,Islamabad,Bahria Town Phase 1-8,House,3.0,Marla,3 Marla,1093,2,2,0.8,2,0,1,1,Gated Community; 24/7 Security; Underground Utilities,3,1.75,4.61,5.78,1.79,2026-10-01,20211000.0,5316648.944503518,1.6192592352702335,Brand New (0-1y),Tier 2 - Premium,3.5,0.2501876407305479,0.9999500024998748,4,2,546.4726763661816
PROP-12262,Karachi,Clifton,House,3.0,Marla,3 Marla,584,2,3,0.0,1,0,0,0,Gated Community; 24/7 Security,2,0.25,0.36,1.84,1.33,2026-10-01,25440000.0,7366642.111192962,0.8651851723676272,Brand New (0-1y),Tier 1 - Ultra Luxury,2.0,0.5239717055279015,0.6666444451851604,5,0,291.9854007299635
PROP-12287,Lahore,Askari,House,10.0,Marla,10 Marla,3818,5,6,0.9,2,0,0,0,Gated Community; 24/7 Security; Servant Quarter; Lawn / Garden,4,1.15,2.44,2.61,1.09,2026-10-01,59545000.0,4764995.235004765,1.6968888813471603,Brand New (0-1y),Tier 2 - Premium,4.0,0.382043935052531,0.8333194446759221,11,0,763.5847283054339
PROP-15178,Lahore,Bahria Town,House,10.0,Marla,10 Marla,3536,5,5,9.8,2,0,0,0,Gated Community; Backup Generator / Solar; Lawn / Garden,3,1.95,0.81,3.27,0.63,2026-10-01,45197000.0,3714996.285003715,1.571555548570864,Established (6-15y),Tier 2 - Premium,4.0,0.3777861730260672,0.999980000399992,10,0,707.1858562828744
PROP-16496,Karachi,PECHS,Flat,3.5,Marla,3.5 Marla,903,1,1,11.6,1,0,0,0,Gated Community; 24/7 Security; Underground Utilities; Elevator,4,0.89,1.36,2.3,0.76,2026-10-01,15017000.0,3457132.979620058,1.1466666521058204,Established (6-15y),Tier 2 - Premium,6.0,0.4538234626730202,0.999900009999,2,0,902.9097090290971
PROP-14204,Lahore,Wapda Town,Flat,2.5,Marla,2.5 Marla,731,2,2,0.8,1,1,0,1,24/7 Security; Underground Utilities; Elevator,3,0.67,0.96,3.52,2.09,2026-10-01,11143000.0,3659985.36005856,1.2995555324523462,Brand New (0-1y),Tier 2 - Premium,5.0,0.3690717844620778,0.9999500024998748,4,2,365.4817259137043
PROP-12879,Islamabad,DHA Defence Phase 2,House,3.0,Marla,3 Marla,1129,2,2,0.0,2,1,0,0,Gated Community; 24/7 Security,2,0.87,0.98,2.51,0.88,2026-10-01,18566000.0,4949983.500054999,1.6725925678134437,Brand New (0-1y),Tier 2 - Premium,2.0,0.4509582863585117,0.9999500024998748,4,1,564.4717764111793
PROP-14145,Lahore,DHA Defence Phase 7-9,House,400.0,Kanal,1 Kanal,7532,7,7,1.4,2,1,1,0,Gated Community; 24/7 Security; Servant Quarter; Lawn / Garden; Central Heating / Cooling,5,0.6,1.39,1.35,0.96,2026-10-01,102723000.0,219999.99450000012,0.0836888888795901,Modern (2-5y),Tier 2 - Premium,5.5,0.5059448520111307,0.999985714489793,14,2,1075.9846287910173
PROP-13646,Islamabad,Bahria Town Phase 1-8,House,10.0,Marla,10 Marla,3386,5,6,0.0,2,0,0,0,Gated Community; 24/7 Security; Backup Generator / Solar; Lawn / Garden,4,0.49,1.64,2.81,2.09,2026-10-01,50937000.0,4074995.9250040753,1.5048888822004938,Brand New (0-1y),Tier 2 - Premium,5.0,0.3836562440053712,0.8333194446759221,11,0,677.1864562708746
PROP-14435,Lahore,Gulberg,House,10.0,Marla,10 Marla,1832,4,4,1.9,1,0,1,0,24/7 Security; Backup Generator / Solar; Underground Utilities; Servant Quarter; Lawn / Garden,5,1.71,3.37,2.63,5.06,2026-10-01,64435000.0,5624994.375005625,0.8142222186034568,Modern (2-5y),Tier 1 - Ultra Luxury,6.5,0.2410800385728062,0.9999750006249843,8,1,457.98855028624286
PROP-15148,Karachi,Gulshan-e-Iqbal,Upper Portion,400.0,Kanal,1 Kanal,3313,5,5,4.5,1,0,0,0,Gated Community; 24/7 Security; Backup Generator / Solar; Underground Utilities; Central Heating / Cooling,5,3.69,9.08,1.57,1.05,2026-10-01,49467000.0,107999.99730000008,0.0368111111070209,Established (6-15y),Tier 2 - Premium,7.0,0.2335084646818447,0.999980000399992,10,0,662.5867482650348
PROP-15379,Lahore,Allama Iqbal Town,Flat,7.5,Marla,7.5 Marla,1924,5,4,1.7,1,0,0,0,24/7 Security; Backup Generator / Solar; Underground Utilities; Servant Quarter; Elevator,5,0.64,0.28,2.23,2.46,2026-10-01,23149000.0,2419996.773337636,1.1401481413917147,Modern (2-5y),Tier 3 - Affordable/Suburban,8.0,0.4081632653061224,1.2499687507812305,9,0,384.7923041539169
PROP-12056,Karachi,North Nazimabad,House,7.0,Marla,7 Marla,2445,4,4,7.1,2,0,0,0,Gated Community; 24/7 Security; Backup Generator / Solar; Underground Utilities; Swimming Pool,5,0.5,1.17,3.15,0.98,2026-10-01,40141000.0,4628564.816335977,1.5523809425245654,Established (6-15y),Tier 2 - Premium,8.5,0.4396570674873599,0.9999750006249843,8,0,611.2347191320217
PROP-14723,Lahore,Johar Town,House,3.0,Marla,3 Marla,1177,3,3,5.5,2,0,0,0,Gated Community; 24/7 Security; Underground Utilities,3,2.31,0.46,2.22,0.95,2026-10-01,15457000.0,4083319.722267592,1.7437036778710566,Established (6-15y),Tier 2 - Premium,3.5,0.3836562440053712,0.9999666677777408,6,0,392.3202559914669
PROP-15989,Faisalabad,D Ground / Peoples Colony,Flat,2.5,Marla,2.5 Marla,772,2,1,0.0,1,0,0,1,Gated Community; 24/7 Security; Underground Utilities; Central Heating / Cooling,4,1.54,2.6,3.44,0.59,2026-10-01,12995000.0,4399982.4000704,1.3724444200454329,Brand New (0-1y),Tier 1 - Ultra Luxury,5.0,0.3579098067287043,1.999800019998,3,1,385.9807009649517
PROP-11277,Rawalpindi,Chaklala Scheme 3,House,400.0,Kanal,1 Kanal,7574,5,6,3.1,2,0,0,0,Gated Community; 24/7 Security; Underground Utilities; Servant Quarter; Lawn / Garden,5,1.06,3.66,4.18,0.84,2026-10-01,101793000.0,217624.9945593752,0.0841555555462049,Modern (2-5y),Tier 2 - Premium,5.5,0.3324468085106383,0.8333194446759221,11,0,1514.769704605908
PROP-15814,Karachi,Bahria Town Karachi,House,400.0,Kanal,1 Kanal,7579,6,6,3.1,2,0,0,0,24/7 Security; Servant Quarter; Lawn / Garden; Swimming Pool,4,0.35,1.71,4.7,1.07,2026-10-01,58330000.0,120749.99698125008,0.0842111111017543,Modern (2-5y),Tier 3 - Affordable/Suburban,6.0,0.3787878787878788,0.9999833336111064,12,0,1263.1456142397626
PROP-12767,Islamabad,Sector F-6/F-7/E-7,House,400.0,Kanal,1 Kanal,7817,5,5,3.5,2,0,0,1,Gated Community; 24/7 Security; Backup Generator / Solar; Underground Utilities; Lawn / Garden,5,1.33,0.98,1.79,1.76,2026-10-01,246686000.0,505249.9873687503,0.0868555555459049,Modern (2-5y),Tier 1 - Ultra Luxury,6.5,0.4002401440864518,0.999980000399992,10,1,1563.3687326253475
PROP-10303,Lahore,Johar Town,House,5.0,Marla,5 Marla,1696,2,2,9.9,2,0,1,0,Gated Community; 24/7 Security,2,0.29,0.83,4.41,4.05,2026-10-01,29575000.0,4529990.94001812,1.507555542155062,Established (6-15y),Tier 2 - Premium,2.0,0.3009328919650917,0.9999500024998748,4,1,847.9576021198939
PROP-10639,Lahore,DHA Defence Phase 5-6,House,800.0,Kanal,2 Kanal,7367,5,5,3.0,1,0,0,0,Gated Community; 24/7 Security; Underground Utilities; Servant Quarter; Lawn / Garden; Swimming Pool,6,6.2,0.85,3.53,2.18,2026-10-01,210464000.0,205499.99743125003,0.040927777775504,Modern (2-5y),Tier 1 - Ultra Luxury,8.5,0.2147074610842727,0.999980000399992,10,0,1473.3705325893484
PROP-10056,Karachi,Clifton,Flat,3.5,Marla,3.5 Marla,1026,2,1,4.8,1,1,1,1,24/7 Security; Backup Generator / Solar; Underground Utilities; Central Heating / Cooling; Elevator,5,3.53,4.2,4.39,2.96,2026-10-01,25600000.0,6099982.571478367,1.3028571263129254,Established (6-15y),Tier 1 - Ultra Luxury,8.5,0.2159127712404188,1.999800019998,3,3,512.9743512824358
PROP-14824,Faisalabad,Canal Road Villas,Lower Portion,10.0,Marla,10 Marla,1625,3,2,5.6,1,0,0,0,Gated Community; 24/7 Security; Backup Generator / Solar; Underground Utilities,4,0.75,2.5,5.39,1.5,2026-10-01,23384000.0,1914998.085001915,0.7222222190123456,Established (6-15y),Tier 2 - Premium,5.5,0.315905860053704,1.4999250037498124,5,0,541.6486117129429
PROP-10526,Karachi,DHA Defence Phase 7-9,Flat,5.0,Marla,5 Marla,1322,2,2,0.0,1,1,0,1,24/7 Security; Underground Utilities; Elevator,3,0.72,0.84,2.07,1.41,2026-10-01,31009000.0,5099989.8000204,1.1751111006656791,Brand New (0-1y),Tier 1 - Ultra Luxury,5.0,0.4514672686230249,0.9999500024998748,4,2,660.9669516524173
PROP-14572,Rawalpindi,Saddar Cantt,Flat,5.0,Marla,5 Marla,1461,2,2,0.9,1,0,0,1,Gated Community; 24/7 Security; Underground Utilities; Elevator,4,1.8,3.8,4.47,1.28,2026-10-01,23441000.0,4289991.4200171605,1.298666655122963,Brand New (0-1y),Tier 1 - Ultra Luxury,6.0,0.2875215641173088,0.9999500024998748,4,1,730.4634768261586
PROP-14125,Lahore,Askari,House,800.0,Kanal,2 Kanal,13530,6,7,4.4,2,1,1,0,Gated Community; 24/7 Security; Lawn / Garden,3,1.6,3.32,2.43,1.12,2026-10-01,258712000.0,261999.9967250001,0.0751666666624907,Modern (2-5y),Tier 2 - Premium,3.0,0.3472222222222222,0.8571306124198226,13,2,2254.9624172930453
PROP-12126,Rawalpindi,Bahria Town,House,10.0,Marla,10 Marla,3466,6,5,2.4,2,1,1,0,Gated Community; 24/7 Security; Backup Generator / Solar; Lawn / Garden,4,3.9,1.03,3.43,0.83,2026-10-01,48377000.0,4224995.775004225,1.5404444375980246,Modern (2-5y),Tier 2 - Premium,5.0,0.2894774931249095,1.1999760004799904,11,2,577.6570390493492
PROP-13288,Karachi,Bahria Town Karachi,Flat,3.5,Marla,3.5 Marla,1003,3,2,2.5,1,0,1,0,24/7 Security; Backup Generator / Solar; Elevator,3,1.94,4.62,2.15,1.46,2026-10-01,11039000.0,2699992.2857363266,1.2736507774774506,Modern (2-5y),Tier 3 - Affordable/Suburban,5.5,0.308641975308642,1.4999250037498124,5,1,334.322189260358
PROP-10365,Karachi,DHA Defence Phase 7-9,Flat,2.5,Marla,2.5 Marla,782,2,3,1.7,1,0,0,0,Gated Community; 24/7 Security; Backup Generator / Solar; Underground Utilities; Elevator,5,4.48,2.09,3.04,3.07,2026-10-01,16634000.0,5559977.76008896,1.390222197507161,Modern (2-5y),Tier 1 - Ultra Luxury,8.0,0.2267316630767486,0.6666444451851604,5,0,390.9804509774511
PROP-14624,Islamabad,Sector F-6/F-7/E-7,House,10.0,Marla,10 Marla,3464,4,4,2.2,2,0,0,0,Gated Community; 24/7 Security; Backup Generator / Solar; Underground Utilities; Servant Quarter,5,0.26,1.41,2.05,0.55,2026-10-01,118370000.0,8809991.19000881,1.5395555487130863,Modern (2-5y),Tier 1 - Ultra Luxury,6.5,0.5326231691078562,0.9999750006249843,8,0,865.9783505412365
PROP-15434,Lahore,DHA Defence Phase 5-6,Flat,3.5,Marla,3.5 Marla,1081,2,2,0.0,1,0,1,0,24/7 Security; Underground Utilities,2,2.1,0.6,2.1,0.24,2026-10-01,16708000.0,3757132.12247965,1.372698395267322,Brand New (0-1y),Tier 1 - Ultra Luxury,2.5,0.4315925766076823,0.9999500024998748,4,1,540.4729763511824
PROP-14981,Lahore,DHA Defence Phase 5-6,Upper Portion,10.0,Marla,10 Marla,1836,4,4,28.1,1,0,0,0,Gated Community; 24/7 Security; Backup Generator / Solar; Underground Utilities,4,1.91,5.09,4.37,1.59,2026-10-01,32970000.0,2699997.3000027,0.8159999963733333,Vintage (16y+),Tier 1 - Ultra Luxury,5.5,0.2643404705260375,0.9999750006249843,8,0,458.9885252868679
PROP-15129,Karachi,Bahria Town Karachi,Flat,5.0,Marla,5 Marla,1565,2,2,0.7,1,0,0,1,Gated Community; Backup Generator / Solar; Underground Utilities; Elevator,4,1.11,3.78,3.51,0.22,2026-10-01,16919000.0,2749994.5000110003,1.3911110987456792,Brand New (0-1y),Tier 3 - Affordable/Suburban,7.0,0.367174591518267,0.9999500024998748,4,1,782.4608769561521
PROP-15125,Lahore,Johar Town,House,5.0,Marla,5 Marla,1791,3,3,0.0,2,0,0,0,24/7 Security,1,0.74,3.29,3.17,1.53,2026-10-01,28763000.0,4419991.16001768,1.5919999858488891,Brand New (0-1y),Tier 2 - Premium,1.0,0.3514320857494289,0.9999666677777408,6,0,596.9801006633112
PROP-11647,Rawalpindi,Satellite Town,Flat,2.5,Marla,2.5 Marla,702,2,2,3.4,1,0,1,1,24/7 Security; Backup Generator / Solar; Elevator,3,0.35,3.73,4.65,1.31,2026-10-01,13636000.0,4519981.92007232,1.2479999778133335,Modern (2-5y),Tier 2 - Premium,5.5,0.3327787021630616,0.9999500024998748,4,2,350.9824508774561
PROP-10919,Faisalabad,Canal Road Villas,House,10.0,Marla,10 Marla,3558,5,5,1.9,2,1,0,0,Gated Community; 24/7 Security; Backup Generator / Solar; Underground Utilities; Servant Quarter; Lawn / Garden; Central Heating / Cooling,7,1.09,1.92,2.67,1.2,2026-10-01,55557000.0,4544995.455004545,1.581333326305185,Modern (2-5y),Tier 2 - Premium,9.0,0.3900916715428125,0.999980000399992,10,1,711.5857682846344
PROP-12798,Lahore,Lake City,Flat,5.0,Marla,5 Marla,1422,3,3,3.6,1,0,0,0,Backup Generator / Solar; Elevator,2,3.36,3.79,2.87,0.67,2026-10-01,12119000.0,1989996.02000796,1.2639999887644446,Modern (2-5y),Tier 3 - Affordable/Suburban,4.5,0.2841312686461145,0.9999666677777408,6,0,473.9842005266491
PROP-15873,Faisalabad,Canal Road Villas,House,7.0,Marla,7 Marla,2394,3,4,15.3,2,1,0,0,Gated Community; 24/7 Security; Underground Utilities,3,1.17,1.63,3.47,0.33,2026-10-01,36315000.0,4157136.918375831,1.5199999903492063,Vintage (16y+),Tier 2 - Premium,3.5,0.4086636697997547,0.7499812504687383,7,1,797.973400886637
PROP-11532,Lahore,Johar Town,Flat,5.0,Marla,5 Marla,1540,3,4,16.2,1,0,0,0,Gated Community; 24/7 Security; Underground Utilities; Elevator,4,0.9,9.97,2.9,0.78,2026-10-01,20293000.0,3219993.56001288,1.3688888767209877,Vintage (16y+),Tier 2 - Premium,6.0,0.2759001241550558,0.7499812504687383,7,0,513.3162227925735
PROP-13347,Faisalabad,D Ground / Peoples Colony,House,5.0,Marla,5 Marla,1824,5,5,10.8,2,0,0,0,Gated Community; 24/7 Security; Underground Utilities,3,0.54,3.3,2.31,1.37,2026-10-01,35100000.0,5589988.82002236,1.6213333189214816,Established (6-15y),Tier 1 - Ultra Luxury,3.5,0.3910833007430583,0.999980000399992,10,0,364.792704145917
PROP-11907,Karachi,DHA Defence Phase 7-9,Lower Portion,7.0,Marla,7 Marla,1126,2,2,0.0,1,0,0,0,Gated Community; Backup Generator / Solar; Underground Utilities,3,1.4,2.3,6.34,1.45,2026-10-01,34091000.0,3949994.3571509183,0.7149206303814564,Brand New (0-1y),Tier 1 - Ultra Luxury,4.5,0.2826455624646692,0.9999500024998748,4,0,562.9718514074295
PROP-13087,Karachi,North Nazimabad,Flat,5.0,Marla,5 Marla,1366,2,2,0.0,1,0,0,0,Gated Community; 24/7 Security; Backup Generator / Solar; Underground Utilities; Elevator,5,2.75,4.68,4.23,3.0,2026-10-01,16866000.0,2699994.6000108,1.214222211429136,Brand New (0-1y),Tier 2 - Premium,8.0,0.2267316630767486,0.9999500024998748,4,0,682.9658517074146
PROP-15314,Lahore,DHA Defence Phase 7-9,House,3.0,Marla,3 Marla,1076,3,3,4.4,2,0,0,0,Gated Community; 24/7 Security; Backup Generator / Solar; Underground Utilities,4,2.01,1.36,3.6,3.28,2026-10-01,15954000.0,4349985.500048333,1.5940740504581623,Established (6-15y),Tier 2 - Premium,5.5,0.2768932576491762,0.9999666677777408,6,0,358.65471150961633
PROP-15753,Islamabad,DHA Defence Phase 2,Upper Portion,400.0,Kanal,1 Kanal,3561,5,5,1.7,1,0,0,0,Gated Community; 24/7 Security; Underground Utilities,3,2.55,1.99,6.02,5.38,2026-10-01,52812000.0,99749.99750625007,0.0395666666622703,Modern (2-5y),Tier 2 - Premium,3.5,0.1996406468356957,0.999980000399992,10,0,712.1857562848743
PROP-14583,Islamabad,Bahria Town Phase 1-8,House,5.0,Marla,5 Marla,863,1,1,1.7,1,0,0,0,Gated Community; 24/7 Security; Backup Generator / Solar,3,0.89,1.17,3.02,2.8,2026-10-01,20624000.0,3229993.5400129203,0.7671111042923457,Modern (2-5y),Tier 2 - Premium,4.0,0.3411804844762879,0.999900009999,2,0,862.9137086291371
PROP-12076,Karachi,Clifton,House,10.0,Marla,10 Marla,3728,6,6,15.8,2,0,0,0,Gated Community; Backup Generator / Solar; Servant Quarter; Lawn / Garden; Central Heating / Cooling,5,0.63,4.71,5.53,1.96,2026-10-01,99264000.0,7694992.305007695,1.656888881524938,Vintage (16y+),Tier 1 - Ultra Luxury,6.5,0.276166804750069,0.9999833336111064,12,0,621.3229779503675
PROP-10714,Karachi,DHA Defence Phase 7-9,House,10.0,Marla,10 Marla,3502,6,6,3.7,2,0,1,1,Gated Community; 24/7 Security; Backup Generator / Solar; Underground Utilities; Servant Quarter; Lawn / Garden,6,2.6,1.34,3.66,2.55,2026-10-01,98454000.0,8339991.66000834,1.5564444375269135,Modern (2-5y),Tier 1 - Ultra Luxury,7.5,0.2771618625277162,0.9999833336111064,12,2,583.6569390510158
PROP-11063,Islamabad,Sector F-8/F-10/F-11,House,3.0,Marla,3 Marla,585,2,3,2.7,1,0,0,0,Backup Generator / Solar; Underground Utilities; Lawn / Garden; Central Heating / Cooling,4,1.11,1.39,0.74,0.84,2026-10-01,29636000.0,7366642.111192962,0.8666666538271607,Modern (2-5y),Tier 1 - Ultra Luxury,6.0,0.5007511266900351,0.6666444451851604,5,0,292.4853757312134
PROP-11977,Karachi,Bahria Town Karachi,Flat,5.0,Marla,5 Marla,1565,3,3,0.0,1,1,0,1,Gated Community; 24/7 Security; Underground Utilities; Servant Quarter; Elevator,5,0.77,2.23,2.27,2.0,2026-10-01,15682000.0,2579994.8400103203,1.3911110987456792,Brand New (0-1y),Tier 3 - Affordable/Suburban,7.0,0.3762227238525207,0.9999666677777408,6,2,521.6492783573881
PROP-11297,Islamabad,DHA Defence Phase 2,House,3.0,Marla,3 Marla,1153,2,2,4.4,2,0,1,0,Gated Community; 24/7 Security; Underground Utilities; Lawn / Garden,4,0.31,0.87,1.75,1.37,2026-10-01,19495000.0,5233315.888947037,1.70814812284225,Modern (2-5y),Tier 2 - Premium,4.5,0.5,0.9999500024998748,4,1,576.4711764411779
PROP-15353,Karachi,PECHS,Penthouse,5.0,Marla,5 Marla,3666,5,6,14.7,1,1,0,0,Gated Community; 24/7 Security; Underground Utilities; Central Heating / Cooling; Elevator,5,0.76,4.01,1.79,3.51,2026-10-01,34708000.0,5839988.320023361,3.258666637700741,Vintage (16y+),Tier 2 - Premium,7.5,0.3050175385084642,0.8333194446759221,11,1,733.1853362932742
PROP-16232,Karachi,Bahria Town Karachi,House,5.0,Marla,5 Marla,1783,3,3,2.8,2,0,0,1,24/7 Security,1,1.31,3.32,3.76,4.83,2026-10-01,16373000.0,2739994.5200109603,1.5848888748009875,Modern (2-5y),Tier 3 - Affordable/Suburban,1.0,0.2405291641611545,0.9999666677777408,6,1,594.3135228825705
PROP-10126,Islamabad,Sector F-6/F-7/E-7,House,5.0,Marla,5 Marla,858,2,2,0.9,1,0,0,0,Gated Community; 24/7 Security; Underground Utilities; Lawn / Garden; Central Heating / Cooling,5,2.7,1.0,2.34,1.34,2026-10-01,55060000.0,8559982.88003424,0.7626666598874074,Brand New (0-1y),Tier 1 - Ultra Luxury,6.0,0.3372681281618887,0.9999500024998748,4,0,428.9785510724464
PROP-14635,Karachi,DHA Defence Phase 7-9,Flat,7.5,Marla,7.5 Marla,2330,3,3,9.7,1,1,0,1,24/7 Security; Backup Generator / Solar; Underground Utilities; Elevator,4,2.42,2.19,1.88,2.07,2026-10-01,39926000.0,4333327.55556326,1.3807407325585734,Established (6-15y),Tier 1 - Ultra Luxury,7.0,0.3152088258471237,0.9999666677777408,6,2,776.6407786407119
PROP-16291,Lahore,DHA Defence Phase 5-6,Lower Portion,10.0,Marla,10 Marla,1697,2,3,8.2,1,0,0,0,Gated Community; 24/7 Security; Underground Utilities,3,0.8,1.21,1.73,1.9,2026-10-01,33516000.0,2744997.255002745,0.7542222188701234,Established (6-15y),Tier 1 - Ultra Luxury,3.5,0.4206098843322818,0.6666444451851604,5,0,848.4575771211438
PROP-13598,Karachi,Gulshan-e-Iqbal,Flat,7.5,Marla,7.5 Marla,2088,4,4,10.0,1,0,1,0,Gated Community; 24/7 Security; Underground Utilities; Elevator,4,0.76,1.94,2.22,1.94,2026-10-01,27395000.0,3026662.631116492,1.2373333260009878,Established (6-15y),Tier 2 - Premium,6.0,0.3871467286101432,0.9999750006249843,8,1,521.9869503262419
PROP-13284,Islamabad,Sector F-8/F-10/F-11,Flat,2.5,Marla,2.5 Marla,764,1,1,3.6,1,1,0,0,Gated Community; 24/7 Security; Backup Generator / Solar; Underground Utilities; Swimming Pool; Elevator,6,1.41,3.55,4.1,0.88,2026-10-01,21862000.0,6439974.240103039,1.3582221980760498,Modern (2-5y),Tier 1 - Ultra Luxury,11.0,0.3215434083601286,0.999900009999,2,1,763.9236076392361
PROP-16171,Karachi,DHA Defence Phase 7-9,House,400.0,Kanal,1 Kanal,3919,5,5,0.7,1,0,0,0,Gated Community; 24/7 Security; Backup Generator / Solar; Underground Utilities; Servant Quarter; Lawn / Garden,6,0.34,2.92,2.66,1.04,2026-10-01,187986000.0,368249.9907937503,0.0435444444396061,Brand New (0-1y),Tier 1 - Ultra Luxury,7.5,0.4164931278633902,0.999980000399992,10,0,783.7843243135138
PROP-11604,Karachi,DHA Defence Phase 7-9,Penthouse,400.0,Kanal,1 Kanal,4775,4,3,0.0,2,0,0,1,Gated Community; 24/7 Security; Backup Generator / Solar; Underground Utilities; Swimming Pool,5,1.01,3.82,4.25,0.72,2026-10-01,127347000.0,259874.9935031252,0.0530555555496604,Brand New (0-1y),Tier 1 - Ultra Luxury,8.5,0.3341687552213868,1.3332888903703208,7,1,1193.7201569960753
PROP-10067,Lahore,Lake City,House,5.0,Marla,5 Marla,2679,4,5,0.0,3,0,0,0,24/7 Security; Backup Generator / Solar,2,0.78,5.33,3.77,0.54,2026-10-01,24608000.0,3949992.1000158,2.381333312165926,Brand New (0-1y),Tier 3 - Affordable/Suburban,3.0,0.3346160281077463,0.7999840003199936,9,0,669.7332566685833
PROP-10233,Karachi,PECHS,Flat,3.5,Marla,3.5 Marla,927,1,1,0.9,1,0,0,0,Gated Community; 24/7 Security; Underground Utilities; Lawn / Garden; Elevator,5,1.76,1.25,4.61,1.38,2026-10-01,15884000.0,3742846.4490101454,1.1771428421950116,Brand New (0-1y),Tier 2 - Premium,7.0,0.3185220576524924,0.999900009999,2,0,926.9073092690732
PROP-12157,Lahore,Bahria Town,Flat,3.5,Marla,3.5 Marla,921,2,1,1.8,1,0,0,0,Gated Community; Underground Utilities,2,1.08,1.16,4.34,1.83,2026-10-01,10282000.0,2314279.1020597084,1.1695237946727135,Modern (2-5y),Tier 2 - Premium,2.5,0.3368137420006736,1.999800019998,3,0,460.4769761511924
PROP-11170,Islamabad,Sector F-6/F-7/E-7,Upper Portion,7.0,Marla,7 Marla,1232,3,3,4.4,1,0,1,0,Gated Community; Backup Generator / Solar; Underground Utilities,3,1.04,0.56,1.08,2.07,2026-10-01,42244000.0,4921421.540826371,0.7822222172557319,Modern (2-5y),Tier 1 - Ultra Luxury,4.5,0.437636761487965,0.9999666677777408,6,1,410.6529782340588
PROP-12159,Rawalpindi,Adiala Road,Flat,5.0,Marla,5 Marla,1536,2,2,3.5,1,1,1,1,Backup Generator / Solar; Lawn / Garden; Elevator,3,1.24,8.44,2.05,0.32,2026-10-01,15271000.0,2629994.74001052,1.365333321197037,Modern (2-5y),Tier 3 - Affordable/Suburban,5.5,0.3119151590767312,0.9999500024998748,4,3,767.961601919904
PROP-16374,Lahore,Johar Town,House,5.0,Marla,5 Marla,875,2,3,1.7,1,0,0,0,Gated Community; 24/7 Security; Underground Utilities,3,1.25,1.49,8.84,2.41,2026-10-01,23997000.0,4079991.84001632,0.7777777708641976,Modern (2-5y),Tier 2 - Premium,3.5,0.2408477842003854,0.6666444451851604,5,0,437.47812609369527
PROP-14208,Islamabad,Sector E-11,Flat,3.5,Marla,3.5 Marla,884,1,1,1.9,1,0,0,1,Gated Community; Backup Generator / Solar; Underground Utilities; Servant Quarter,4,0.52,1.74,4.53,1.01,2026-10-01,16003000.0,3557132.693906589,1.122539668285211,Modern (2-5y),Tier 2 - Premium,5.5,0.3770739064856712,0.999900009999,2,1,883.9116088391161
PROP-11494,Lahore,Lake City,House,10.0,Marla,10 Marla,1904,3,3,0.0,1,0,0,1,Backup Generator / Solar; Underground Utilities; Servant Quarter; Lawn / Garden,4,0.44,0.51,1.13,0.68,2026-10-01,36345000.0,2859997.14000286,0.8462222184612345,Brand New (0-1y),Tier 3 - Affordable/Suburban,5.5,0.6022282445046673,0.9999666677777408,6,1,634.6455118162728
PROP-16180,Lahore,Johar Town,House,5.0,Marla,5 Marla,2844,4,4,1.6,3,0,0,0,Gated Community; 24/7 Security,2,0.61,2.58,8.65,0.64,2026-10-01,30801000.0,5029989.940020121,2.5279999775288893,Modern (2-5y),Tier 2 - Premium,2.0,0.2838892831795599,0.9999750006249843,8,0,710.982225444364
PROP-14721,Islamabad,Bahria Town Phase 1-8,House,7.0,Marla,7 Marla,2368,4,4,6.7,2,0,0,1,Gated Community; 24/7 Security; Underground Utilities; Servant Quarter,4,1.74,5.01,1.98,2.12,2026-10-01,40562000.0,4342850.938784373,1.5034920539460823,Established (6-15y),Tier 2 - Premium,4.5,0.2947678703021371,0.9999750006249843,8,1,591.9852003699908
PROP-14009,Karachi,North Nazimabad,Flat,3.5,Marla,3.5 Marla,879,2,1,4.5,1,0,0,0,Gated Community; 24/7 Security; Backup Generator / Solar; Underground Utilities; Central Heating / Cooling; Elevator,6,0.88,1.95,5.9,0.98,2026-10-01,14027000.0,3457132.979620058,1.1161904620166292,Modern (2-5y),Tier 2 - Premium,9.5,0.3252561392096276,1.999800019998,3,0,439.478026098695
PROP-12473,Lahore,Johar Town,Lower Portion,5.0,Marla,5 Marla,891,1,2,9.7,1,0,0,0,Gated Community; 24/7 Security; Backup Generator / Solar,3,1.59,1.72,2.98,0.87,2026-10-01,15104000.0,2549994.9000102,0.7919999929600001,Established (6-15y),Tier 2 - Premium,4.0,0.3743215422047539,0.4999750012499374,3,0,890.9109089091091
PROP-12661,Karachi,Bahria Town Karachi,Penthouse,5.0,Marla,5 Marla,3708,5,5,0.8,2,0,0,1,Gated Community; Elevator,2,2.25,4.97,1.94,1.01,2026-10-01,23421000.0,3849992.3000154,3.2959999707022227,Brand New (0-1y),Tier 3 - Affordable/Suburban,3.5,0.3101736972704715,0.999980000399992,10,1,741.5851682966342
PROP-15640,Karachi,DHA Defence Phase 7-9,House,10.0,Marla,10 Marla,3709,4,4,2.1,2,0,0,0,Gated Community; 24/7 Security; Backup Generator / Solar; Underground Utilities; Servant Quarter; Lawn / Garden; Central Heating / Cooling,7,2.23,0.45,1.26,1.6,2026-10-01,86761000.0,6944993.0550069455,1.648444437118025,Modern (2-5y),Tier 1 - Ultra Luxury,9.0,0.3875968992248061,0.9999750006249843,8,0,927.2268193295168
PROP-12740,Karachi,PECHS,House,7.0,Marla,7 Marla,2582,4,4,5.5,2,0,1,0,Gated Community; 24/7 Security; Backup Generator / Solar; Servant Quarter,4,1.35,1.59,2.31,1.09,2026-10-01,49577000.0,5557134.918378688,1.6393650689564123,Established (6-15y),Tier 2 - Premium,5.0,0.4,0.9999750006249843,8,1,645.4838629034275
PROP-15404,Islamabad,Bahria Town Phase 1-8,Lower Portion,400.0,Kanal,1 Kanal,3247,5,5,3.5,1,1,0,0,24/7 Security; Underground Utilities,2,0.2,1.71,4.69,2.21,2026-10-01,49426000.0,98874.99752812508,0.0360777777737691,Modern (2-5y),Tier 2 - Premium,2.5,0.3415883859948762,0.999980000399992,10,1,649.3870122597548
PROP-11762,Lahore,DHA Defence Phase 7-9,Flat,7.5,Marla,7.5 Marla,2076,4,4,2.6,1,0,0,0,Gated Community; 24/7 Security; Elevator,3,1.74,1.03,0.87,2.49,2026-10-01,24287000.0,2513329.9822266903,1.2302222149320166,Modern (2-5y),Tier 2 - Premium,4.5,0.3725088470851183,0.9999750006249843,8,0,518.9870253243669
PROP-13516,Lahore,Wapda Town,Upper Portion,10.0,Marla,10 Marla,1678,3,4,10.4,1,0,0,0,Gated Community; 24/7 Security; Backup Generator / Solar; Swimming Pool,4,0.12,1.36,5.35,2.06,2026-10-01,26969000.0,2169997.83000217,0.7457777744632098,Established (6-15y),Tier 2 - Premium,7.0,0.3408316291751874,0.7499812504687383,7,0,559.3146895103496
PROP-11976,Lahore,Gulberg,House,5.0,Marla,5 Marla,933,1,2,7.3,1,1,0,0,Gated Community; 24/7 Security,2,4.19,0.92,2.16,3.68,2026-10-01,36378000.0,5879988.240023521,0.8293333259614816,Established (6-15y),Tier 1 - Ultra Luxury,2.0,0.2415167250332086,0.4999750012499374,3,1,932.9067093290672
PROP-12363,Karachi,Clifton,Flat,3.5,Marla,3.5 Marla,873,1,1,2.3,1,0,0,0,24/7 Security; Backup Generator / Solar; Underground Utilities; Central Heating / Cooling; Elevator,5,0.94,2.98,1.6,4.56,2026-10-01,22681000.0,5214270.816369096,1.1085714144943313,Modern (2-5y),Tier 1 - Ultra Luxury,8.5,0.2886836027713625,0.999900009999,2,0,872.9127087291271
PROP-10877,Lahore,Gulberg,Farmhouse,800.0,Kanal,2 Kanal,5072,7,7,1.8,2,0,0,0,Gated Community; 24/7 Security; Backup Generator / Solar; Underground Utilities; Servant Quarter; Lawn / Garden,6,2.43,0.31,1.3,1.36,2026-10-01,283754000.0,279062.4965117188,0.0281777777762123,Modern (2-5y),Tier 1 - Ultra Luxury,7.5,0.3898635477582845,0.999985714489793,14,0,724.56107769889
PROP-16088,Lahore,Gulberg,House,7.0,Marla,7 Marla,2597,3,3,9.0,2,0,0,1,Gated Community; 24/7 Security; Backup Generator / Solar; Central Heating / Cooling,4,0.36,2.45,1.77,2.43,2026-10-01,67206000.0,8135702.66328191,1.6488888784197533,Established (6-15y),Tier 1 - Ultra Luxury,5.5,0.388123423248593,0.9999666677777408,6,1,865.6378120729308
PROP-13814,Lahore,Johar Town,House,400.0,Kanal,1 Kanal,7245,5,5,0.0,2,0,0,0,Gated Community; 24/7 Security; Underground Utilities; Servant Quarter,4,2.42,4.54,0.93,1.4,2026-10-01,131899000.0,252749.99368125017,0.0804999999910555,Brand New (0-1y),Tier 2 - Premium,4.5,0.3190810465858328,0.999980000399992,10,0,1448.9710205795884
PROP-13450,Lahore,Bahria Town,House,5.0,Marla,5 Marla,1723,3,3,2.8,2,1,0,0,Lawn / Garden,1,0.56,1.84,4.3,1.67,2026-10-01,26795000.0,4119991.760016481,1.5315555419417286,Modern (2-5y),Tier 2 - Premium,1.0,0.3529827038475114,0.9999666677777408,6,1,574.3141895270157
PROP-11313,Islamabad,Sector F-6/F-7/E-7,Flat,3.5,Marla,3.5 Marla,998,2,2,3.6,1,0,0,1,24/7 Security; Backup Generator / Solar; Underground Utilities; Lawn / Garden; Central Heating / Cooling,5,0.4,1.86,2.37,0.98,2026-10-01,30075000.0,6914265.959240116,1.2673015712088689,Modern (2-5y),Tier 1 - Ultra Luxury,7.0,0.4572473708276178,0.9999500024998748,4,1,498.9750512474376
PROP-11461,Rawalpindi,Adiala Road,House,5.0,Marla,5 Marla,1944,3,3,9.9,2,0,1,0,24/7 Security; Backup Generator / Solar; Lawn / Garden,3,0.57,0.9,1.63,1.26,2026-10-01,14593000.0,2459995.08000984,1.7279999846400005,Established (6-15y),Tier 3 - Affordable/Suburban,4.0,0.4905567819475104,0.9999666677777408,6,1,647.978400719976
PROP-12710,Karachi,Gulshan-e-Iqbal,House,10.0,Marla,10 Marla,3603,5,5,1.8,2,0,0,1,Gated Community; 24/7 Security; Servant Quarter; Lawn / Garden,4,1.3,0.4,3.43,0.47,2026-10-01,71126000.0,5794994.205005795,1.601333326216296,Modern (2-5y),Tier 2 - Premium,4.0,0.4269854824935952,0.999980000399992,10,1,720.5855882882342
PROP-12325,Islamabad,DHA Defence Phase 2,House,5.0,Marla,5 Marla,1808,4,4,8.2,2,0,0,0,Gated Community; 24/7 Security,2,0.48,1.36,2.02,0.54,2026-10-01,28920000.0,4519990.960018081,1.6071110968256792,Established (6-15y),Tier 2 - Premium,2.0,0.5159958720330238,0.9999750006249843,8,0,451.98870028249297
PROP-11734,Karachi,Clifton,House,3.0,Marla,3 Marla,1030,2,2,0.7,2,0,0,0,Gated Community; 24/7 Security; Backup Generator / Solar; Servant Quarter; Swimming Pool; Central Heating / Cooling,6,0.23,1.71,4.94,1.08,2026-10-01,36233000.0,10183299.389002036,1.5259259033196162,Brand New (0-1y),Tier 1 - Ultra Luxury,9.5,0.3775009437523594,0.9999500024998748,4,0,514.9742512874355
PROP-11606,Karachi,DHA Defence Phase 7-9,Penthouse,5.0,Marla,5 Marla,3277,5,5,0.9,1,1,1,0,Gated Community; 24/7 Security; Underground Utilities; Swimming Pool; Elevator,5,0.82,1.87,1.77,1.02,2026-10-01,53863000.0,9119981.760036482,2.912888862996544,Brand New (0-1y),Tier 1 - Ultra Luxury,9.0,0.4489337822671156,0.999980000399992,10,2,655.3868922621548
PROP-15625,Karachi,Bahria Town Karachi,Flat,3.5,Marla,3.5 Marla,1084,2,2,2.5,1,0,0,1,Servant Quarter; Elevator,2,0.53,0.7,2.89,0.16,2026-10-01,10801000.0,2557135.5510412827,1.3765079190284708,Modern (2-5y),Tier 3 - Affordable/Suburban,3.5,0.5217845030002609,0.9999500024998748,4,1,541.9729013549322
PROP-12564,Lahore,DHA Defence Phase 5-6,House,10.0,Marla,10 Marla,3885,5,5,4.8,2,0,0,0,Gated Community; 24/7 Security; Backup Generator / Solar; Servant Quarter; Lawn / Garden,5,1.86,0.91,2.01,1.78,2026-10-01,86516000.0,6694993.305006695,1.7266666589925923,Established (6-15y),Tier 1 - Ultra Luxury,6.0,0.3671745915182669,0.999980000399992,10,0,776.9844603107938
PROP-13423,Islamabad,Sector F-8/F-10/F-11,House,10.0,Marla,10 Marla,3449,5,5,2.2,2,0,0,0,24/7 Security; Underground Utilities; Servant Quarter; Lawn / Garden,4,2.89,2.48,7.8,2.75,2026-10-01,88397000.0,6844993.1550068455,1.5328888820760491,Modern (2-5y),Tier 1 - Ultra Luxury,4.5,0.2097095522701059,0.999980000399992,10,0,689.7862042759145
PROP-13519,Rawalpindi,Chaklala Scheme 3,Upper Portion,10.0,Marla,10 Marla,1657,3,3,11.0,1,0,0,0,Gated Community; 24/7 Security; Backup Generator / Solar; Underground Utilities; Servant Quarter,5,1.01,3.14,4.6,1.56,2026-10-01,24817000.0,2144997.8550021453,0.736444441171358,Established (6-15y),Tier 2 - Premium,6.5,0.311284046692607,0.9999666677777408,6,0,552.3149228359055
PROP-12398,Islamabad,Sector F-8/F-10/F-11,Lower Portion,5.0,Marla,5 Marla,805,2,3,11.8,1,0,0,0,Gated Community; 24/7 Security; Underground Utilities; Lawn / Garden,4,1.23,1.84,1.45,1.01,2026-10-01,22180000.0,3409993.1800136403,0.7155555491950618,Vintage (16y+),Tier 1 - Ultra Luxury,4.5,0.4348771472059143,0.6666444451851604,5,0,402.4798760061997
PROP-15729,Lahore,Johar Town,Lower Portion,10.0,Marla,10 Marla,1821,4,4,3.9,1,0,0,0,24/7 Security; Underground Utilities; Central Heating / Cooling,3,1.18,2.76,6.82,0.64,2026-10-01,25440000.0,2254997.745002256,0.8093333297362962,Modern (2-5y),Tier 2 - Premium,4.0,0.2955956251847472,0.9999750006249843,8,0,455.23861903452416
PROP-13737,Lahore,Bahria Town,House,5.0,Marla,5 Marla,963,2,1,7.7,1,0,0,0,24/7 Security; Backup Generator / Solar,2,0.5,1.71,3.35,2.41,2026-10-01,21241000.0,3289993.4200131604,0.8559999923911112,Established (6-15y),Tier 2 - Premium,3.0,0.3540449637103912,1.999800019998,3,0,481.47592620368977
PROP-12871,Rawalpindi,Satellite Town,House,3.0,Marla,3 Marla,516,1,1,0.0,1,0,0,0,Gated Community; 24/7 Security,2,1.85,2.97,2.44,2.87,2026-10-01,13529000.0,4083319.722267592,0.7644444331193417,Brand New (0-1y),Tier 2 - Premium,2.0,0.2905287623474724,0.999900009999,2,0,515.9484051594841
PROP-11161,Karachi,Gulshan-e-Iqbal,Flat,5.0,Marla,5 Marla,1466,3,4,7.8,1,1,0,1,Gated Community; 24/7 Security; Underground Utilities; Servant Quarter; Elevator,5,1.39,3.05,2.1,0.29,2026-10-01,23213000.0,3889992.22001556,1.3031110995279014,Established (6-15y),Tier 2 - Premium,7.0,0.4079967360261118,0.7499812504687383,7,2,488.6503783207226
PROP-14857,Lahore,Bahria Town,House,7.0,Marla,7 Marla,2684,4,4,9.0,2,1,0,1,Gated Community; 24/7 Security,2,0.35,0.47,3.75,2.39,2026-10-01,40816000.0,4864278.76531605,1.7041269733071305,Established (6-15y),Tier 2 - Premium,2.0,0.3759398496240601,0.9999750006249843,8,2,670.9832254193645
PROP-10243,Lahore,Gulberg,Flat,5.0,Marla,5 Marla,1337,3,3,1.5,1,1,1,1,Gated Community; 24/7 Security; Backup Generator / Solar; Underground Utilities; Central Heating / Cooling; Elevator,6,3.0,7.28,7.79,1.11,2026-10-01,33066000.0,5549988.9000222,1.188444433880494,Modern (2-5y),Tier 1 - Ultra Luxury,9.5,0.1986886548778065,0.9999666677777408,6,3,445.65181160627975
PROP-12591,Karachi,DHA Defence Phase 7-9,House,3.0,Marla,3 Marla,1184,2,3,2.6,2,0,0,0,Gated Community; 24/7 Security; Underground Utilities,3,0.33,1.91,2.99,1.06,2026-10-01,33538000.0,8916636.944543518,1.754074048087792,Modern (2-5y),Tier 1 - Ultra Luxury,3.5,0.4314063848144952,0.6666444451851604,5,0,591.970401479926
PROP-11064,Lahore,DHA Defence Phase 7-9,House,10.0,Marla,10 Marla,3871,6,6,2.5,2,0,1,0,Gated Community; 24/7 Security; Servant Quarter; Lawn / Garden,4,1.2,0.79,3.35,0.77,2026-10-01,63410000.0,5174994.825005176,1.7204444367980245,Modern (2-5y),Tier 2 - Premium,4.0,0.4099200655872104,0.9999833336111064,12,1,645.1559140680989
PROP-14327,Rawalpindi,Bahria Town,House,5.0,Marla,5 Marla,1890,4,4,0.0,2,0,0,1,Gated Community; 24/7 Security; Backup Generator / Solar; Servant Quarter,4,0.26,1.02,4.14,1.36,2026-10-01,30856000.0,5209989.58002084,1.679999985066667,Brand New (0-1y),Tier 2 - Premium,5.0,0.4032258064516129,0.9999750006249843,8,1,472.4881877953051
PROP-12596,Karachi,PECHS,Flat,2.5,Marla,2.5 Marla,638,1,1,0.0,1,0,1,1,Gated Community; Lawn / Garden; Elevator,3,2.28,1.79,2.64,2.53,2026-10-01,11939000.0,3959984.16006336,1.134222202058272,Brand New (0-1y),Tier 2 - Premium,4.5,0.2981959147159684,0.999900009999,2,2,637.936206379362
PROP-10920,Karachi,Clifton,House,5.0,Marla,5 Marla,1802,3,3,0.7,2,1,0,1,Gated Community; 24/7 Security; Backup Generator / Solar; Underground Utilities,4,0.37,3.15,2.62,0.61,2026-10-01,56796000.0,9259981.48003704,1.6017777635397532,Brand New (0-1y),Tier 1 - Ultra Luxury,5.5,0.4330879168471199,0.9999666677777408,6,2,600.6466451118296
PROP-15345,Lahore,DHA Defence Phase 5-6,House,7.0,Marla,7 Marla,1372,3,4,24.3,1,0,0,0,24/7 Security; Backup Generator / Solar; Underground Utilities,3,2.63,3.68,1.42,1.15,2026-10-01,48280000.0,5528563.530623528,0.871111105580247,Vintage (16y+),Tier 1 - Ultra Luxury,4.5,0.3224246332419797,0.7499812504687383,7,0,457.31808939702006
PROP-10006,Islamabad,Bahria Town Phase 1-8,House,7.0,Marla,7 Marla,2713,4,4,4.3,2,0,0,1,24/7 Security,1,1.25,2.23,5.1,1.69,2026-10-01,37314000.0,4385708.020417114,1.7225396716029229,Established (6-15y),Tier 2 - Premium,1.0,0.3031221582297666,0.9999750006249843,8,1,678.2330441738957
PROP-10468,Faisalabad,Madina Town,House,3.0,Marla,3 Marla,536,2,3,0.8,1,0,0,0,Gated Community; 24/7 Security; Backup Generator / Solar; Lawn / Garden,4,1.04,1.61,2.24,0.9,2026-10-01,14551000.0,3849987.166709444,0.7940740623100139,Brand New (0-1y),Tier 2 - Premium,5.0,0.4303851947493006,0.6666444451851604,5,0,267.9866006699665
PROP-15854,Islamabad,Sector F-8/F-10/F-11,Lower Portion,400.0,Kanal,1 Kanal,3319,6,6,5.4,1,0,0,0,Gated Community; Backup Generator / Solar; Central Heating / Cooling,3,1.34,2.88,2.71,1.08,2026-10-01,78703000.0,157624.99605937512,0.0368777777736802,Established (6-15y),Tier 1 - Ultra Luxury,4.5,0.3614022406938923,0.9999833336111064,12,0,553.157447375877
PROP-14172,Lahore,Gulberg,House,400.0,Kanal,1 Kanal,6804,6,6,10.1,2,0,1,0,24/7 Security; Backup Generator / Solar; Underground Utilities; Servant Quarter; Lawn / Garden; Central Heating / Cooling,6,0.45,0.42,2.07,0.81,2026-10-01,225196000.0,476749.9880812504,0.0755999999916,Established (6-15y),Tier 1 - Ultra Luxury,8.0,0.5326231691078562,0.9999833336111064,12,1,1133.9811003149948
PROP-10004,Islamabad,Sector F-6/F-7/E-7,House,5.0,Marla,5 Marla,1826,4,4,0.0,2,0,0,0,24/7 Security; Backup Generator / Solar,2,0.63,1.63,4.46,1.24,2026-10-01,59985000.0,9589980.82003836,1.623111096683457,Brand New (0-1y),Tier 1 - Ultra Luxury,3.0,0.3664345914254305,0.9999750006249843,8,0,456.4885877853054
PROP-15969,Karachi,Gulshan-e-Iqbal,House,400.0,Kanal,1 Kanal,3427,5,5,12.8,1,0,0,0,24/7 Security; Servant Quarter; Lawn / Garden,3,3.1,2.14,0.55,1.86,2026-10-01,86679000.0,170999.99572500013,0.0380777777735469,Established (6-15y),Tier 2 - Premium,3.0,0.3253090435914118,0.999980000399992,10,0,685.3862922741546
PROP-10646,Karachi,North Nazimabad,Flat,5.0,Marla,5 Marla,1262,2,2,12.5,1,1,1,1,Gated Community; 24/7 Security; Underground Utilities; Elevator,4,2.43,4.4,1.56,1.92,2026-10-01,20050000.0,3229993.5400129203,1.1217777678064198,Vintage (16y+),Tier 2 - Premium,6.0,0.2942474621156393,0.9999500024998748,4,3,630.9684515774211
PROP-10118,Islamabad,Sector G-11/G-13,House,5.0,Marla,5 Marla,1774,3,4,19.4,2,0,0,0,Gated Community; 24/7 Security; Backup Generator / Solar,3,1.96,2.72,3.74,3.25,2026-10-01,26717000.0,4259991.48001704,1.5768888748720988,Vintage (16y+),Tier 2 - Premium,4.0,0.2619858527639507,0.7499812504687383,7,0,591.3136228792373
PROP-12929,Karachi,DHA Defence Phase 7-9,House,10.0,Marla,10 Marla,5085,6,5,0.8,3,0,0,0,24/7 Security; Backup Generator / Solar; Underground Utilities; Servant Quarter; Lawn / Garden; Central Heating / Cooling,6,2.88,6.11,3.02,2.73,2026-10-01,90324000.0,7564992.435007566,2.2599999899555554,Brand New (0-1y),Tier 1 - Ultra Luxury,8.0,0.230017251293847,1.1999760004799904,11,0,847.4858752354128
PROP-15728,Karachi,Gulshan-e-Iqbal,Lower Portion,400.0,Kanal,1 Kanal,3213,4,5,5.7,1,0,0,0,Gated Community; 24/7 Security; Backup Generator / Solar; Lawn / Garden,4,5.51,0.97,9.12,0.67,2026-10-01,45114000.0,94374.99764062506,0.0356999999960333,Established (6-15y),Tier 2 - Premium,5.0,0.1961168856638556,0.7999840003199936,9,0,803.2299192520187
PROP-12552,Rawalpindi,Satellite Town,House,400.0,Kanal,1 Kanal,7688,6,6,1.8,2,0,0,0,Gated Community; 24/7 Security; Underground Utilities; Lawn / Garden,4,1.18,1.35,3.62,1.6,2026-10-01,107957000.0,215749.9946062501,0.0854222222127308,Modern (2-5y),Tier 2 - Premium,4.5,0.3546728143287816,0.9999833336111064,12,0,1281.3119781336975
PROP-16120,Islamabad,Sector G-11/G-13,House,7.0,Marla,7 Marla,2553,4,4,7.7,2,0,0,0,Gated Community; Underground Utilities,2,2.99,1.08,2.09,0.73,2026-10-01,41624000.0,4628564.816335977,1.62095237066062,Established (6-15y),Tier 2 - Premium,2.5,0.3514320857494289,0.9999750006249843,8,0,638.2340441488963
PROP-15045,Karachi,Clifton,Flat,3.5,Marla,3.5 Marla,1074,2,2,2.4,1,1,0,0,Gated Community; Backup Generator / Solar; Underground Utilities; Central Heating / Cooling; Elevator,5,1.06,1.75,0.84,1.97,2026-10-01,26518000.0,6185696.612295393,1.3638095064913078,Modern (2-5y),Tier 1 - Ultra Luxury,8.5,0.4179728317659352,0.9999500024998748,4,1,536.9731513424329
PROP-15563,Lahore,Gulberg,House,800.0,Kanal,2 Kanal,14266,5,5,17.4,2,0,0,0,Gated Community; 24/7 Security; Backup Generator / Solar; Underground Utilities; Servant Quarter; Lawn / Garden; Central Heating / Cooling,7,2.02,2.83,3.96,1.18,2026-10-01,280187000.0,272251.2465968586,0.0792555555511524,Vintage (16y+),Tier 1 - Ultra Luxury,9.0,0.3051106025934401,0.999980000399992,10,0,2853.1429371412573
PROP-14292,Islamabad,Sector F-6/F-7/E-7,Flat,3.5,Marla,3.5 Marla,1001,3,3,3.9,1,1,0,0,24/7 Security; Backup Generator / Solar; Underground Utilities; Elevator,4,1.98,2.37,2.79,0.43,2026-10-01,30114000.0,6728552.20413656,1.271111094970018,Modern (2-5y),Tier 1 - Ultra Luxury,7.0,0.3655638822884299,0.9999666677777408,6,1,333.6555448151728
PROP-10847,Lahore,DHA Defence Phase 5-6,House,3.0,Marla,3 Marla,1125,2,2,0.0,2,1,0,0,Gated Community; 24/7 Security; Backup Generator / Solar; Underground Utilities; Central Heating / Cooling,5,1.2,1.41,6.34,3.86,2026-10-01,24923000.0,6733310.888963703,1.6666666419753091,Brand New (0-1y),Tier 1 - Ultra Luxury,7.0,0.2464571780653111,0.9999500024998748,4,1,562.4718764061796
PROP-12763,Rawalpindi,Bahria Town,House,800.0,Kanal,2 Kanal,14755,6,5,12.7,2,0,0,0,Gated Community; 24/7 Security; Underground Utilities; Servant Quarter; Lawn / Garden,5,0.49,2.37,2.43,0.29,2026-10-01,167742000.0,180187.49774765628,0.0819722222176682,Vintage (16y+),Tier 2 - Premium,5.5,0.4761904761904763,1.1999760004799904,11,0,2459.125681238646
PROP-15514,Karachi,PECHS,Flat,3.5,Marla,3.5 Marla,926,1,1,0.9,1,1,1,0,Gated Community; 24/7 Security; Backup Generator / Solar,3,2.5,7.69,9.25,0.82,2026-10-01,17412000.0,4128559.632686764,1.1758730009412952,Brand New (0-1y),Tier 2 - Premium,4.0,0.195140989364816,0.999900009999,2,2,925.907409259074
PROP-15557,Faisalabad,D Ground / Peoples Colony,Lower Portion,5.0,Marla,5 Marla,826,1,1,2.6,1,1,0,0,Gated Community; Backup Generator / Solar; Underground Utilities,3,2.11,1.85,2.09,1.77,2026-10-01,21141000.0,3469993.06001388,0.7342222156958026,Modern (2-5y),Tier 1 - Ultra Luxury,4.5,0.3372681281618887,0.999900009999,2,1,825.9174082591741
PROP-16319,Lahore,DHA Defence Phase 7-9,House,3.0,Marla,3 Marla,1068,3,2,3.5,2,0,0,0,Gated Community; 24/7 Security; Backup Generator / Solar; Underground Utilities,4,1.56,1.26,6.22,2.29,2026-10-01,18347000.0,4799984.000053333,1.5822221987818934,Modern (2-5y),Tier 2 - Premium,5.5,0.2727768685215493,1.4999250037498124,5,0,355.98813372887565
PROP-15767,Islamabad,Sector E-11,Flat,2.5,Marla,2.5 Marla,678,1,1,0.9,1,0,0,0,Gated Community; 24/7 Security; Underground Utilities; Servant Quarter; Elevator,5,2.51,2.23,3.23,1.62,2026-10-01,12328000.0,3879984.48006208,1.2053333119051857,Brand New (0-1y),Tier 2 - Premium,7.0,0.2989536621823617,0.999900009999,2,0,677.9322067793221
PROP-16472,Lahore,DHA Defence Phase 7-9,Upper Portion,400.0,Kanal,1 Kanal,3456,5,4,2.2,1,0,1,0,Gated Community; 24/7 Security; Underground Utilities,3,0.27,6.94,1.02,1.54,2026-10-01,54986000.0,107874.99730312508,0.0383999999957333,Modern (2-5y),Tier 2 - Premium,3.5,0.3569516330537212,1.2499687507812305,9,1,691.1861762764745
PROP-15532,Karachi,DHA Defence Phase 7-9,Flat,2.5,Marla,2.5 Marla,753,2,2,3.2,1,0,0,0,24/7 Security; Backup Generator / Solar; Underground Utilities; Lawn / Garden; Central Heating / Cooling; Elevator,6,0.61,2.09,4.59,1.73,2026-10-01,17587000.0,5839976.640093439,1.3386666428681486,Modern (2-5y),Tier 1 - Ultra Luxury,9.5,0.3373819163292847,0.9999500024998748,4,0,376.4811759412029
PROP-11142,Karachi,Clifton,Penthouse,800.0,Kanal,2 Kanal,4028,4,4,1.8,1,0,0,0,Gated Community; 24/7 Security; Backup Generator / Solar; Swimming Pool; Elevator,5,0.65,2.11,1.56,0.42,2026-10-01,229485000.0,236892.4970388437,0.0223777777765345,Modern (2-5y),Tier 1 - Ultra Luxury,9.5,0.5045408678102926,0.9999750006249843,8,0,1006.9748256293592
PROP-11811,Islamabad,Sector E-11,House,10.0,Marla,10 Marla,3423,4,4,2.9,2,0,0,0,Gated Community; 24/7 Security; Servant Quarter; Lawn / Garden; Central Heating / Cooling,5,0.46,0.4,9.1,1.74,2026-10-01,47368000.0,3994996.0050039953,1.5213333265718518,Modern (2-5y),Tier 2 - Premium,5.5,0.2806623631770979,0.9999750006249843,8,0,855.7286067848304
PROP-10724,Lahore,Allama Iqbal Town,Flat,3.5,Marla,3.5 Marla,1017,3,3,3.8,1,0,0,0,Elevator,1,5.91,5.28,2.82,1.92,2026-10-01,10447000.0,2328564.775529213,1.2914285550294786,Modern (2-5y),Tier 3 - Affordable/Suburban,2.5,0.1999800019998,0.9999666677777408,6,0,338.9887003766541
PROP-10225,Islamabad,Sector F-6/F-7/E-7,House,400.0,Kanal,1 Kanal,6860,6,6,3.1,2,1,1,0,Gated Community; 24/7 Security; Backup Generator / Solar; Underground Utilities; Lawn / Garden; Central Heating / Cooling,6,0.49,2.01,1.27,1.3,2026-10-01,254397000.0,495624.9876093753,0.076222222213753,Modern (2-5y),Tier 1 - Ultra Luxury,8.0,0.4723665564478035,0.9999833336111064,12,2,1143.3142780953651
PROP-14630,Karachi,Bahria Town Karachi,House,400.0,Kanal,1 Kanal,7483,6,6,1.6,2,0,0,0,Lawn / Garden; Elevator,2,0.49,2.76,5.27,1.71,2026-10-01,67106000.0,134499.9966375001,0.0831444444352061,Modern (2-5y),Tier 3 - Affordable/Suburban,3.5,0.317208564631245,0.9999833336111064,12,0,1247.145880901985
PROP-14210,Karachi,Bahria Town Karachi,Flat,3.5,Marla,3.5 Marla,911,2,1,0.9,1,0,0,0,Elevator,1,0.48,3.97,0.84,0.54,2026-10-01,7652000.0,1999994.285730612,1.1568253821355508,Brand New (0-1y),Tier 3 - Affordable/Suburban,2.5,0.4776689754000477,1.999800019998,3,0,455.477226138693
PROP-16286,Islamabad,Bahria Town Phase 1-8,Farmhouse,800.0,Kanal,2 Kanal,4377,4,5,4.3,1,1,0,0,Gated Community; 24/7 Security; Backup Generator / Solar; Underground Utilities; Servant Quarter; Lawn / Garden,6,1.31,4.6,2.85,2.65,2026-10-01,171019000.0,157687.49802890627,0.0243166666653157,Established (6-15y),Tier 2 - Premium,7.5,0.2846164792941512,0.7999840003199936,9,1,1094.2226444338892
PROP-14657,Karachi,North Nazimabad,Lower Portion,400.0,Kanal,1 Kanal,3442,5,5,6.6,1,0,0,0,Gated Community; 24/7 Security,2,6.67,2.07,2.93,1.0,2026-10-01,47971000.0,99749.99750625007,0.038244444440195,Established (6-15y),Tier 2 - Premium,2.0,0.2207018318252042,0.999980000399992,10,0,688.3862322753545
PROP-12049,Lahore,DHA Defence Phase 5-6,House,10.0,Marla,10 Marla,1895,5,6,0.0,1,0,0,0,Gated Community; 24/7 Security; Underground Utilities,3,3.17,4.57,1.84,1.73,2026-10-01,65512000.0,5079994.92000508,0.8422222184790122,Brand New (0-1y),Tier 1 - Ultra Luxury,3.5,0.271591526344378,0.8333194446759221,11,0,378.992420151597
PROP-16236,Islamabad,Sector E-11,House,5.0,Marla,5 Marla,1930,3,3,1.9,2,1,0,0,Gated Community; 24/7 Security,2,2.08,0.74,1.79,0.6,2026-10-01,32048000.0,5229989.54002092,1.715555540306173,Modern (2-5y),Tier 2 - Premium,2.0,0.4206983592763988,0.9999666677777408,6,1,643.3118896036798
PROP-14752,Islamabad,Sector F-6/F-7/E-7,House,10.0,Marla,10 Marla,3655,5,5,0.7,2,0,0,1,Gated Community; 24/7 Security; Backup Generator / Solar; Underground Utilities; Servant Quarter; Lawn / Garden,6,1.14,2.76,2.44,1.37,2026-10-01,137195000.0,10599989.4000106,1.6244444372246911,Brand New (0-1y),Tier 1 - Ultra Luxury,7.5,0.3687315634218289,0.999980000399992,10,1,730.9853802923942
PROP-14418,Faisalabad,Madina Town,House,400.0,Kanal,1 Kanal,11315,7,7,1.6,3,0,0,0,Gated Community; Underground Utilities; Servant Quarter; Lawn / Garden,4,2.5,3.11,8.87,3.02,2026-10-01,95054000.0,201749.99495625013,0.125722222208253,Modern (2-5y),Tier 2 - Premium,4.5,0.1991436821666832,0.999985714489793,14,0,1616.4054799217154
PROP-11574,Islamabad,Sector F-8/F-10/F-11,Flat,3.5,Marla,3.5 Marla,1033,3,3,0.9,1,0,1,0,24/7 Security; Backup Generator / Solar; Underground Utilities; Elevator,4,1.42,1.74,3.13,6.09,2026-10-01,24795000.0,5699983.714332244,1.3117460150889395,Brand New (0-1y),Tier 1 - Ultra Luxury,7.0,0.2374732842555212,0.9999666677777408,6,1,344.32185593813534
PROP-11829,Lahore,DHA Defence Phase 7-9,Lower Portion,7.0,Marla,7 Marla,1178,3,3,4.4,1,0,0,0,Gated Community; Underground Utilities; Servant Quarter,3,0.23,1.97,1.99,1.49,2026-10-01,18250000.0,1971425.7551060645,0.7479365031877048,Modern (2-5y),Tier 2 - Premium,3.5,0.4502476361999099,0.9999666677777408,6,0,392.6535782140595
PROP-11918,Rawalpindi,Saddar Cantt,House,7.0,Marla,7 Marla,1304,3,2,1.6,1,1,0,0,Gated Community; 24/7 Security; Underground Utilities; Servant Quarter,4,1.39,3.03,0.89,6.35,2026-10-01,41376000.0,5078564.173479753,0.8279365026797683,Modern (2-5y),Tier 1 - Ultra Luxury,4.5,0.2485089463220676,1.4999250037498124,5,1,434.6521782607246
PROP-14236,Islamabad,Sector G-11/G-13,Flat,3.5,Marla,3.5 Marla,957,2,2,5.5,1,0,0,0,Gated Community; Backup Generator / Solar; Underground Utilities; Central Heating / Cooling; Elevator,5,1.63,0.96,1.17,2.41,2026-10-01,14823000.0,3314276.244925014,1.2152380798065006,Established (6-15y),Tier 2 - Premium,8.5,0.3743215422047539,0.9999500024998748,4,0,478.47607619619015
PROP-12027,Karachi,DHA Defence Phase 7-9,Flat,5.0,Marla,5 Marla,1416,3,4,3.2,1,1,0,0,Gated Community; 24/7 Security; Underground Utilities; Central Heating / Cooling; Elevator,5,0.76,1.94,4.1,0.6,2026-10-01,29752000.0,4789990.42001916,1.2586666554785186,Modern (2-5y),Tier 1 - Ultra Luxury,7.5,0.3910833007430583,0.7499812504687383,7,1,471.9842671910936
PROP-16405,Islamabad,Sector F-8/F-10/F-11,House,10.0,Marla,10 Marla,3629,5,5,2.3,2,1,0,0,Gated Community; Backup Generator / Solar; Underground Utilities; Servant Quarter; Lawn / Garden,5,0.86,1.96,2.64,1.06,2026-10-01,105023000.0,8144991.855008145,1.6128888817204936,Modern (2-5y),Tier 1 - Ultra Luxury,6.5,0.4096681687832855,0.999980000399992,10,1,725.7854842903142
PROP-13746,Faisalabad,Madina Town,House,400.0,Kanal,1 Kanal,7160,5,6,9.0,2,0,1,0,Gated Community; 24/7 Security; Underground Utilities; Lawn / Garden,4,0.34,1.32,1.21,1.47,2026-10-01,96242000.0,196249.99509375013,0.079555555546716,Established (6-15y),Tier 2 - Premium,4.5,0.5,0.8333194446759221,11,1,1431.9713605727886
PROP-10902,Islamabad,Sector F-8/F-10/F-11,Flat,5.0,Marla,5 Marla,1271,2,1,0.0,1,1,0,0,Gated Community; 24/7 Security; Backup Generator / Solar; Underground Utilities; Servant Quarter; Elevator,6,2.76,4.61,4.22,1.09,2026-10-01,30880000.0,4809990.38001924,1.1297777677353087,Brand New (0-1y),Tier 1 - Ultra Luxury,9.0,0.2611989029646075,1.999800019998,3,1,635.4682265886705
PROP-14788,Lahore,DHA Defence Phase 7-9,House,7.0,Marla,7 Marla,2549,4,5,4.6,2,0,1,0,Gated Community; Backup Generator / Solar,2,2.53,4.02,4.16,3.36,2026-10-01,43898000.0,4671421.897968718,1.6184126881370624,Established (6-15y),Tier 2 - Premium,3.0,0.231026914635555,0.7999840003199936,9,1,637.2340691482714
PROP-12040,Karachi,Bahria Town Karachi,Flat,5.0,Marla,5 Marla,1271,3,3,0.8,1,0,0,0,Gated Community; 24/7 Security; Servant Quarter; Elevator,4,0.57,1.66,3.41,1.12,2026-10-01,10850000.0,1799996.4000072002,1.1297777677353087,Brand New (0-1y),Tier 3 - Affordable/Suburban,5.5,0.4054327995134806,0.9999666677777408,6,0,423.6525449151695
PROP-10010,Lahore,DHA Defence Phase 5-6,House,7.0,Marla,7 Marla,2701,4,5,2.6,2,0,0,0,Gated Community; 24/7 Security; Backup Generator / Solar; Lawn / Garden,4,0.7,1.38,2.3,1.69,2026-10-01,64509000.0,7357132.346953791,1.71492062403225,Modern (2-5y),Tier 1 - Ultra Luxury,5.0,0.413393964448119,0.7999840003199936,9,0,675.2331191720208
PROP-10261,Lahore,DHA Defence Phase 5-6,House,7.0,Marla,7 Marla,1357,3,3,2.8,1,1,0,0,Gated Community; 24/7 Security; Backup Generator / Solar; Underground Utilities,4,2.03,3.98,4.23,1.42,2026-10-01,51619000.0,5728563.244909651,0.8615872961169061,Modern (2-5y),Tier 1 - Ultra Luxury,5.5,0.2793686269031988,0.9999666677777408,6,1,452.31825605813134
PROP-16041,Rawalpindi,Bahria Town,House,5.0,Marla,5 Marla,1769,3,3,2.6,2,0,0,0,Gated Community; 24/7 Security; Underground Utilities,3,1.2,1.16,2.64,1.2,2026-10-01,23788000.0,3919992.16001568,1.5724444304671608,Modern (2-5y),Tier 2 - Premium,3.5,0.40290088638195,0.9999666677777408,6,0,589.6470117662744
PROP-11674,Islamabad,Sector F-8/F-10/F-11,Flat,5.0,Marla,5 Marla,1284,3,4,0.0,1,0,0,0,Gated Community; 24/7 Security; Backup Generator / Solar; Underground Utilities; Elevator,5,1.58,0.79,5.14,0.96,2026-10-01,28011000.0,4249991.500017,1.1413333231881482,Brand New (0-1y),Tier 1 - Ultra Luxury,8.0,0.3347280334728034,0.7499812504687383,7,0,427.985733808873
PROP-12220,Lahore,DHA Defence Phase 7-9,House,10.0,Marla,10 Marla,3872,5,5,1.4,2,0,0,0,Gated Community; 24/7 Security; Backup Generator / Solar; Underground Utilities; Servant Quarter; Lawn / Garden,6,2.47,0.78,1.54,1.84,2026-10-01,54630000.0,4299995.7000043,1.7208888812404937,Modern (2-5y),Tier 2 - Premium,7.5,0.351926799225761,0.999980000399992,10,0,774.3845123097539
PROP-12061,Karachi,PECHS,House,800.0,Kanal,2 Kanal,13779,6,5,0.0,2,1,0,0,Gated Community; 24/7 Security; Underground Utilities; Servant Quarter; Lawn / Garden,5,1.79,2.15,7.44,2.36,2026-10-01,251399000.0,270312.49662109383,0.0765499999957472,Brand New (0-1y),Tier 2 - Premium,5.5,0.241254523522316,1.1999760004799904,11,1,2296.461725637906
PROP-15290,Faisalabad,D Ground / Peoples Colony,Flat,2.5,Marla,2.5 Marla,736,1,1,2.3,1,1,0,1,Gated Community; 24/7 Security; Backup Generator / Solar; Underground Utilities; Central Heating / Cooling; Elevator,6,3.15,2.53,1.22,3.05,2026-10-01,20565000.0,6399974.400102399,1.3084444211832102,Modern (2-5y),Tier 1 - Ultra Luxury,9.5,0.274649821477616,0.999900009999,2,2,735.9264073592641
PROP-13715,Karachi,Clifton,Flat,2.5,Marla,2.5 Marla,718,1,1,0.0,1,0,0,1,Gated Community; 24/7 Security; Central Heating / Cooling,3,2.9,1.43,2.84,1.45,2026-10-01,16622000.0,5719977.120091519,1.2764444217520992,Brand New (0-1y),Tier 1 - Ultra Luxury,3.5,0.3093580819798917,0.999900009999,2,1,717.928207179282
PROP-11620,Islamabad,DHA Defence Phase 2,House,400.0,Kanal,1 Kanal,7877,6,6,8.5,2,1,0,0,Gated Community; 24/7 Security; Underground Utilities; Servant Quarter; Lawn / Garden,5,0.93,1.8,2.06,0.24,2026-10-01,111353000.0,217249.99456875012,0.0875222222124975,Established (6-15y),Tier 2 - Premium,5.5,0.4808848280836739,0.9999833336111064,12,1,1312.8114531424476
PROP-10321,Lahore,Allama Iqbal Town,House,5.0,Marla,5 Marla,1803,4,4,0.0,2,1,0,0,24/7 Security; Backup Generator / Solar,2,1.13,0.54,1.54,0.49,2026-10-01,23120000.0,3809992.38001524,1.602666652420741,Brand New (0-1y),Tier 3 - Affordable/Suburban,3.0,0.5177323323841574,0.9999750006249843,8,1,450.7387315317117
PROP-11343,Karachi,North Nazimabad,Lower Portion,5.0,Marla,5 Marla,849,2,2,4.3,1,0,0,0,Gated Community; 24/7 Security; Backup Generator / Solar; Underground Utilities,4,0.59,2.41,5.18,2.67,2026-10-01,13258000.0,2199995.6000088,0.7546666599585186,Modern (2-5y),Tier 2 - Premium,5.5,0.2936857562408223,0.9999500024998748,4,0,424.47877606119687
PROP-15735,Karachi,DHA Defence Phase 7-9,House,400.0,Kanal,1 Kanal,6890,6,6,4.6,2,1,0,0,Gated Community; 24/7 Security; Backup Generator / Solar; Underground Utilities; Servant Quarter; Central Heating / Cooling,6,0.44,0.76,0.74,1.72,2026-10-01,186480000.0,381874.99045312527,0.0765555555470493,Established (6-15y),Tier 1 - Ultra Luxury,8.0,0.5175983436853002,0.9999833336111064,12,1,1148.3141947634206
PROP-12377,Lahore,Bahria Town,Upper Portion,10.0,Marla,10 Marla,1801,3,4,4.2,1,0,0,0,24/7 Security; Backup Generator / Solar; Underground Utilities,3,0.64,1.88,1.22,0.9,2026-10-01,26219000.0,2084997.915002085,0.8004444408869136,Established (6-15y),Tier 2 - Premium,4.5,0.495049504950495,0.7499812504687383,7,0,600.3133228892369
PROP-12833,Lahore,Model Town,House,400.0,Kanal,1 Kanal,7664,5,6,0.9,2,0,0,1,24/7 Security; Underground Utilities; Servant Quarter; Central Heating / Cooling,4,0.64,0.84,3.87,1.58,2026-10-01,187602000.0,371749.9907062503,0.0851555555460938,Brand New (0-1y),Tier 1 - Ultra Luxury,5.0,0.3849114703618168,0.8333194446759221,11,1,1532.7693446131077
PROP-12825,Lahore,DHA Defence Phase 5-6,Flat,3.5,Marla,3.5 Marla,887,1,2,0.8,1,0,0,1,24/7 Security; Backup Generator / Solar; Underground Utilities; Elevator,4,1.33,1.34,2.13,1.81,2026-10-01,22733000.0,4957128.693918018,1.1263491920463595,Brand New (0-1y),Tier 1 - Ultra Luxury,7.0,0.3794346423828496,0.4999750012499374,3,1,886.9113088691131
PROP-11995,Lahore,Allama Iqbal Town,House,400.0,Kanal,1 Kanal,7462,6,7,1.7,2,1,0,1,24/7 Security; Servant Quarter; Lawn / Garden,3,0.81,0.76,6.22,2.32,2026-10-01,95034000.0,188124.99529687516,0.0829111111018987,Modern (2-5y),Tier 3 - Affordable/Suburban,3.0,0.299625468164794,0.8571306124198226,13,2,1243.645939234346
PROP-12959,Faisalabad,Madina Town,House,10.0,Marla,10 Marla,3855,4,5,4.4,2,1,0,0,Gated Community; 24/7 Security; Underground Utilities; Servant Quarter,4,1.1,1.5,2.78,0.77,2026-10-01,44053000.0,3639996.36000364,1.7133333257185184,Modern (2-5y),Tier 2 - Premium,4.5,0.4171881518564873,0.7999840003199936,9,1,963.7259068523288
PROP-16042,Karachi,DHA Defence Phase 7-9,Flat,7.5,Marla,7.5 Marla,1857,4,4,11.1,1,1,0,0,Gated Community; 24/7 Security; Backup Generator / Solar; Elevator,4,1.07,0.37,4.67,3.64,2026-10-01,38501000.0,4119994.506673991,1.1004444379232925,Established (6-15y),Tier 1 - Ultra Luxury,6.5,0.2893518518518518,0.9999750006249843,8,1,464.23839404014905
PROP-12039,Lahore,DHA Defence Phase 7-9,House,7.0,Marla,7 Marla,2434,4,5,0.8,2,0,0,0,Gated Community; 24/7 Security; Underground Utilities,3,0.45,3.37,2.34,1.02,2026-10-01,31030000.0,3428566.530619242,1.545396815584782,Brand New (0-1y),Tier 2 - Premium,3.5,0.4103405826836274,0.7999840003199936,9,0,608.484787880303
PROP-13492,Lahore,Model Town,Farmhouse,1600.0,Kanal,4 Kanal,7002,7,7,2.3,2,0,0,0,Gated Community; 24/7 Security; Backup Generator / Solar; Underground Utilities; Servant Quarter; Swimming Pool,6,2.45,2.32,4.75,1.19,2026-10-01,443389000.0,232031.2485498047,0.0194499999994597,Modern (2-5y),Tier 1 - Ultra Luxury,9.5,0.2846975088967971,0.999985714489793,14,0,1000.271424693933
PROP-13679,Islamabad,Sector F-8/F-10/F-11,House,7.0,Marla,7 Marla,2605,4,4,13.6,2,0,0,0,Gated Community; 24/7 Security; Backup Generator / Solar; Servant Quarter; Central Heating / Cooling,5,1.2,2.03,4.4,1.88,2026-10-01,63066000.0,6964275.765320336,1.6539682434668683,Vintage (16y+),Tier 1 - Ultra Luxury,6.5,0.3156067539845353,0.9999750006249843,8,0,651.2337191570211
PROP-11119,Lahore,Johar Town,House,5.0,Marla,5 Marla,929,1,1,5.5,1,0,0,0,Gated Community; 24/7 Security,2,0.9,1.04,7.32,2.44,2026-10-01,23551000.0,3699992.6000148,0.825777770437531,Established (6-15y),Tier 2 - Premium,2.0,0.2727024815925825,0.999900009999,2,0,928.9071092890712
PROP-11605,Rawalpindi,Saddar Cantt,Farmhouse,2400.0,Kanal,6 Kanal,6690,5,6,0.0,2,0,0,0,Gated Community; 24/7 Security; Servant Quarter; Swimming Pool; Central Heating / Cooling,5,0.68,1.2,2.51,2.37,2026-10-01,582148000.0,209145.83246189237,0.0123888888886594,Brand New (0-1y),Tier 1 - Ultra Luxury,7.5,0.3800836183960471,0.8333194446759221,11,0,1337.9732405351897
PROP-16464,Lahore,Lake City,House,5.0,Marla,5 Marla,1822,5,5,0.7,2,0,1,1,Gated Community; Backup Generator / Solar; Underground Utilities,3,1.38,3.22,2.45,2.77,2026-10-01,29522000.0,4539990.920018161,1.6195555411595064,Brand New (0-1y),Tier 3 - Affordable/Suburban,4.5,0.304228780042592,0.999980000399992,10,2,364.3927121457571
PROP-14029,Islamabad,Sector F-8/F-10/F-11,Upper Portion,5.0,Marla,5 Marla,894,2,2,0.0,1,1,0,0,24/7 Security; Underground Utilities,2,1.3,0.31,1.58,3.37,2026-10-01,23294000.0,3689992.62001476,0.794666659602963,Brand New (0-1y),Tier 1 - Ultra Luxury,2.5,0.353544281421248,0.9999500024998748,4,1,446.97765111744405
PROP-10236,Rawalpindi,Adiala Road,House,10.0,Marla,10 Marla,1900,4,4,1.9,1,1,0,1,24/7 Security,1,2.45,2.26,1.32,0.94,2026-10-01,22991000.0,1954998.045001955,0.8444444406913579,Modern (2-5y),Tier 3 - Affordable/Suburban,1.0,0.3646308113035552,0.9999750006249843,8,2,474.9881252968676
PROP-11970,Islamabad,Sector G-11/G-13,House,5.0,Marla,5 Marla,1715,3,3,5.3,2,0,0,1,Gated Community; 24/7 Security; Underground Utilities,3,3.15,1.16,3.98,0.34,2026-10-01,30531000.0,4839990.320019361,1.5244444308938274,Established (6-15y),Tier 2 - Premium,3.5,0.3150102378327296,0.9999666677777408,6,1,571.6476117462751
PROP-14432,Karachi,Bahria Town Karachi,Flat,7.5,Marla,7.5 Marla,2315,3,3,2.8,1,1,0,0,24/7 Security; Backup Generator / Solar; Servant Quarter; Elevator,4,0.91,4.16,2.21,6.2,2026-10-01,19274000.0,2126663.831114892,1.3718518437223597,Modern (2-5y),Tier 3 - Affordable/Suburban,6.5,0.2355990104841559,0.9999666677777408,6,1,771.6409453018232
PROP-11909,Lahore,Model Town,House,5.0,Marla,5 Marla,1868,5,5,0.0,2,0,0,1,Gated Community; Backup Generator / Solar; Central Heating / Cooling,3,1.34,5.44,3.31,2.89,2026-10-01,45947000.0,7659984.68003064,1.6604444296849383,Brand New (0-1y),Tier 1 - Ultra Luxury,4.5,0.2621919244887257,0.999980000399992,10,1,373.592528149437
PROP-10376,Islamabad,Sector F-6/F-7/E-7,Flat,2.5,Marla,2.5 Marla,620,2,2,1.7,1,1,0,0,Backup Generator / Solar; Underground Utilities; Central Heating / Cooling; Elevator,4,3.4,1.96,3.08,0.77,2026-10-01,18254000.0,6039975.84009664,1.1022222026271609,Modern (2-5y),Tier 1 - Ultra Luxury,7.5,0.300210147102972,0.9999500024998748,4,1,309.9845007749612
PROP-13532,Lahore,Gulberg,House,400.0,Kanal,1 Kanal,11803,5,4,0.9,3,0,0,0,Gated Community; Underground Utilities; Servant Quarter; Lawn / Garden,4,0.29,5.5,5.87,1.03,2026-10-01,194978000.0,372249.9906937503,0.1311444444298728,Brand New (0-1y),Tier 1 - Ultra Luxury,4.5,0.2932981375568265,1.2499687507812305,9,0,2360.552788944221
PROP-15259,Karachi,North Nazimabad,Flat,2.5,Marla,2.5 Marla,733,2,1,10.4,1,0,0,1,Gated Community; 24/7 Security; Backup Generator / Solar; Lawn / Garden; Elevator,5,0.66,0.81,4.72,1.75,2026-10-01,11214000.0,3819984.72006112,1.303111087944692,Established (6-15y),Tier 2 - Premium,7.5,0.354421407052986,1.999800019998,3,1,366.48167591620415
PROP-12636,Lahore,Bahria Town,House,10.0,Marla,10 Marla,1943,3,3,3.2,1,0,1,0,Gated Community; 24/7 Security; Backup Generator / Solar; Underground Utilities; Lawn / Garden; Central Heating / Cooling,6,0.32,1.23,1.25,1.12,2026-10-01,52733000.0,4379995.62000438,0.8635555517175308,Modern (2-5y),Tier 2 - Premium,8.0,0.5312084993359895,0.9999666677777408,6,1,647.6450784973833
PROP-11571,Lahore,Gulberg,House,7.0,Marla,7 Marla,2658,4,4,0.7,2,0,0,1,Gated Community; 24/7 Security; Underground Utilities; Central Heating / Cooling,4,1.52,4.6,1.29,2.55,2026-10-01,67137000.0,8292845.295935292,1.687619036904006,Brand New (0-1y),Tier 1 - Ultra Luxury,5.0,0.3081664098613251,0.9999750006249843,8,1,664.4833879153022
PROP-12561,Lahore,DHA Defence Phase 7-9,Upper Portion,7.0,Marla,7 Marla,1137,2,2,2.5,1,0,0,0,Gated Community; 24/7 Security; Backup Generator / Solar,3,0.85,1.28,2.04,1.57,2026-10-01,18884000.0,2214282.5510249278,0.7219047573212396,Modern (2-5y),Tier 2 - Premium,4.0,0.4222081486172683,0.9999500024998748,4,0,568.4715764211788
PROP-15418,Islamabad,DHA Defence Phase 2,Flat,5.0,Marla,5 Marla,1414,2,3,0.8,1,1,0,0,Gated Community; 24/7 Security; Elevator,3,1.31,2.61,2.46,4.08,2026-10-01,16871000.0,2779994.4400111204,1.2568888777165432,Brand New (0-1y),Tier 2 - Premium,4.5,0.2804262478968031,0.6666444451851604,5,1,706.9646517674115
PROP-13393,Karachi,DHA Defence Phase 7-9,Lower Portion,10.0,Marla,10 Marla,1789,3,4,0.8,1,1,0,0,Gated Community; 24/7 Security; Backup Generator / Solar,3,0.88,3.39,3.33,1.5,2026-10-01,55559000.0,4364995.635004365,0.7951111075772839,Brand New (0-1y),Tier 1 - Ultra Luxury,4.0,0.3410059676044331,0.7499812504687383,7,1,596.313456218126
PROP-12966,Karachi,Bahria Town Karachi,Upper Portion,10.0,Marla,10 Marla,1715,3,3,17.8,1,0,0,0,24/7 Security; Backup Generator / Solar; Lawn / Garden,3,0.27,3.66,9.72,4.04,2026-10-01,12665000.0,1014998.985001015,0.7622222188345679,Vintage (16y+),Tier 3 - Affordable/Suburban,4.0,0.208355036983019,0.9999666677777408,6,0,571.6476117462751
PROP-13645,Rawalpindi,Satellite Town,Upper Portion,7.0,Marla,7 Marla,1279,2,2,0.8,1,0,0,0,Gated Community; Backup Generator / Solar,2,1.87,2.4,6.28,4.08,2026-10-01,16714000.0,2085711.3061267056,0.8120634869075334,Brand New (0-1y),Tier 2 - Premium,3.0,0.2224941595283123,0.9999500024998748,4,0,639.46802659867
PROP-15954,Karachi,DHA Defence Phase 7-9,Flat,3.5,Marla,3.5 Marla,938,2,3,1.8,1,1,0,1,Gated Community; 24/7 Security; Underground Utilities; Elevator,4,0.89,2.54,3.7,3.56,2026-10-01,20103000.0,4428558.775546355,1.1911110959858908,Modern (2-5y),Tier 1 - Ultra Luxury,6.0,0.285673475217826,0.6666444451851604,5,2,468.9765511724413
PROP-15471,Faisalabad,D Ground / Peoples Colony,House,10.0,Marla,10 Marla,3617,4,4,2.2,2,0,0,0,Gated Community; 24/7 Security; Underground Utilities; Servant Quarter; Lawn / Garden,5,2.15,4.23,2.51,1.28,2026-10-01,62019000.0,4924995.075004925,1.607555548410864,Modern (2-5y),Tier 1 - Ultra Luxury,5.5,0.3055300947143294,0.9999750006249843,8,0,904.2273943151422
PROP-13852,Karachi,North Nazimabad,Lower Portion,10.0,Marla,10 Marla,1780,3,4,0.9,1,0,0,0,Gated Community; 24/7 Security; Backup Generator / Solar; Underground Utilities; Servant Quarter,5,1.29,6.91,1.89,3.21,2026-10-01,25631000.0,2144997.8550021453,0.7911111075950616,Brand New (0-1y),Tier 2 - Premium,6.5,0.2611647949856359,0.7499812504687383,7,0,593.3135562147928
PROP-10873,Lahore,Bahria Town,Flat,3.5,Marla,3.5 Marla,939,1,2,0.0,1,1,0,0,Gated Community; 24/7 Security; Elevator,3,1.59,0.9,5.28,4.09,2026-10-01,11538000.0,2885706.040839883,1.1923809372396073,Brand New (0-1y),Tier 2 - Premium,4.5,0.2516039753428104,0.4999750012499374,3,1,938.9061093890612
PROP-11253,Karachi,Bahria Town Karachi,Flat,2.5,Marla,2.5 Marla,786,1,1,0.0,1,0,0,0,24/7 Security; Underground Utilities; Servant Quarter; Elevator,4,2.18,1.74,3.79,2.51,2026-10-01,8895000.0,2739989.04004384,1.3973333084918524,Brand New (0-1y),Tier 3 - Affordable/Suburban,6.0,0.2828854314002829,0.999900009999,2,0,785.9214078592141
PROP-16416,Lahore,Johar Town,Upper Portion,10.0,Marla,10 Marla,1655,2,1,1.4,1,0,0,0,Gated Community; 24/7 Security; Backup Generator / Solar,3,0.4,2.6,2.2,1.72,2026-10-01,30049000.0,2529997.47000253,0.7355555522864197,Modern (2-5y),Tier 2 - Premium,4.0,0.4022526146419951,1.999800019998,3,0,827.4586270686465
PROP-15950,Karachi,Clifton,House,5.0,Marla,5 Marla,1867,4,4,1.6,2,0,0,0,Gated Community; 24/7 Security; Backup Generator / Solar; Underground Utilities; Servant Quarter; Central Heating / Cooling,6,1.96,6.18,3.51,3.16,2026-10-01,54447000.0,9529980.94003812,1.6595555408039508,Modern (2-5y),Tier 1 - Ultra Luxury,8.0,0.2345765892563922,0.9999750006249843,8,0,466.7383315417115
PROP-11315,Rawalpindi,Satellite Town,House,5.0,Marla,5 Marla,1966,4,4,0.7,2,0,0,0,Gated Community; 24/7 Security,2,1.93,1.75,4.26,6.16,2026-10-01,19973000.0,3299993.4000132,1.7475555400217286,Brand New (0-1y),Tier 2 - Premium,2.0,0.2156101768003449,0.9999750006249843,8,0,491.48771280717983
PROP-14823,Lahore,Askari,House,400.0,Kanal,1 Kanal,7504,5,4,2.7,2,0,0,1,Gated Community; 24/7 Security; Lawn / Garden,3,0.73,2.66,1.78,3.48,2026-10-01,121358000.0,225749.99435625016,0.0833777777685135,Modern (2-5y),Tier 2 - Premium,3.0,0.3273858241938124,1.2499687507812305,9,1,1500.769984600308
PROP-16151,Karachi,Malir Cantt,Flat,2.5,Marla,2.5 Marla,766,2,2,8.4,1,0,0,0,Gated Community; 24/7 Security; Swimming Pool; Elevator,4,1.6,3.11,3.05,2.47,2026-10-01,12563000.0,3979984.08006368,1.3617777535683957,Established (6-15y),Tier 2 - Premium,7.5,0.2960769800148038,0.9999500024998748,4,0,382.9808509574521
PROP-12899,Lahore,Bahria Town,House,3.0,Marla,3 Marla,1646,3,3,4.0,3,0,0,0,24/7 Security; Backup Generator / Solar,2,0.63,1.03,2.94,0.89,2026-10-01,19962000.0,5249982.500058333,2.4385184823923187,Modern (2-5y),Tier 2 - Premium,3.0,0.4484304932735426,0.9999666677777408,6,0,548.6483783873871
PROP-10078,Karachi,Bahria Town Karachi,Flat,3.5,Marla,3.5 Marla,933,1,1,1.5,1,0,0,0,Elevator,1,0.46,4.16,2.56,1.36,2026-10-01,8619000.0,1999994.285730612,1.1847618897173091,Modern (2-5y),Tier 3 - Affordable/Suburban,2.5,0.3696857670979667,0.999900009999,2,0,932.9067093290672
PROP-12622,Lahore,DHA Defence Phase 7-9,Lower Portion,7.0,Marla,7 Marla,1204,2,3,3.2,1,0,0,0,Gated Community; 24/7 Security; Underground Utilities; Lawn / Garden; Swimming Pool,5,1.08,2.84,1.24,1.93,2026-10-01,20915000.0,2335710.948984359,0.764444439590829,Modern (2-5y),Tier 2 - Premium,7.5,0.3800836183960471,0.6666444451851604,5,0,601.9699015049247
PROP-14229,Islamabad,Sector F-8/F-10/F-11,House,400.0,Kanal,1 Kanal,7372,6,6,0.9,2,0,0,0,Gated Community; 24/7 Security; Backup Generator / Solar; Underground Utilities; Servant Quarter; Lawn / Garden,6,3.31,2.38,3.05,0.84,2026-10-01,161571000.0,310624.9922343752,0.0819111111020098,Brand New (0-1y),Tier 1 - Ultra Luxury,7.5,0.2960769800148038,0.9999833336111064,12,0,1228.6461892301795
PROP-10601,Islamabad,Bahria Town Phase 1-8,House,3.0,Marla,3 Marla,543,1,1,2.8,1,1,1,0,Gated Community; 24/7 Security; Backup Generator / Solar; Underground Utilities,4,1.2,1.39,2.69,2.2,2026-10-01,16775000.0,4366652.111159629,0.8044444325267491,Modern (2-5y),Tier 2 - Premium,5.5,0.3537944454272068,0.999900009999,2,2,542.945705429457
PROP-15871,Islamabad,Sector F-6/F-7/E-7,House,10.0,Marla,10 Marla,1882,4,4,0.0,1,1,0,0,Gated Community; 24/7 Security; Backup Generator / Solar; Underground Utilities; Servant Quarter; Lawn / Garden,6,0.95,1.32,1.76,1.92,2026-10-01,112736000.0,8854991.145008855,0.8364444407269135,Brand New (0-1y),Tier 1 - Ultra Luxury,7.5,0.4067520846044336,0.9999750006249843,8,1,470.4882377940552
PROP-11066,Lahore,Johar Town,Lower Portion,5.0,Marla,5 Marla,869,2,2,0.0,1,0,0,0,Gated Community; 24/7 Security; Backup Generator / Solar,3,1.16,2.79,1.79,1.19,2026-10-01,17634000.0,2839994.32001136,0.7724444375782716,Brand New (0-1y),Tier 2 - Premium,4.0,0.3937783028155149,0.9999500024998748,4,0,434.4782760861957
PROP-12137,Karachi,Gulshan-e-Iqbal,Flat,5.0,Marla,5 Marla,1558,3,4,6.9,1,0,1,0,Gated Community; 24/7 Security; Backup Generator / Solar; Elevator,4,5.03,2.83,4.76,0.36,2026-10-01,19024000.0,3229993.5400129203,1.3848888765787657,Established (6-15y),Tier 2 - Premium,6.5,0.2355712603062426,0.7499812504687383,7,1,519.31602279924
PROP-12450,Islamabad,Sector E-11,House,3.0,Marla,3 Marla,561,2,3,6.8,1,0,0,1,Gated Community; 24/7 Security; Backup Generator / Solar,3,1.41,0.48,1.65,1.13,2026-10-01,15463000.0,4099986.3333788887,0.8311110987983541,Established (6-15y),Tier 2 - Premium,4.0,0.4475274110539271,0.6666444451851604,5,1,280.4859757012149
PROP-12344,Lahore,Lake City,House,3.0,Marla,3 Marla,1057,2,2,6.1,2,0,1,0,Gated Community; 24/7 Security; Backup Generator / Solar,3,2.18,1.02,2.36,0.61,2026-10-01,14280000.0,4049986.500045,1.5659259027270238,Established (6-15y),Tier 3 - Affordable/Suburban,4.0,0.3889537145079736,0.9999500024998748,4,1,528.4735763211839
PROP-11864,Rawalpindi,Chaklala Scheme 3,House,10.0,Marla,10 Marla,3826,5,6,8.7,2,0,0,0,Gated Community; Servant Quarter; Lawn / Garden,3,2.31,1.53,1.05,0.59,2026-10-01,51834000.0,4439995.56000444,1.7004444368869134,Established (6-15y),Tier 2 - Premium,3.0,0.4123711340206186,0.8333194446759221,11,0,765.1846963060739
PROP-11319,Karachi,Gulshan-e-Iqbal,Lower Portion,10.0,Marla,10 Marla,1719,3,3,0.7,1,0,0,0,Gated Community; 24/7 Security,2,2.13,4.68,2.09,2.22,2026-10-01,24717000.0,2114997.8850021157,0.7639999966044444,Brand New (0-1y),Tier 2 - Premium,2.0,0.2831657935721365,0.9999666677777408,6,0,572.9809006366454
PROP-14714,Islamabad,Sector G-11/G-13,Flat,3.5,Marla,3.5 Marla,878,2,2,0.0,1,1,0,0,Gated Community; 24/7 Security; Underground Utilities; Central Heating / Cooling; Elevator,5,0.89,2.18,0.77,2.44,2026-10-01,15714000.0,3671418.081662624,1.1149206207629128,Brand New (0-1y),Tier 2 - Premium,7.5,0.3961180431768667,0.9999500024998748,4,1,438.9780510974451
PROP-13599,Karachi,Clifton,House,5.0,Marla,5 Marla,1895,4,4,0.9,2,0,0,1,Gated Community; Backup Generator / Solar; Underground Utilities,3,0.68,0.82,1.23,2.13,2026-10-01,66760000.0,10989978.02004396,1.6844444294716052,Brand New (0-1y),Tier 1 - Ultra Luxury,4.5,0.4452359750667854,0.9999750006249843,8,1,473.7381565460864
PROP-13764,Islamabad,Sector G-11/G-13,House,7.0,Marla,7 Marla,2535,3,4,2.1,2,0,0,0,Gated Community; 24/7 Security,2,1.43,2.16,5.55,2.21,2026-10-01,43383000.0,4671421.897968718,1.6095237993046108,Modern (2-5y),Tier 2 - Premium,2.0,0.2779708130646282,0.7499812504687383,7,0,844.9718342721909
PROP-15987,Rawalpindi,Saddar Cantt,House,10.0,Marla,10 Marla,1693,3,4,2.3,1,0,1,1,Gated Community; 24/7 Security; Backup Generator / Solar; Lawn / Garden,4,1.08,1.62,5.24,4.15,2026-10-01,76128000.0,6309993.69000631,0.7524444411002469,Modern (2-5y),Tier 1 - Ultra Luxury,5.0,0.2554931016862544,0.7499812504687383,7,2,564.3145228492383
PROP-15145,Karachi,Malir Cantt,House,7.0,Marla,7 Marla,2655,4,5,4.5,2,0,0,0,24/7 Security; Underground Utilities,2,1.47,1.19,4.13,0.89,2026-10-01,32936000.0,4107136.989804301,1.685714275011338,Established (6-15y),Tier 2 - Premium,2.5,0.3589375448671931,0.7999840003199936,9,0,663.7334066648334
PROP-14673,Karachi,Clifton,House,10.0,Marla,10 Marla,3809,5,6,6.1,2,0,0,1,Gated Community; 24/7 Security; Underground Utilities; Lawn / Garden; Central Heating / Cooling,5,0.62,1.71,1.75,0.97,2026-10-01,108447000.0,9279990.72000928,1.692888881364938,Established (6-15y),Tier 1 - Ultra Luxury,6.0,0.4729250413809411,0.8333194446759221,11,1,761.7847643047139
PROP-12191,Karachi,Clifton,House,7.0,Marla,7 Marla,2569,5,5,3.8,2,1,0,0,Gated Community; 24/7 Security; Backup Generator / Solar; Underground Utilities; Central Heating / Cooling,5,1.59,5.81,2.65,2.49,2026-10-01,69848000.0,8014274.2653224785,1.6311111007548502,Modern (2-5y),Tier 1 - Ultra Luxury,7.0,0.2699055330634278,0.999980000399992,10,1,513.7897242055159
PROP-10993,Islamabad,Sector B-17 Multi Gardens,House,10.0,Marla,10 Marla,3383,4,4,2.1,2,0,0,0,Gated Community; 24/7 Security; Backup Generator / Solar; Servant Quarter; Lawn / Garden,5,3.38,3.17,3.87,0.68,2026-10-01,35057000.0,2854997.145002855,1.5035555488730863,Modern (2-5y),Tier 3 - Affordable/Suburban,6.0,0.2749896878867043,0.9999750006249843,8,0,845.7288567785806
PROP-12713,Karachi,Bahria Town Karachi,Penthouse,5.0,Marla,5 Marla,4667,5,6,4.1,1,1,0,0,24/7 Security; Backup Generator / Solar; Elevator,3,1.42,1.74,3.91,1.87,2026-10-01,29613000.0,4939990.12001976,4.148444407569383,Modern (2-5y),Tier 3 - Affordable/Suburban,5.5,0.3224766204450177,0.8333194446759221,11,1,933.3813323733526
PROP-12193,Rawalpindi,Bahria Town,Flat,5.0,Marla,5 Marla,1550,3,3,4.4,1,1,0,0,Gated Community; 24/7 Security; Underground Utilities; Elevator,4,1.25,6.0,2.82,4.86,2026-10-01,17527000.0,2939994.1200117604,1.3777777655308645,Modern (2-5y),Tier 2 - Premium,6.0,0.2293841036816148,0.9999666677777408,6,1,516.6494450184994
PROP-11249,Lahore,DHA Defence Phase 7-9,Flat,3.5,Marla,3.5 Marla,996,1,1,0.0,1,0,0,0,24/7 Security; Underground Utilities; Servant Quarter; Elevator,4,1.58,0.51,3.97,3.22,2026-10-01,13555000.0,3214276.530638484,1.2647618887014365,Brand New (0-1y),Tier 2 - Premium,6.0,0.2950287653046172,0.999900009999,2,0,995.9004099590042
PROP-13055,Rawalpindi,Satellite Town,Upper Portion,5.0,Marla,5 Marla,876,1,1,10.4,1,0,0,0,Gated Community; 24/7 Security,2,0.35,2.18,4.17,2.3,2026-10-01,11870000.0,2019995.96000808,0.7786666597451852,Established (6-15y),Tier 2 - Premium,2.0,0.3363040188330251,0.999900009999,2,0,875.9124087591241
PROP-14601,Lahore,DHA Defence Phase 5-6,House,7.0,Marla,7 Marla,2445,3,3,2.2,2,0,0,0,Gated Community; 24/7 Security; Backup Generator / Solar; Underground Utilities,4,0.68,1.78,2.97,2.36,2026-10-01,54858000.0,6585704.877564461,1.5523809425245654,Modern (2-5y),Tier 1 - Ultra Luxury,5.5,0.3562522265764161,0.9999666677777408,6,0,814.9728342388587
PROP-14035,Lahore,Lake City,Upper Portion,400.0,Kanal,1 Kanal,3533,6,6,0.0,1,0,0,0,Gated Community; Backup Generator / Solar,2,0.58,2.01,4.44,2.03,2026-10-01,35803000.0,73374.99816562505,0.0392555555511938,Brand New (0-1y),Tier 3 - Affordable/Suburban,3.0,0.3331667499583541,0.9999833336111064,12,0,588.8235196080066
PROP-11998,Lahore,Askari,House,5.0,Marla,5 Marla,1890,4,4,1.8,2,0,1,0,Gated Community; 24/7 Security; Backup Generator / Solar,3,0.68,2.64,6.72,0.58,2026-10-01,29990000.0,4769990.46001908,1.679999985066667,Modern (2-5y),Tier 2 - Premium,4.0,0.3172588832487309,0.9999750006249843,8,1,472.4881877953051
PROP-14919,Lahore,Allama Iqbal Town,House,10.0,Marla,10 Marla,3485,4,4,13.5,2,1,0,0,24/7 Security; Underground Utilities; Servant Quarter,3,1.59,1.8,6.35,2.58,2026-10-01,36680000.0,3109996.8900031103,1.5488888820049382,Established (6-15y),Tier 3 - Affordable/Suburban,3.5,0.258364552383413,0.9999750006249843,8,1,871.2282192945177
PROP-13689,Karachi,DHA Defence Phase 7-9,House,10.0,Marla,10 Marla,3871,5,5,0.0,2,0,0,0,Gated Community; 24/7 Security; Backup Generator / Solar; Underground Utilities; Servant Quarter; Lawn / Garden,6,1.4,1.21,2.73,1.4,2026-10-01,98755000.0,8059991.94000806,1.7204444367980245,Brand New (0-1y),Tier 1 - Ultra Luxury,7.5,0.3791469194312796,0.999980000399992,10,0,774.1845163096739
PROP-12152,Lahore,Gulberg,House,5.0,Marla,5 Marla,880,1,2,0.0,1,0,0,0,24/7 Security; Backup Generator / Solar; Underground Utilities,3,1.15,3.83,5.86,2.31,2026-10-01,41039000.0,6599986.8000264,0.7822222152691359,Brand New (0-1y),Tier 1 - Ultra Luxury,4.5,0.2602811035918792,0.4999750012499374,3,0,879.9120087991201
PROP-14020,Lahore,DHA Defence Phase 5-6,House,7.0,Marla,7 Marla,2608,5,4,10.9,2,0,0,0,Gated Community; Backup Generator / Solar; Underground Utilities; Central Heating / Cooling,4,0.66,2.69,3.35,0.81,2026-10-01,51565000.0,5814277.408175131,1.6558730053595363,Established (6-15y),Tier 1 - Ultra Luxury,6.0,0.3925417075564278,1.2499687507812305,9,0,521.5895682086358
PROP-13111,Islamabad,Sector G-11/G-13,House,7.0,Marla,7 Marla,2594,4,3,3.8,2,0,1,0,Gated Community; Backup Generator / Solar,2,1.99,2.95,1.95,1.18,2026-10-01,47610000.0,5321420.969398616,1.646984116527085,Modern (2-5y),Tier 2 - Premium,3.0,0.346860908775581,1.3332888903703208,7,1,648.4837879053024
PROP-11971,Karachi,Clifton,House,5.0,Marla,5 Marla,1691,2,3,1.7,2,0,0,0,Gated Community; 24/7 Security; Swimming Pool,3,1.97,0.56,3.47,0.6,2026-10-01,53880000.0,8539982.92003416,1.5031110977501236,Modern (2-5y),Tier 1 - Ultra Luxury,5.0,0.3777148253068933,0.6666444451851604,5,0,845.4577271136442
PROP-10198,Rawalpindi,Bahria Town,Upper Portion,5.0,Marla,5 Marla,907,1,1,2.7,1,0,1,0,Gated Community; 24/7 Security; Backup Generator / Solar; Underground Utilities,4,1.1,1.27,2.8,0.81,2026-10-01,15817000.0,2689994.62001076,0.8062222150558026,Modern (2-5y),Tier 2 - Premium,5.5,0.4204330460374185,0.999900009999,2,1,906.9093090690932
PROP-15768,Karachi,Clifton,House,5.0,Marla,5 Marla,851,1,1,0.0,1,0,0,0,24/7 Security; Underground Utilities,2,2.16,0.86,1.95,1.29,2026-10-01,43643000.0,7329985.340029321,0.7564444377204939,Brand New (0-1y),Tier 1 - Ultra Luxury,2.5,0.3756574004507889,0.999900009999,2,0,850.9149085091491
PROP-12627,Islamabad,Sector G-11/G-13,Flat,2.5,Marla,2.5 Marla,717,2,2,9.1,1,0,0,0,Gated Community; 24/7 Security; Backup Generator / Solar; Underground Utilities; Lawn / Garden; Elevator,6,2.4,0.9,1.07,2.44,2026-10-01,14331000.0,4499982.000072,1.2746666440059264,Established (6-15y),Tier 2 - Premium,9.0,0.342348510783978,0.9999500024998748,4,0,358.4820758962052
PROP-11203,Lahore,Lake City,Upper Portion,7.0,Marla,7 Marla,1125,3,3,2.2,1,1,0,0,Gated Community; Lawn / Garden; Central Heating / Cooling,3,0.19,1.44,3.09,2.32,2026-10-01,15262000.0,1721426.1122484112,0.7142857097505669,Modern (2-5y),Tier 3 - Affordable/Suburban,3.5,0.3851338340073175,0.9999666677777408,6,1,374.9875004166528
PROP-15570,Lahore,Johar Town,House,10.0,Marla,10 Marla,3795,5,6,19.8,2,0,1,0,Gated Community; 24/7 Security; Lawn / Garden,3,1.38,5.3,1.22,2.32,2026-10-01,53283000.0,4274995.725004275,1.6866666591703705,Vintage (16y+),Tier 2 - Premium,3.0,0.3107520198881293,0.8333194446759221,11,1,758.984820303594
PROP-15745,Islamabad,Sector F-8/F-10/F-11,House,10.0,Marla,10 Marla,3910,6,6,3.7,2,1,0,0,Gated Community; 24/7 Security; Backup Generator / Solar; Servant Quarter; Lawn / Garden,5,0.89,2.47,6.16,0.81,2026-10-01,109453000.0,8614991.385008615,1.7377777700543209,Modern (2-5y),Tier 1 - Ultra Luxury,6.0,0.3167564143173899,0.9999833336111064,12,1,651.6558057365711
PROP-15791,Lahore,Model Town,House,3.0,Marla,3 Marla,1025,3,3,3.4,2,0,0,0,Gated Community; 24/7 Security; Underground Utilities,3,0.75,0.8,10.5,1.53,2026-10-01,23829000.0,6533311.555628148,1.5185184960219482,Modern (2-5y),Tier 1 - Ultra Luxury,3.5,0.2537105163009007,0.9999666677777408,6,0,341.6552781573947
PROP-15411,Karachi,Clifton,House,5.0,Marla,5 Marla,1731,3,3,0.0,2,0,0,0,Gated Community; 24/7 Security; Backup Generator / Solar; Underground Utilities,4,1.17,1.65,5.46,1.2,2026-10-01,46612000.0,7889984.22003156,1.5386666529896298,Brand New (0-1y),Tier 1 - Ultra Luxury,5.5,0.3216468317787069,0.9999666677777408,6,0,576.9807673077564
PROP-12036,Lahore,Model Town,House,5.0,Marla,5 Marla,1926,4,3,5.4,2,0,0,0,Gated Community; 24/7 Security; Backup Generator / Solar,3,0.5,4.33,3.38,1.12,2026-10-01,38286000.0,6449987.1000258,1.7119999847822225,Established (6-15y),Tier 1 - Ultra Luxury,4.0,0.352547153181738,1.3332888903703208,7,0,481.48796280093
PROP-10478,Lahore,Model Town,House,7.0,Marla,7 Marla,2514,5,5,5.5,2,0,0,0,Gated Community; Backup Generator / Solar; Underground Utilities,3,1.36,0.75,2.86,1.35,2026-10-01,58815000.0,6385705.1632783385,1.5961904660559336,Established (6-15y),Tier 1 - Ultra Luxury,4.5,0.3897875657766517,0.999980000399992,10,0,502.789944201116
PROP-11255,Faisalabad,Canal Road Villas,House,7.0,Marla,7 Marla,1284,3,3,8.3,1,0,0,0,24/7 Security,1,0.5,0.85,6.33,3.01,2026-10-01,25570000.0,3121424.112251268,0.8152380900619804,Established (6-15y),Tier 2 - Premium,1.0,0.2880599164626242,0.9999666677777408,6,0,427.985733808873
PROP-10923,Lahore,Gulberg,Flat,7.5,Marla,7.5 Marla,2191,4,5,0.9,1,1,0,0,Gated Community; 24/7 Security; Backup Generator / Solar; Underground Utilities; Elevator,5,0.85,1.72,5.83,1.76,2026-10-01,39524000.0,4333327.55556326,1.298370362676324,Brand New (0-1y),Tier 1 - Ultra Luxury,8.0,0.3077396522541929,0.7999840003199936,9,1,547.7363065923353
PROP-10420,Karachi,PECHS,Flat,3.5,Marla,3.5 Marla,1011,3,3,3.6,1,0,0,1,Gated Community; 24/7 Security; Central Heating / Cooling; Elevator,4,2.43,5.17,4.88,0.32,2026-10-01,16393000.0,3971417.224522216,1.283809507507181,Modern (2-5y),Tier 2 - Premium,6.0,0.2704164413196322,0.9999666677777408,6,1,336.9887670410986
PROP-12205,Lahore,DHA Defence Phase 5-6,House,3.0,Marla,3 Marla,1173,3,2,0.8,2,1,1,1,24/7 Security; Backup Generator / Solar; Underground Utilities; Central Heating / Cooling,4,0.82,0.5,1.92,2.33,2026-10-01,36570000.0,9516634.944550185,1.7377777520329225,Brand New (0-1y),Tier 1 - Ultra Luxury,6.0,0.4089979550102249,1.4999250037498124,5,3,390.9869671010966
PROP-12598,Karachi,Scheme 33,Penthouse,400.0,Kanal,1 Kanal,3788,4,4,0.0,1,0,0,1,Backup Generator / Solar; Lawn / Garden,2,1.37,1.94,2.11,3.92,2026-10-01,45453000.0,94999.99762500006,0.0420888888842123,Brand New (0-1y),Tier 3 - Affordable/Suburban,3.0,0.2968680421552619,0.9999750006249843,8,1,946.9763255918602
PROP-11121,Lahore,DHA Defence Phase 5-6,House,5.0,Marla,5 Marla,1738,3,3,6.9,2,0,0,0,Gated Community; 24/7 Security; Backup Generator / Solar; Underground Utilities; Lawn / Garden,5,1.39,0.93,7.56,2.2,2026-10-01,43976000.0,6789986.42002716,1.5448888751565433,Established (6-15y),Tier 1 - Ultra Luxury,6.5,0.2632964718272775,0.9999666677777408,6,0,579.3140228659045
PROP-13069,Islamabad,DHA Defence Phase 2,House,5.0,Marla,5 Marla,1748,3,2,7.9,2,0,0,0,Gated Community; 24/7 Security; Backup Generator / Solar; Underground Utilities,4,0.53,1.62,3.06,0.92,2026-10-01,31826000.0,5129989.74002052,1.55377776396642,Established (6-15y),Tier 2 - Premium,5.5,0.4316857327865314,1.4999250037498124,5,0,582.6472450918302
PROP-10951,Karachi,Gulshan-e-Iqbal,House,400.0,Kanal,1 Kanal,3827,5,5,0.8,1,0,0,0,Gated Community; 24/7 Security; Backup Generator / Solar; Underground Utilities; Servant Quarter; Lawn / Garden,6,0.24,3.55,0.97,2.31,2026-10-01,89768000.0,184124.99539687517,0.0425222222174975,Brand New (0-1y),Tier 2 - Premium,7.5,0.3994407829039345,0.999980000399992,10,0,765.384692306154
PROP-12337,Rawalpindi,Chaklala Scheme 3,Upper Portion,5.0,Marla,5 Marla,901,2,3,1.6,1,1,0,0,Gated Community; 24/7 Security,2,0.58,2.07,2.12,1.6,2026-10-01,14524000.0,2549994.9000102,0.8008888817698766,Modern (2-5y),Tier 2 - Premium,2.0,0.4136504653567735,0.6666444451851604,5,1,450.47747612619366
PROP-15376,Faisalabad,D Ground / Peoples Colony,House,10.0,Marla,10 Marla,3569,4,4,13.8,2,0,0,0,Gated Community; 24/7 Security; Underground Utilities; Lawn / Garden; Central Heating / Cooling,5,0.8,0.75,3.75,2.31,2026-10-01,73386000.0,5619994.38000562,1.5862222151723455,Vintage (16y+),Tier 1 - Ultra Luxury,6.0,0.3526714865103156,0.9999750006249843,8,0,892.2276943076423
PROP-12244,Islamabad,Bahria Town Phase 1-8,House,7.0,Marla,7 Marla,2372,5,6,4.7,2,1,0,0,Gated Community; 24/7 Security; Backup Generator / Solar; Underground Utilities; Central Heating / Cooling,5,2.71,2.83,0.44,4.41,2026-10-01,36521000.0,4278565.316335263,1.5060317364696398,Modern (2-5y),Tier 2 - Premium,7.0,0.2642706131078224,0.8333194446759221,11,1,474.3905121897562
PROP-12646,Karachi,PECHS,House,7.0,Marla,7 Marla,2497,4,4,0.7,2,0,0,0,Gated Community; 24/7 Security; Backup Generator / Solar,3,5.78,3.11,3.01,1.81,2026-10-01,47827000.0,5599992.000011429,1.585396815330814,Brand New (0-1y),Tier 2 - Premium,4.0,0.2157730067968497,0.9999750006249843,8,0,624.2343941401465
PROP-11858,Rawalpindi,Saddar Cantt,House,5.0,Marla,5 Marla,1776,3,3,0.9,2,0,0,0,Gated Community; 24/7 Security; Backup Generator / Solar; Underground Utilities; Central Heating / Cooling,5,1.2,2.65,0.75,0.58,2026-10-01,37241000.0,6229987.54002492,1.5786666526340742,Brand New (0-1y),Tier 1 - Ultra Luxury,7.0,0.4669624095260332,0.9999666677777408,6,0,591.9802673244225
PROP-14615,Islamabad,Sector F-6/F-7/E-7,House,10.0,Marla,10 Marla,3830,5,5,2.3,2,0,0,0,Gated Community; 24/7 Security; Backup Generator / Solar; Underground Utilities; Servant Quarter; Lawn / Garden; Swimming Pool; Central Heating / Cooling,8,4.1,2.03,1.78,0.62,2026-10-01,111562000.0,8674991.325008675,1.70222221465679,Modern (2-5y),Tier 1 - Ultra Luxury,12.0,0.3047386865762608,0.999980000399992,10,0,765.9846803063939
PROP-15757,Islamabad,Bahria Town Phase 1-8,House,5.0,Marla,5 Marla,850,1,2,1.6,1,0,0,1,24/7 Security; Backup Generator / Solar; Underground Utilities,3,0.57,2.84,2.01,1.49,2026-10-01,27870000.0,4419991.16001768,0.7555555488395063,Modern (2-5y),Tier 2 - Premium,4.5,0.404122044857547,0.4999750012499374,3,1,849.9150084991501
PROP-11866,Lahore,Bahria Town,Flat,5.0,Marla,5 Marla,1428,2,1,2.1,1,0,0,0,Gated Community; 24/7 Security; Servant Quarter; Elevator,4,0.86,0.53,5.29,0.24,2026-10-01,16480000.0,2659994.68001064,1.2693333220503704,Modern (2-5y),Tier 2 - Premium,5.5,0.3983270264887473,1.999800019998,3,0,713.9643017849107
PROP-12913,Islamabad,Sector F-8/F-10/F-11,House,5.0,Marla,5 Marla,1903,4,4,0.0,2,1,0,0,Gated Community; 24/7 Security; Underground Utilities; Lawn / Garden; Swimming Pool,5,4.18,0.81,2.45,2.29,2026-10-01,59529000.0,9369981.26003748,1.6915555405195064,Brand New (0-1y),Tier 1 - Ultra Luxury,7.5,0.2658513890735079,0.9999750006249843,8,1,475.7381065473364
PROP-15240,Rawalpindi,Saddar Cantt,House,3.0,Marla,3 Marla,1065,2,2,4.1,2,1,0,0,Gated Community; 24/7 Security,2,1.62,2.47,5.91,2.79,2026-10-01,21563000.0,6166646.111179629,1.5777777544032925,Modern (2-5y),Tier 1 - Ultra Luxury,2.0,0.2527486414760521,0.9999500024998748,4,1,532.4733763311834
PROP-12854,Islamabad,Sector G-11/G-13,House,5.0,Marla,5 Marla,886,1,1,5.7,1,0,0,0,Gated Community; 24/7 Security,2,2.41,6.04,1.86,3.08,2026-10-01,26309000.0,4019991.96001608,0.7875555485550618,Established (6-15y),Tier 2 - Premium,2.0,0.2471882338400692,0.999900009999,2,0,885.9114088591141
PROP-16031,Rawalpindi,Chaklala Scheme 3,Flat,2.5,Marla,2.5 Marla,689,1,1,2.5,1,1,0,0,Gated Community; 24/7 Security; Backup Generator / Solar; Elevator,4,2.69,3.64,4.44,3.95,2026-10-01,12310000.0,3919984.32006272,1.2248888671130869,Modern (2-5y),Tier 2 - Premium,6.5,0.2192742023900888,0.999900009999,2,1,688.9311068893111
PROP-14913,Lahore,Gulberg,Flat,3.5,Marla,3.5 Marla,969,1,2,4.7,1,0,1,0,Gated Community; 24/7 Security; Backup Generator / Solar; Underground Utilities,4,0.52,0.44,4.6,1.34,2026-10-01,20463000.0,4785700.612283965,1.2304761748510962,Modern (2-5y),Tier 1 - Ultra Luxury,5.5,0.3891050583657587,0.4999750012499374,3,1,968.9031096890312
PROP-16374,Lahore,Johar Town,House,5.0,Marla,5 Marla,875,2,3,1.5,1,0,0,0,Gated Community; 24/7 Security; Underground Utilities,3,1.25,1.49,8.84,2.41,2026-10-01,24246000.0,4079991.84001632,0.7777777708641976,Modern (2-5y),Tier 2 - Premium,3.5,0.2408477842003854,0.6666444451851604,5,0,437.47812609369527
PROP-15999,Lahore,Askari,House,5.0,Marla,5 Marla,1719,2,3,1.8,2,0,1,0,Gated Community; 24/7 Security; Backup Generator / Solar,3,0.73,1.93,2.58,5.85,2026-10-01,26863000.0,4329991.340017321,1.527999986417778,Modern (2-5y),Tier 2 - Premium,4.0,0.2620545073375262,0.6666444451851604,5,1,859.4570271486425
PROP-16362,Rawalpindi,Saddar Cantt,House,10.0,Marla,10 Marla,3428,5,4,7.2,2,1,0,0,Gated Community; 24/7 Security; Backup Generator / Solar; Underground Utilities; Servant Quarter; Central Heating / Cooling,6,0.58,2.2,2.46,4.56,2026-10-01,73802000.0,5809994.19000581,1.5235555487841974,Established (6-15y),Tier 1 - Ultra Luxury,8.0,0.2947244326554671,1.2499687507812305,9,1,685.5862882742346
PROP-16161,Lahore,DHA Defence Phase 7-9,House,5.0,Marla,5 Marla,2945,4,4,3.5,3,0,1,0,Gated Community; 24/7 Security,2,0.73,2.51,3.05,1.99,2026-10-01,36833000.0,6079987.84002432,2.617777754508642,Modern (2-5y),Tier 2 - Premium,2.0,0.3522367030644593,0.9999750006249843,8,1,736.2315942101447
PROP-13229,Lahore,Bahria Town,Flat,3.5,Marla,3.5 Marla,955,2,3,4.6,1,0,0,0,Gated Community; 24/7 Security; Backup Generator / Solar; Underground Utilities; Elevator,5,2.13,3.99,3.87,1.93,2026-10-01,14883000.0,3242847.8775774925,1.212698397299068,Established (6-15y),Tier 2 - Premium,8.0,0.2704895861509331,0.6666444451851604,5,0,477.4761261936903
PROP-13721,Lahore,Gulberg,House,5.0,Marla,5 Marla,1900,5,5,1.5,2,0,1,0,Gated Community; 24/7 Security; Underground Utilities; Servant Quarter,4,0.44,3.04,1.43,1.45,2026-10-01,48050000.0,7319985.36002928,1.6888888738765433,Modern (2-5y),Tier 1 - Ultra Luxury,4.5,0.429000429000429,0.999980000399992,10,1,379.992400151997
PROP-13229,Lahore,Bahria Town,Flat,3.5,Marla,3.5 Marla,955,2,3,4.4,1,0,0,0,Gated Community; 24/7 Security; Backup Generator / Solar; Underground Utilities; Elevator,5,2.13,3.99,3.87,1.93,2026-10-01,13868000.0,3242847.8775774925,1.212698397299068,Established (6-15y),Tier 2 - Premium,8.0,0.2704895861509331,0.6666444451851604,5,0,477.4761261936903
PROP-16193,Faisalabad,D Ground / Peoples Colony,House,7.0,Marla,7 Marla,2718,4,4,11.5,2,1,0,1,Gated Community; 24/7 Security; Backup Generator / Solar; Underground Utilities; Servant Quarter; Central Heating / Cooling,6,2.85,1.76,2.12,1.06,2026-10-01,56670000.0,6514276.40817656,1.7257142747573695,Vintage (16y+),Tier 1 - Ultra Luxury,8.0,0.332944897619444,0.9999750006249843,8,2,679.4830129246769
PROP-12372,Lahore,DHA Defence Phase 5-6,Upper Portion,10.0,Marla,10 Marla,1723,3,3,0.7,1,0,0,0,Gated Community; 24/7 Security; Backup Generator / Solar; Underground Utilities,4,0.9,2.66,6.4,0.54,2026-10-01,38866000.0,2964997.035002965,0.7657777743743209,Brand New (0-1y),Tier 1 - Ultra Luxury,5.5,0.3168567807351077,0.9999666677777408,6,0,574.3141895270157
PROP-12892,Rawalpindi,Bahria Town,Lower Portion,5.0,Marla,5 Marla,860,2,3,0.9,1,0,0,0,Gated Community; 24/7 Security,2,1.79,0.96,7.47,0.71,2026-10-01,10294000.0,1779996.44000712,0.7644444376493827,Brand New (0-1y),Tier 2 - Premium,2.0,0.2875629043853343,0.6666444451851604,5,0,429.9785010749462
PROP-13758,Islamabad,Sector F-6/F-7/E-7,House,10.0,Marla,10 Marla,1924,4,4,26.7,1,0,0,0,Gated Community; 24/7 Security; Backup Generator / Solar; Underground Utilities; Servant Quarter; Lawn / Garden,6,0.28,2.43,7.45,1.11,2026-10-01,103851000.0,8239991.76000824,0.8551111073106172,Vintage (16y+),Tier 1 - Ultra Luxury,7.5,0.3043676761527925,0.9999750006249843,8,0,480.9879753006175
PROP-14227,Islamabad,DHA Defence Phase 2,Flat,3.5,Marla,3.5 Marla,1078,2,3,4.5,1,1,0,0,Gated Community; 24/7 Security; Elevator,3,0.24,0.86,2.84,1.3,2026-10-01,15371000.0,3528561.34696758,1.368888871506173,Modern (2-5y),Tier 2 - Premium,4.5,0.460617227084293,0.6666444451851604,5,1,538.9730513474326
PROP-10095,Islamabad,DHA Defence Phase 2,House,10.0,Marla,10 Marla,1861,3,4,0.0,1,0,0,0,Gated Community; 24/7 Security; Lawn / Garden,3,0.29,2.31,2.67,0.65,2026-10-01,48389000.0,3944996.055003945,0.8271111074350617,Brand New (0-1y),Tier 2 - Premium,3.0,0.4593477262287551,0.7499812504687383,7,0,620.3126562447918
PROP-12675,Lahore,Johar Town,House,10.0,Marla,10 Marla,3805,6,6,5.8,2,1,0,0,Gated Community; Backup Generator / Solar; Underground Utilities; Servant Quarter; Lawn / Garden,5,1.09,2.66,2.22,0.84,2026-10-01,63575000.0,5219994.78000522,1.6911111035950617,Established (6-15y),Tier 2 - Premium,6.5,0.4037956793862305,0.9999833336111064,12,1,634.1560973983767
PROP-11956,Karachi,Clifton,Flat,3.5,Marla,3.5 Marla,933,1,1,0.8,1,0,0,0,Gated Community; Backup Generator / Solar; Underground Utilities; Elevator,4,2.9,1.45,1.3,1.41,2026-10-01,19651000.0,4842843.306161982,1.1847618897173091,Brand New (0-1y),Tier 1 - Ultra Luxury,7.0,0.3429943405933802,0.999900009999,2,0,932.9067093290672
PROP-10794,Islamabad,DHA Defence Phase 2,Flat,5.0,Marla,5 Marla,1271,2,2,13.2,1,1,0,0,24/7 Security; Backup Generator / Solar; Elevator,3,1.18,0.8,4.29,0.86,2026-10-01,19561000.0,3079993.8400123203,1.1297777677353087,Vintage (16y+),Tier 2 - Premium,5.5,0.3775009437523594,0.9999500024998748,4,1,635.4682265886705
PROP-11835,Lahore,Askari,House,7.0,Marla,7 Marla,2375,4,4,5.3,2,0,0,0,Gated Community; 24/7 Security,2,0.64,2.15,4.2,2.37,2026-10-01,34570000.0,4071422.75511035,1.507936498362308,Established (6-15y),Tier 2 - Premium,2.0,0.3228410008071025,0.9999750006249843,8,0,593.7351566210845
PROP-12117,Karachi,Malir Cantt,House,5.0,Marla,5 Marla,2749,4,4,1.7,3,0,0,0,Gated Community; 24/7 Security,2,0.84,5.77,6.15,0.87,2026-10-01,33469000.0,5499989.000022001,2.443555533835062,Modern (2-5y),Tier 2 - Premium,2.0,0.2739350773866593,0.9999750006249843,8,0,687.2328191795206
PROP-15782,Faisalabad,D Ground / Peoples Colony,House,5.0,Marla,5 Marla,1862,5,6,12.5,2,0,0,0,Gated Community; 24/7 Security; Backup Generator / Solar; Underground Utilities,4,0.36,1.42,2.13,3.71,2026-10-01,32475000.0,5609988.7800224405,1.6551110963990123,Established (6-15y),Tier 1 - Ultra Luxury,5.5,0.3474635163307852,0.8333194446759221,11,0,372.39255214895707
PROP-14108,Lahore,DHA Defence Phase 7-9,House,5.0,Marla,5 Marla,1928,4,4,2.4,2,1,0,0,Gated Community; 24/7 Security; Lawn / Garden,3,0.78,0.82,3.04,1.46,2026-10-01,28051000.0,4459991.0800178405,1.7137777625441977,Modern (2-5y),Tier 2 - Premium,3.0,0.4095004095004094,0.9999750006249843,8,1,481.9879503012425
PROP-13326,Karachi,DHA Defence Phase 7-9,House,5.0,Marla,5 Marla,1690,2,2,25.2,2,0,0,0,Gated Community; Underground Utilities,2,0.45,1.23,2.75,1.88,2026-10-01,40202000.0,6479987.040025921,1.502222208869136,Vintage (16y+),Tier 1 - Ultra Luxury,2.5,0.4071661237785016,0.9999500024998748,4,0,844.9577521123942
PROP-15964,Lahore,Gulberg,House,400.0,Kanal,1 Kanal,7571,6,5,18.1,2,1,1,0,Gated Community; 24/7 Security; Backup Generator / Solar; Underground Utilities; Servant Quarter; Lawn / Garden; Central Heating / Cooling,7,1.0,3.46,5.1,1.52,2026-10-01,164979000.0,354624.9911343752,0.0841222222128753,Vintage (16y+),Tier 1 - Ultra Luxury,9.0,0.2989536621823617,1.1999760004799904,11,2,1261.8123031282812
PROP-12920,Lahore,DHA Defence Phase 7-9,Farmhouse,1600.0,Kanal,4 Kanal,7727,6,6,0.0,1,0,0,0,Gated Community; 24/7 Security; Underground Utilities; Servant Quarter; Lawn / Garden,5,2.8,1.79,8.81,2.91,2026-10-01,296209000.0,146968.74908144533,0.0214638888882926,Brand New (0-1y),Tier 2 - Premium,5.5,0.2047711682195147,0.9999833336111064,12,0,1287.81186980217
PROP-12598,Karachi,Scheme 33,Penthouse,400.0,Kanal,1 Kanal,3788,4,4,0.0,1,0,0,1,Backup Generator / Solar; Lawn / Garden,2,1.37,1.94,2.11,3.92,2026-10-01,47744000.0,94999.99762500006,0.0420888888842123,Brand New (0-1y),Tier 3 - Affordable/Suburban,3.0,0.2968680421552619,0.9999750006249843,8,1,946.9763255918602
PROP-13206,Karachi,Malir Cantt,Upper Portion,10.0,Marla,10 Marla,1577,2,2,4.6,1,0,1,0,Gated Community; 24/7 Security; Underground Utilities,3,2.44,0.38,1.28,0.81,2026-10-01,28476000.0,2454997.545002455,0.7008888857738271,Modern (2-5y),Tier 2 - Premium,3.5,0.4149377593360995,0.9999500024998748,4,1,788.4605769711513
PROP-14810,Islamabad,Sector E-11,Flat,5.0,Marla,5 Marla,1385,3,4,0.0,1,0,1,0,Gated Community; 24/7 Security; Underground Utilities; Elevator,4,0.68,5.31,2.49,0.14,2026-10-01,19674000.0,2939994.1200117604,1.2311111001679014,Brand New (0-1y),Tier 2 - Premium,6.0,0.3884249368809477,0.7499812504687383,7,1,461.6512782907236
PROP-16169,Islamabad,Bahria Town Phase 1-8,Farmhouse,1600.0,Kanal,4 Kanal,4101,5,5,1.6,1,0,0,0,Gated Community; 24/7 Security; Underground Utilities; Servant Quarter; Lawn / Garden,5,1.49,0.92,4.97,1.65,2026-10-01,278662000.0,135406.24915371093,0.0113916666663502,Modern (2-5y),Tier 2 - Premium,5.5,0.3176115610608226,0.999980000399992,10,0,820.1835963280735
PROP-10815,Karachi,DHA Defence Phase 7-9,Flat,2.5,Marla,2.5 Marla,624,2,2,4.7,1,0,0,1,Gated Community; 24/7 Security; Backup Generator / Solar; Servant Quarter; Central Heating / Cooling; Elevator,6,0.42,0.76,2.67,1.15,2026-10-01,18170000.0,6159975.360098559,1.1093333136118522,Established (6-15y),Tier 1 - Ultra Luxury,9.0,0.4672897196261682,0.9999500024998748,4,1,311.984400779961
PROP-10346,Lahore,DHA Defence Phase 5-6,House,400.0,Kanal,1 Kanal,7249,5,5,5.0,2,0,0,0,Gated Community; 24/7 Security; Backup Generator / Solar; Underground Utilities; Servant Quarter; Lawn / Garden; Central Heating / Cooling,7,0.84,6.28,3.9,0.31,2026-10-01,166010000.0,334124.9916468752,0.080544444435495,Established (6-15y),Tier 1 - Ultra Luxury,9.0,0.3216468317787069,0.999980000399992,10,0,1449.7710045799083
PROP-12350,Faisalabad,Canal Road Villas,Upper Portion,7.0,Marla,7 Marla,1286,2,2,0.0,1,0,0,0,24/7 Security; Lawn / Garden; Central Heating / Cooling,3,1.71,4.05,7.06,1.26,2026-10-01,18262000.0,2099997.000004286,0.8165079313237592,Brand New (0-1y),Tier 2 - Premium,3.5,0.2502502502502503,0.9999500024998748,4,0,642.9678516074196
PROP-10363,Faisalabad,Madina Town,Flat,2.5,Marla,2.5 Marla,742,2,2,0.9,1,0,0,0,Gated Community; 24/7 Security; Servant Quarter; Elevator,4,0.82,3.23,3.47,2.15,2026-10-01,9601000.0,3139987.44005024,1.3191110876602474,Brand New (0-1y),Tier 2 - Premium,5.5,0.3214917215881691,0.9999500024998748,4,0,370.9814509274536
PROP-12444,Lahore,DHA Defence Phase 5-6,House,3.0,Marla,3 Marla,1181,3,3,9.4,2,0,0,0,24/7 Security; Backup Generator / Solar; Underground Utilities,3,2.44,5.41,3.35,0.77,2026-10-01,24061000.0,6333312.222292592,1.7496296037091912,Established (6-15y),Tier 1 - Ultra Luxury,4.5,0.280386933968877,0.9999666677777408,6,0,393.65354488183726
PROP-12266,Karachi,North Nazimabad,House,5.0,Marla,5 Marla,1747,2,2,0.8,2,1,0,0,Gated Community; 24/7 Security; Underground Utilities; Lawn / Garden,4,1.43,1.39,3.55,0.22,2026-10-01,29518000.0,5039989.92002016,1.5528888750854322,Brand New (0-1y),Tier 2 - Premium,4.5,0.4024144869215292,0.9999500024998748,4,1,873.4563271836407
PROP-12189,Rawalpindi,Bahria Town,Lower Portion,5.0,Marla,5 Marla,858,2,3,0.8,1,0,1,0,Gated Community; 24/7 Security,2,2.92,4.87,4.97,2.24,2026-10-01,11659000.0,1979996.04000792,0.7626666598874074,Brand New (0-1y),Tier 2 - Premium,2.0,0.2263211497114405,0.6666444451851604,5,1,428.9785510724464
PROP-13006,Lahore,Wapda Town,House,5.0,Marla,5 Marla,1826,4,4,2.5,2,0,0,1,24/7 Security,1,0.85,0.5,1.83,1.99,2026-10-01,25692000.0,4329991.340017321,1.623111096683457,Modern (2-5y),Tier 2 - Premium,1.0,0.4281738385784629,0.9999750006249843,8,1,456.4885877853054
PROP-13282,Karachi,PECHS,Flat,2.5,Marla,2.5 Marla,779,2,2,3.0,1,0,0,0,Gated Community; Underground Utilities; Elevator,3,2.16,3.8,1.79,2.37,2026-10-01,11312000.0,3759984.96006016,1.3848888642686423,Modern (2-5y),Tier 2 - Premium,5.0,0.2945508100147275,0.9999500024998748,4,0,389.4805259737013
PROP-10985,Karachi,Gulshan-e-Iqbal,House,7.0,Marla,7 Marla,2491,4,4,9.1,2,0,1,0,Gated Community; 24/7 Security,2,1.39,1.06,1.6,1.44,2026-10-01,43833000.0,5342849.510214985,1.5815872915454776,Established (6-15y),Tier 2 - Premium,2.0,0.4171011470281543,0.9999750006249843,8,1,622.7344316392091
PROP-11640,Rawalpindi,Saddar Cantt,House,10.0,Marla,10 Marla,3415,5,4,6.1,2,0,0,0,Gated Community; 24/7 Security; Backup Generator / Solar; Servant Quarter; Lawn / Garden; Central Heating / Cooling,6,5.52,2.7,1.48,1.06,2026-10-01,69206000.0,6054993.945006055,1.5177777710320988,Established (6-15y),Tier 1 - Ultra Luxury,7.5,0.2531004808909137,1.2499687507812305,9,0,682.9863402731945
PROP-10828,Islamabad,Sector F-6/F-7/E-7,Farmhouse,800.0,Kanal,2 Kanal,5995,5,5,0.0,1,0,1,0,Gated Community; 24/7 Security; Underground Utilities; Servant Quarter; Lawn / Garden,5,0.53,1.89,5.11,3.79,2026-10-01,477722000.0,452312.49434609385,0.0333055555537052,Brand New (0-1y),Tier 1 - Ultra Luxury,5.5,0.2756339581036383,0.999980000399992,10,1,1198.9760204795905
PROP-12731,Karachi,North Nazimabad,House,7.0,Marla,7 Marla,2371,4,4,11.0,2,0,1,0,Gated Community,1,0.89,4.05,2.32,1.34,2026-10-01,31713000.0,3621423.3979665744,1.5053968158387503,Established (6-15y),Tier 2 - Premium,1.0,0.3590664272890485,0.9999750006249843,8,1,592.7351816204596
PROP-13533,Islamabad,Sector F-8/F-10/F-11,Flat,2.5,Marla,2.5 Marla,690,1,1,0.9,1,1,1,0,Gated Community; 24/7 Security; Backup Generator / Solar; Underground Utilities; Central Heating / Cooling; Elevator,6,1.4,6.22,3.05,2.8,2026-10-01,20771000.0,6419974.32010272,1.2266666448592598,Brand New (0-1y),Tier 1 - Ultra Luxury,9.5,0.2581977794990963,0.999900009999,2,2,689.9310068993101
PROP-14454,Lahore,DHA Defence Phase 5-6,House,5.0,Marla,5 Marla,1718,3,3,0.8,2,0,0,0,Gated Community; 24/7 Security; Backup Generator / Solar; Underground Utilities; Central Heating / Cooling,5,1.63,1.09,1.1,2.15,2026-10-01,31016000.0,5169989.66002068,1.5271110975367903,Brand New (0-1y),Tier 1 - Ultra Luxury,7.0,0.3847633705271258,0.9999666677777408,6,0,572.6475784140529
PROP-15446,Faisalabad,Canal Road Villas,House,5.0,Marla,5 Marla,1842,4,4,0.9,2,0,0,0,Gated Community; Servant Quarter; Elevator,3,3.33,3.4,1.43,1.49,2026-10-01,28554000.0,4729990.54001892,1.6373333187792594,Brand New (0-1y),Tier 2 - Premium,4.5,0.2933841865923426,0.9999750006249843,8,0,460.48848778780535
PROP-12936,Karachi,Malir Cantt,House,400.0,Kanal,1 Kanal,7000,6,7,12.6,2,1,0,0,Gated Community; Backup Generator / Solar; Underground Utilities; Servant Quarter; Lawn / Garden,5,4.59,1.76,4.64,3.45,2026-10-01,110137000.0,219249.9945187501,0.0777777777691358,Vintage (16y+),Tier 2 - Premium,6.5,0.2068894176062894,0.8571306124198226,13,1,1166.647222546291
PROP-13878,Karachi,Scheme 33,House,7.0,Marla,7 Marla,2627,3,4,4.3,2,0,0,0,24/7 Security; Underground Utilities,2,0.87,1.92,0.98,1.7,2026-10-01,25057000.0,2949995.7857203064,1.667936497346435,Modern (2-5y),Tier 3 - Affordable/Suburban,2.5,0.4350663476180118,0.7499812504687383,7,0,875.6374787507083
PROP-15962,Lahore,Bahria Town,Flat,2.5,Marla,2.5 Marla,625,2,2,0.7,1,0,0,0,Gated Community; 24/7 Security; Underground Utilities; Lawn / Garden; Elevator,5,3.84,0.94,4.31,0.29,2026-10-01,10177000.0,3039987.84004864,1.111111091358025,Brand New (0-1y),Tier 2 - Premium,7.0,0.29120559114735,0.9999500024998748,4,0,312.48437578121093
PROP-10127,Lahore,DHA Defence Phase 5-6,House,400.0,Kanal,1 Kanal,3804,5,5,12.2,1,0,0,1,Gated Community; 24/7 Security; Backup Generator / Solar; Underground Utilities; Servant Quarter; Lawn / Garden; Central Heating / Cooling,7,1.46,3.66,0.93,3.07,2026-10-01,136128000.0,269999.9932500002,0.0422666666619703,Established (6-15y),Tier 1 - Ultra Luxury,9.0,0.3157562361856647,0.999980000399992,10,1,760.7847843043139
PROP-13178,Karachi,PECHS,House,10.0,Marla,10 Marla,3584,5,6,3.0,2,1,0,0,Gated Community; 24/7 Security; Underground Utilities; Servant Quarter; Lawn / Garden,5,1.46,2.88,2.66,0.68,2026-10-01,70068000.0,5764994.235005765,1.5928888818093827,Modern (2-5y),Tier 2 - Premium,5.5,0.3732736095558043,0.8333194446759221,11,1,716.7856642867143
PROP-13057,Lahore,Askari,House,5.0,Marla,5 Marla,1956,4,3,2.9,2,0,0,0,Gated Community; 24/7 Security; Backup Generator / Solar; Underground Utilities,4,1.15,2.61,4.81,4.7,2026-10-01,29132000.0,4729990.54001892,1.738666651211852,Modern (2-5y),Tier 2 - Premium,5.5,0.2400384061449832,1.3332888903703208,7,0,488.9877753056174
PROP-10604,Karachi,Clifton,Upper Portion,7.0,Marla,7 Marla,1179,3,3,0.0,1,0,0,0,Gated Community; 24/7 Security; Backup Generator / Solar; Underground Utilities,4,2.73,1.85,0.79,5.03,2026-10-01,34209000.0,4028565.6734776096,0.7485714238185941,Brand New (0-1y),Tier 1 - Ultra Luxury,5.5,0.2564102564102564,0.9999666677777408,6,0,392.9869004366521
PROP-13451,Rawalpindi,Bahria Town,House,10.0,Marla,10 Marla,3542,6,6,2.8,2,0,0,0,Gated Community; 24/7 Security; Backup Generator / Solar; Underground Utilities; Servant Quarter; Lawn / Garden; Central Heating / Cooling,7,3.29,1.05,3.45,1.4,2026-10-01,49003000.0,4204995.795004205,1.5742222152256788,Modern (2-5y),Tier 2 - Premium,9.0,0.2924831822170225,0.9999833336111064,12,0,590.3234946084232
PROP-16027,Islamabad,Sector G-11/G-13,Flat,7.5,Marla,7.5 Marla,2205,4,4,4.4,1,0,0,0,Gated Community; 24/7 Security; Underground Utilities; Elevator,4,1.07,0.36,4.33,3.3,2026-10-01,29016000.0,2979996.0266719647,1.3066666589234568,Modern (2-5y),Tier 2 - Premium,6.0,0.3044603440401888,0.9999750006249843,8,0,551.2362190945227
PROP-15112,Rawalpindi,Adiala Road,Flat,2.5,Marla,2.5 Marla,745,1,1,1.8,1,0,0,0,Backup Generator / Solar; Underground Utilities; Elevator,3,3.11,0.66,1.97,3.51,2026-10-01,7006000.0,2319990.72003712,1.324444420898766,Modern (2-5y),Tier 3 - Affordable/Suburban,6.0,0.2751410097675058,0.999900009999,2,0,744.9255074492551
PROP-14148,Rawalpindi,Bahria Town,House,5.0,Marla,5 Marla,1732,3,3,0.0,2,1,0,0,Gated Community; 24/7 Security; Backup Generator / Solar; Underground Utilities,4,0.8,1.0,4.73,2.81,2026-10-01,21508000.0,3769992.46001508,1.5395555418706175,Brand New (0-1y),Tier 2 - Premium,5.5,0.3106554830692762,0.9999666677777408,6,1,577.314089530349
PROP-13535,Islamabad,Sector F-8/F-10/F-11,Farmhouse,1600.0,Kanal,4 Kanal,8015,6,7,3.0,1,1,0,1,Gated Community; 24/7 Security; Backup Generator / Solar; Underground Utilities; Servant Quarter; Lawn / Garden; Swimming Pool,7,1.07,2.68,3.43,1.21,2026-10-01,601735000.0,309937.49806289066,0.0222638888882704,Modern (2-5y),Tier 1 - Ultra Luxury,10.5,0.3539196602371261,0.8571306124198226,13,2,1335.811069815503
PROP-13369,Lahore,DHA Defence Phase 7-9,House,5.0,Marla,5 Marla,1954,4,3,1.4,2,1,0,0,Gated Community; Backup Generator / Solar,2,0.52,2.42,0.47,1.62,2026-10-01,27775000.0,4749990.500019,1.7368888734498766,Modern (2-5y),Tier 2 - Premium,3.0,0.4705882352941176,1.3332888903703208,7,1,488.4877878053049
PROP-13370,Karachi,DHA Defence Phase 7-9,House,400.0,Kanal,1 Kanal,7806,5,5,1.4,2,1,0,0,Gated Community; Underground Utilities; Servant Quarter; Lawn / Garden,4,1.32,2.72,4.3,0.8,2026-10-01,200764000.0,408749.9897812503,0.0867333333236962,Modern (2-5y),Tier 1 - Ultra Luxury,4.5,0.3367003367003367,0.999980000399992,10,1,1561.1687766244677
PROP-13799,Islamabad,DHA Defence Phase 2,House,10.0,Marla,10 Marla,3520,6,6,4.4,2,0,1,0,Gated Community; 24/7 Security; Backup Generator / Solar; Underground Utilities; Lawn / Garden; Elevator,6,0.66,2.01,3.67,1.67,2026-10-01,62429000.0,5104994.895005105,1.564444437491358,Established (6-15y),Tier 2 - Premium,9.0,0.3613369467028003,0.9999833336111064,12,1,586.6568890518491
PROP-15529,Lahore,DHA Defence Phase 5-6,House,5.0,Marla,5 Marla,1812,4,4,14.8,2,0,0,0,Gated Community; 24/7 Security; Backup Generator / Solar; Underground Utilities; Servant Quarter,5,1.17,1.23,3.86,1.6,2026-10-01,32615000.0,5639988.72002256,1.6106666523496298,Vintage (16y+),Tier 1 - Ultra Luxury,6.5,0.3513703443429374,0.9999750006249843,8,0,452.988675283118
PROP-11793,Islamabad,Bahria Town Phase 1-8,House,400.0,Kanal,1 Kanal,7649,7,7,0.0,2,0,0,0,Gated Community; 24/7 Security; Underground Utilities; Servant Quarter; Lawn / Garden,5,0.54,1.92,3.59,0.72,2026-10-01,117317000.0,228249.99429375012,0.0849888888794456,Brand New (0-1y),Tier 2 - Premium,5.5,0.4147656574035669,0.999985714489793,14,0,1092.6986757332038
PROP-12862,Lahore,DHA Defence Phase 5-6,House,7.0,Marla,7 Marla,1255,3,3,3.2,1,0,0,0,Gated Community; 24/7 Security; Backup Generator / Solar; Underground Utilities; Central Heating / Cooling,5,1.8,1.26,1.41,1.72,2026-10-01,48931000.0,5192849.7245003935,0.796825391766188,Modern (2-5y),Tier 1 - Ultra Luxury,7.0,0.3821169277799006,0.9999666677777408,6,0,418.31938935368817
PROP-15735,Karachi,DHA Defence Phase 7-9,House,400.0,Kanal,1 Kanal,6890,6,6,4.4,2,1,0,0,Gated Community; 24/7 Security; Backup Generator / Solar; Underground Utilities; Servant Quarter; Central Heating / Cooling,6,0.44,0.76,0.74,1.72,2026-10-01,184455000.0,381874.99045312527,0.0765555555470493,Established (6-15y),Tier 1 - Ultra Luxury,8.0,0.5175983436853002,0.9999833336111064,12,1,1148.3141947634206
PROP-13478,Rawalpindi,Satellite Town,House,7.0,Marla,7 Marla,2413,4,4,0.8,2,0,0,1,Gated Community; 24/7 Security; Backup Generator / Solar; Underground Utilities,4,0.58,3.64,2.77,1.81,2026-10-01,38268000.0,4542850.653070495,1.532063482336105,Brand New (0-1y),Tier 2 - Premium,5.5,0.3513703443429374,0.9999750006249843,8,1,603.2349191270218
PROP-13419,Lahore,Askari,House,400.0,Kanal,1 Kanal,11653,5,5,5.8,3,0,0,0,24/7 Security; Underground Utilities; Lawn / Garden,3,0.57,4.98,1.91,1.61,2026-10-01,125585000.0,251624.9937093752,0.1294777777633913,Established (6-15y),Tier 2 - Premium,3.5,0.3556820202738751,0.999980000399992,10,0,2330.5533889322214
PROP-11646,Islamabad,DHA Defence Phase 2,Lower Portion,5.0,Marla,5 Marla,853,2,3,3.4,1,0,0,0,Gated Community; Underground Utilities,2,0.48,1.84,2.81,3.25,2026-10-01,15113000.0,2389995.22000956,0.7582222154824693,Modern (2-5y),Tier 2 - Premium,2.5,0.3354579000335458,0.6666444451851604,5,0,426.4786760661967
PROP-11206,Lahore,DHA Defence Phase 5-6,House,7.0,Marla,7 Marla,1224,3,2,0.8,1,0,0,1,Gated Community; 24/7 Security; Backup Generator / Solar; Underground Utilities; Central Heating / Cooling,5,0.68,0.63,1.62,0.64,2026-10-01,53391000.0,5949991.500012144,0.7771428522086168,Brand New (0-1y),Tier 1 - Ultra Luxury,7.0,0.5409791723018663,1.4999250037498124,5,1,407.9864004533182
PROP-13031,Lahore,Bahria Town,Flat,3.5,Marla,3.5 Marla,1065,3,3,0.7,1,0,0,0,Gated Community; 24/7 Security; Elevator,3,2.83,4.1,7.16,3.97,2026-10-01,12572000.0,2914277.387778892,1.3523809352078613,Brand New (0-1y),Tier 2 - Premium,4.5,0.1912594434350195,0.9999666677777408,6,0,354.98816706109795
PROP-12873,Karachi,DHA Defence Phase 7-9,Penthouse,5.0,Marla,5 Marla,3661,4,5,0.0,1,0,1,0,Gated Community; 24/7 Security; Backup Generator / Solar; Underground Utilities; Elevator,5,2.49,1.58,2.48,3.68,2026-10-01,45994000.0,7549984.9000302,3.254222193295803,Brand New (0-1y),Tier 1 - Ultra Luxury,8.0,0.2696508022111366,0.7999840003199936,9,1,915.227119322017
PROP-13073,Karachi,Clifton,Flat,3.5,Marla,3.5 Marla,1059,3,4,0.0,1,0,0,1,Gated Community; 24/7 Security; Backup Generator / Solar; Underground Utilities; Elevator,5,0.94,1.06,2.53,3.99,2026-10-01,26913000.0,6299982.000051429,1.3447618876855634,Brand New (0-1y),Tier 1 - Ultra Luxury,8.0,0.3133813851457223,0.7499812504687383,7,1,352.98823372554244
PROP-11855,Lahore,DHA Defence Phase 7-9,Lower Portion,10.0,Marla,10 Marla,1793,2,2,0.0,1,0,0,0,Gated Community; Underground Utilities; Servant Quarter,3,0.77,1.77,2.18,0.5,2026-10-01,25560000.0,2099997.9000021,0.7968888853471604,Brand New (0-1y),Tier 2 - Premium,3.5,0.4714757190004714,0.9999500024998748,4,0,896.4551772411379
PROP-14023,Karachi,DHA Defence Phase 7-9,Lower Portion,10.0,Marla,10 Marla,1634,3,3,4.7,1,1,0,0,Gated Community; 24/7 Security; Underground Utilities,3,0.67,5.54,1.32,0.52,2026-10-01,44770000.0,3589996.41000359,0.7262222189945678,Modern (2-5y),Tier 1 - Ultra Luxury,3.5,0.4023335345001005,0.9999666677777408,6,1,544.6485117162761
PROP-14665,Islamabad,DHA Defence Phase 2,House,400.0,Kanal,1 Kanal,7710,5,5,3.4,2,1,0,0,24/7 Security; Backup Generator / Solar; Servant Quarter; Lawn / Garden,4,1.92,1.87,6.02,3.51,2026-10-01,104139000.0,206374.99484062515,0.0856666666571481,Modern (2-5y),Tier 2 - Premium,5.0,0.2375579047392801,0.999980000399992,10,1,1541.9691606167878
PROP-15034,Lahore,DHA Defence Phase 5-6,Flat,5.0,Marla,5 Marla,1387,2,2,12.6,1,1,1,0,24/7 Security; Underground Utilities; Elevator,3,1.65,4.95,1.78,0.41,2026-10-01,23665000.0,3899992.2000156,1.2328888779298766,Established (6-15y),Tier 1 - Ultra Luxury,5.0,0.3572704537334762,0.9999500024998748,4,2,693.4653267336632
PROP-16033,Rawalpindi,Saddar Cantt,House,7.0,Marla,7 Marla,2393,5,5,0.0,2,0,0,1,Gated Community; 24/7 Security; Backup Generator / Solar; Underground Utilities,4,1.28,2.45,1.54,2.19,2026-10-01,63285000.0,7585703.448995073,1.519365069718317,Brand New (0-1y),Tier 1 - Ultra Luxury,5.5,0.3596475454055026,0.999980000399992,10,1,478.5904281914362
PROP-12709,Lahore,Wapda Town,House,10.0,Marla,10 Marla,1804,4,4,0.8,1,0,0,1,Gated Community; 24/7 Security; Backup Generator / Solar; Underground Utilities; Servant Quarter,5,1.03,2.68,3.43,1.66,2026-10-01,52658000.0,4359995.64000436,0.801777774214321,Brand New (0-1y),Tier 2 - Premium,6.5,0.3393857118615306,0.9999750006249843,8,1,450.988725281868
PROP-13504,Karachi,Bahria Town Karachi,Flat,5.0,Marla,5 Marla,1352,3,4,2.5,1,0,0,0,Gated Community; Elevator,2,0.74,5.85,2.56,1.3,2026-10-01,12633000.0,2089995.82000836,1.2017777670953087,Modern (2-5y),Tier 3 - Affordable/Suburban,3.5,0.3291097581043278,0.7499812504687383,7,0,450.65164494516847
PROP-11333,Islamabad,Sector F-6/F-7/E-7,House,10.0,Marla,10 Marla,3855,4,3,0.0,2,0,0,0,Gated Community; Backup Generator / Solar; Underground Utilities; Servant Quarter; Lawn / Garden,5,1.18,1.05,3.41,3.57,2026-10-01,125954000.0,9929990.07000993,1.7133333257185184,Brand New (0-1y),Tier 1 - Ultra Luxury,6.5,0.3008876184744997,1.3332888903703208,7,0,963.7259068523288
PROP-10202,Islamabad,Sector F-6/F-7/E-7,House,400.0,Kanal,1 Kanal,6885,6,6,12.3,2,0,0,1,Gated Community; 24/7 Security; Underground Utilities; Servant Quarter; Lawn / Garden,5,1.56,3.5,4.67,0.64,2026-10-01,237041000.0,450999.9887250003,0.0764999999914999,Established (6-15y),Tier 1 - Ultra Luxury,5.5,0.3127932436659368,0.9999833336111064,12,1,1147.480875318745
PROP-13509,Karachi,Gulshan-e-Iqbal,Flat,5.0,Marla,5 Marla,1562,3,3,4.5,1,0,0,0,Gated Community; 24/7 Security; Underground Utilities; Elevator,4,0.81,4.47,1.84,0.93,2026-10-01,15946000.0,2599994.8000104004,1.3884444321027165,Established (6-15y),Tier 2 - Premium,6.0,0.3844675124951942,0.9999666677777408,6,0,520.6493116896103
PROP-16459,Lahore,DHA Defence Phase 7-9,House,400.0,Kanal,1 Kanal,6949,5,5,6.6,2,0,0,0,Gated Community; 24/7 Security; Backup Generator / Solar; Underground Utilities; Lawn / Garden,5,0.16,3.22,1.29,1.31,2026-10-01,95865000.0,192749.99518125007,0.077211111102532,Established (6-15y),Tier 2 - Premium,6.5,0.4566210045662101,0.999980000399992,10,0,1389.772204555909
PROP-14214,Lahore,Bahria Town,House,5.0,Marla,5 Marla,1926,5,5,1.6,2,0,0,0,Gated Community; 24/7 Security,2,2.95,2.0,4.56,0.84,2026-10-01,24022000.0,3759992.48001504,1.7119999847822225,Modern (2-5y),Tier 2 - Premium,2.0,0.286000286000286,0.999980000399992,10,0,385.1922961540769
PROP-15035,Rawalpindi,Satellite Town,House,7.0,Marla,7 Marla,1231,3,3,3.7,1,0,0,0,Gated Community; 24/7 Security; Backup Generator / Solar,3,0.79,1.07,7.55,2.22,2026-10-01,30860000.0,3599994.8571502045,0.7815872966248426,Modern (2-5y),Tier 2 - Premium,4.0,0.2767783005812344,0.9999666677777408,6,0,410.31965601146624
PROP-10575,Lahore,DHA Defence Phase 5-6,House,400.0,Kanal,1 Kanal,7148,5,5,0.9,2,0,0,0,24/7 Security; Backup Generator / Solar; Underground Utilities; Servant Quarter,4,1.13,1.44,2.2,1.13,2026-10-01,157888000.0,311499.9922125002,0.0794222222133975,Brand New (0-1y),Tier 1 - Ultra Luxury,5.5,0.418322526668061,0.999980000399992,10,0,1429.571408571829
PROP-16390,Islamabad,Sector B-17 Multi Gardens,Flat,3.5,Marla,3.5 Marla,1021,3,4,5.0,1,0,0,0,24/7 Security; Underground Utilities; Elevator,3,1.83,1.68,1.78,3.2,2026-10-01,9900000.0,2228565.061242682,1.296507920044344,Established (6-15y),Tier 3 - Affordable/Suburban,5.0,0.3116721209287829,0.7499812504687383,7,0,340.32198926702443
PROP-10537,Islamabad,Sector F-8/F-10/F-11,House,5.0,Marla,5 Marla,1693,3,4,4.4,2,1,0,0,Gated Community; 24/7 Security; Underground Utilities,3,4.64,2.63,2.56,1.58,2026-10-01,50330000.0,8289983.420033161,1.5048888755120988,Established (6-15y),Tier 1 - Ultra Luxury,3.5,0.2497190660506929,0.7499812504687383,7,1,564.3145228492383
PROP-11626,Lahore,Wapda Town,Upper Portion,7.0,Marla,7 Marla,1183,3,3,0.9,1,0,0,0,Gated Community; Backup Generator / Solar,2,0.4,1.42,1.65,2.19,2026-10-01,17954000.0,2135711.2346982365,0.7511111063421517,Brand New (0-1y),Tier 2 - Premium,3.0,0.4273504273504274,0.9999666677777408,6,0,394.3201893270224
PROP-12123,Karachi,Bahria Town Karachi,Flat,2.5,Marla,2.5 Marla,672,2,2,0.7,1,0,1,0,Gated Community; Elevator,2,1.99,1.36,2.69,1.59,2026-10-01,6935000.0,2319990.72003712,1.1946666454281485,Brand New (0-1y),Tier 3 - Affordable/Suburban,3.5,0.3429943405933802,0.9999500024998748,4,1,335.983200839958
PROP-10386,Lahore,Johar Town,House,5.0,Marla,5 Marla,922,2,1,9.4,1,0,0,0,Gated Community; 24/7 Security; Underground Utilities; Lawn / Garden,4,0.47,4.03,7.7,0.91,2026-10-01,26586000.0,4359991.28001744,0.8195555482706174,Established (6-15y),Tier 2 - Premium,4.5,0.2791736460078168,1.999800019998,3,0,460.9769511524423
PROP-13282,Karachi,PECHS,Flat,2.5,Marla,2.5 Marla,779,2,2,2.9,1,0,0,0,Gated Community; Underground Utilities; Elevator,3,2.16,3.8,1.79,2.37,2026-10-01,11284000.0,3759984.96006016,1.3848888642686423,Modern (2-5y),Tier 2 - Premium,5.0,0.2945508100147275,0.9999500024998748,4,0,389.4805259737013
PROP-10475,Karachi,DHA Defence Phase 7-9,Flat,2.5,Marla,2.5 Marla,692,1,1,0.9,1,0,0,1,Gated Community; 24/7 Security; Backup Generator / Solar; Underground Utilities; Central Heating / Cooling; Elevator,6,1.77,3.95,4.36,2.16,2026-10-01,19603000.0,6479974.08010368,1.2302222003516057,Brand New (0-1y),Tier 1 - Ultra Luxury,9.5,0.2679528403001072,0.999900009999,2,1,691.9308069193081
PROP-10418,Islamabad,Sector F-8/F-10/F-11,House,400.0,Kanal,1 Kanal,6929,5,5,6.0,2,0,1,0,Gated Community; 24/7 Security; Backup Generator / Solar; Underground Utilities; Servant Quarter,5,0.31,2.57,2.09,0.99,2026-10-01,206469000.0,399874.9900031253,0.0769888888803345,Established (6-15y),Tier 1 - Ultra Luxury,6.5,0.4526935264825714,0.999980000399992,10,1,1385.772284554309
PROP-16493,Lahore,Lake City,House,10.0,Marla,10 Marla,3561,5,5,0.0,2,0,0,1,Gated Community; 24/7 Security; Backup Generator / Solar; Underground Utilities; Servant Quarter; Lawn / Garden,6,1.86,0.99,3.62,0.85,2026-10-01,53013000.0,4269995.730004271,1.5826666596325925,Brand New (0-1y),Tier 3 - Affordable/Suburban,7.5,0.3599064243296742,0.999980000399992,10,1,712.1857562848743
PROP-13602,Rawalpindi,Bahria Town,Lower Portion,7.0,Marla,7 Marla,1208,3,3,0.9,1,0,1,0,Gated Community; 24/7 Security; Underground Utilities,3,1.76,3.87,3.47,0.88,2026-10-01,18681000.0,2242853.9387800875,0.7669841221143865,Brand New (0-1y),Tier 2 - Premium,3.5,0.3170074496750673,0.9999666677777408,6,1,402.6532448918369
PROP-15037,Lahore,DHA Defence Phase 5-6,Upper Portion,10.0,Marla,10 Marla,1737,2,1,18.8,1,0,0,0,24/7 Security; Central Heating / Cooling,2,1.18,0.44,4.18,0.8,2026-10-01,34605000.0,2774997.225002775,0.7719999965688888,Vintage (16y+),Tier 1 - Ultra Luxury,2.5,0.3913894324853229,1.999800019998,3,0,868.4565771711414
PROP-10955,Faisalabad,Canal Road Villas,House,5.0,Marla,5 Marla,868,1,1,9.9,1,1,0,0,Basic,0,0.52,4.43,3.46,1.98,2026-10-01,18427000.0,3229993.5400129203,0.771555548697284,Established (6-15y),Tier 2 - Premium,0.0,0.3192338387869114,0.999900009999,2,1,867.9132086791321
PROP-14974,Lahore,Bahria Town,House,400.0,Kanal,1 Kanal,7262,6,6,0.8,2,0,0,0,24/7 Security; Servant Quarter; Lawn / Garden; Central Heating / Cooling,4,1.95,0.73,1.69,0.18,2026-10-01,90395000.0,187374.99531562516,0.0806888888799234,Brand New (0-1y),Tier 2 - Premium,4.5,0.4578754578754578,0.9999833336111064,12,0,1210.3131614473093
PROP-14861,Karachi,Bahria Town Karachi,House,7.0,Marla,7 Marla,1240,2,2,2.1,1,0,0,0,Gated Community; 24/7 Security; Swimming Pool,3,1.18,0.55,3.46,1.1,2026-10-01,18693000.0,2221425.397963717,0.7873015823028471,Modern (2-5y),Tier 3 - Affordable/Suburban,5.0,0.3972194637537239,0.9999500024998748,4,0,619.9690015499224
PROP-15301,Lahore,Johar Town,House,3.0,Marla,3 Marla,1158,2,2,0.9,2,1,0,0,Gated Community; 24/7 Security; Underground Utilities; Servant Quarter,4,1.18,1.22,4.25,1.91,2026-10-01,20376000.0,5683314.388952036,1.715555530139918,Brand New (0-1y),Tier 2 - Premium,4.5,0.3312355084465054,0.9999500024998748,4,1,578.9710514474276
PROP-11206,Lahore,DHA Defence Phase 5-6,House,7.0,Marla,7 Marla,1224,3,2,0.7,1,0,0,1,Gated Community; 24/7 Security; Backup Generator / Solar; Underground Utilities; Central Heating / Cooling,5,0.68,0.63,1.62,0.64,2026-10-01,52849000.0,5949991.500012144,0.7771428522086168,Brand New (0-1y),Tier 1 - Ultra Luxury,7.0,0.5409791723018663,1.4999250037498124,5,1,407.9864004533182
PROP-14762,Rawalpindi,Bahria Town,Flat,5.0,Marla,5 Marla,1525,3,3,2.5,1,1,0,0,Gated Community; 24/7 Security; Underground Utilities,3,0.23,1.57,8.5,1.57,2026-10-01,15375000.0,2499995.00001,1.355555543506173,Modern (2-5y),Tier 2 - Premium,3.5,0.2867794665901921,0.9999666677777408,6,1,508.3163894536849
PROP-14122,Lahore,Askari,House,7.0,Marla,7 Marla,2493,4,5,2.5,2,0,0,0,Gated Community; 24/7 Security; Underground Utilities,3,0.42,2.64,2.2,2.4,2026-10-01,39600000.0,4371422.326539534,1.5828571328072565,Modern (2-5y),Tier 2 - Premium,3.5,0.3699593044765076,0.7999840003199936,9,0,623.2344191395215
PROP-11991,Karachi,Gulshan-e-Iqbal,House,800.0,Kanal,2 Kanal,14728,6,6,4.3,2,0,0,1,Gated Community; Backup Generator / Solar; Servant Quarter; Lawn / Garden,4,0.55,1.34,2.93,3.19,2026-10-01,229615000.0,239312.49700859375,0.0818222222176765,Modern (2-5y),Tier 2 - Premium,5.0,0.3405414609228673,0.9999833336111064,12,1,2454.625756237396
PROP-15302,Rawalpindi,Chaklala Scheme 3,House,5.0,Marla,5 Marla,1843,3,4,7.8,2,0,0,0,Gated Community; 24/7 Security; Underground Utilities,3,0.88,1.39,1.88,0.99,2026-10-01,29421000.0,4789990.42001916,1.638222207660247,Established (6-15y),Tier 2 - Premium,3.5,0.4567252797442339,0.7499812504687383,7,0,614.3128562381254
PROP-14808,Islamabad,Sector F-6/F-7/E-7,House,10.0,Marla,10 Marla,3842,5,5,0.0,2,0,0,0,Gated Community; 24/7 Security; Backup Generator / Solar; Underground Utilities,4,2.12,2.15,4.12,3.58,2026-10-01,107736000.0,8449991.55000845,1.7075555479664195,Brand New (0-1y),Tier 1 - Ultra Luxury,5.5,0.252365930599369,0.999980000399992,10,0,768.3846323073539
PROP-13574,Karachi,Gulshan-e-Iqbal,Flat,7.5,Marla,7.5 Marla,1978,3,2,0.7,1,0,0,1,Gated Community; 24/7 Security; Underground Utilities; Elevator,4,1.45,2.5,3.12,3.87,2026-10-01,27592000.0,3079995.8933388093,1.172148141202085,Brand New (0-1y),Tier 2 - Premium,6.0,0.27266530334015,1.4999250037498124,5,1,659.3113562881236
PROP-15978,Rawalpindi,Satellite Town,House,5.0,Marla,5 Marla,1731,2,3,5.3,2,0,0,1,Gated Community; 24/7 Security,2,1.78,2.64,2.0,0.27,2026-10-01,24101000.0,4199991.600016801,1.5386666529896298,Established (6-15y),Tier 2 - Premium,2.0,0.4,0.6666444451851604,5,1,865.4567271636417
PROP-15283,Karachi,PECHS,Flat,3.5,Marla,3.5 Marla,888,2,2,0.8,1,1,0,0,24/7 Security; Underground Utilities; Elevator,3,1.44,0.5,4.58,1.39,2026-10-01,14469000.0,3457132.979620058,1.1276190333000755,Brand New (0-1y),Tier 2 - Premium,5.0,0.3434065934065934,0.9999500024998748,4,1,443.9778011099445
PROP-16323,Karachi,Gulshan-e-Iqbal,House,7.0,Marla,7 Marla,1221,3,3,7.3,1,0,0,0,Gated Community; 24/7 Security; Backup Generator / Solar; Underground Utilities; Servant Quarter,5,1.57,3.2,4.45,0.59,2026-10-01,34461000.0,4128565.530620671,0.7752380903159486,Established (6-15y),Tier 2 - Premium,6.5,0.3229452607782981,0.9999666677777408,6,0,406.9864337855405
PROP-14383,Karachi,PECHS,House,7.0,Marla,7 Marla,2402,4,4,1.8,2,0,1,0,Gated Community; 24/7 Security; Backup Generator / Solar; Underground Utilities,4,0.54,1.88,2.84,3.08,2026-10-01,51254000.0,6028562.816338834,1.5250793553963216,Modern (2-5y),Tier 2 - Premium,5.5,0.3374957813027337,0.9999750006249843,8,1,600.4849878753032
PROP-14160,Karachi,Bahria Town Karachi,Flat,2.5,Marla,2.5 Marla,707,2,1,2.7,1,1,0,1,Backup Generator / Solar; Elevator,2,2.08,5.86,4.15,2.67,2026-10-01,9713000.0,3199987.2000512,1.256888866544198,Modern (2-5y),Tier 3 - Affordable/Suburban,4.5,0.2359603586597451,1.999800019998,3,2,353.48232588370576
PROP-15101,Lahore,Bahria Town,Lower Portion,5.0,Marla,5 Marla,870,1,2,6.6,1,0,0,0,Gated Community; Backup Generator / Solar,2,0.58,4.61,2.22,1.68,2026-10-01,12632000.0,2029995.94000812,0.7733333264592593,Established (6-15y),Tier 2 - Premium,3.0,0.3518029903254177,0.4999750012499374,3,0,869.91300869913
PROP-14760,Islamabad,Sector F-6/F-7/E-7,House,3.0,Marla,3 Marla,1170,3,3,13.3,2,0,0,0,Gated Community; 24/7 Security; Backup Generator / Solar; Servant Quarter; Central Heating / Cooling,5,0.23,2.88,7.66,5.6,2026-10-01,37451000.0,9699967.666774444,1.7333333076543214,Vintage (16y+),Tier 1 - Ultra Luxury,6.5,0.2116626097999788,0.9999666677777408,6,0,389.9870004333189
PROP-12714,Lahore,Askari,Farmhouse,1600.0,Kanal,4 Kanal,4825,6,6,2.7,2,0,0,0,Gated Community; 24/7 Security; Underground Utilities; Lawn / Garden,4,2.75,1.86,0.52,0.99,2026-10-01,318655000.0,154031.2490373047,0.0134027777774054,Modern (2-5y),Tier 2 - Premium,4.5,0.3784295175023652,0.9999833336111064,12,0,804.1532641122649
PROP-12204,Lahore,Wapda Town,House,10.0,Marla,10 Marla,3566,5,5,4.1,2,0,0,0,Gated Community; 24/7 Security; Backup Generator / Solar; Servant Quarter; Lawn / Garden,5,0.6,1.8,2.51,2.37,2026-10-01,53186000.0,4144995.855004145,1.5848888818449385,Modern (2-5y),Tier 2 - Premium,6.0,0.3713330857779428,0.999980000399992,10,0,713.1857362852743
PROP-15591,Lahore,Model Town,House,400.0,Kanal,1 Kanal,7125,7,7,13.4,2,1,0,0,Gated Community; 24/7 Security; Backup Generator / Solar; Underground Utilities; Servant Quarter; Lawn / Garden; Central Heating / Cooling,7,2.86,4.83,1.28,0.72,2026-10-01,174317000.0,368124.99079687527,0.0791666666578703,Vintage (16y+),Tier 1 - Ultra Luxury,9.0,0.3127443315089914,0.999985714489793,14,1,1017.8426022485394
PROP-13121,Lahore,Askari,Upper Portion,5.0,Marla,5 Marla,916,2,2,4.6,1,0,0,0,Gated Community; 24/7 Security; Backup Generator / Solar,3,0.78,0.6,2.56,1.97,2026-10-01,14595000.0,2559994.88001024,0.8142222149846915,Modern (2-5y),Tier 2 - Premium,4.0,0.40551500405515,0.9999500024998748,4,0,457.9771011449427
PROP-10967,Faisalabad,Madina Town,Flat,2.5,Marla,2.5 Marla,663,2,3,0.9,1,1,1,0,24/7 Security; Backup Generator / Solar; Elevator,3,0.7,2.08,3.01,0.6,2026-10-01,11694000.0,3719985.12005952,1.178666645712593,Brand New (0-1y),Tier 2 - Premium,5.5,0.4275331338178709,0.6666444451851604,5,2,331.4834258287085
PROP-14947,Islamabad,Sector E-11,House,400.0,Kanal,1 Kanal,10137,6,6,3.3,3,0,0,0,Gated Community; 24/7 Security; Servant Quarter; Lawn / Garden; Central Heating / Cooling,5,2.23,2.34,6.05,1.67,2026-10-01,129799000.0,267749.9933062502,0.1126333333208185,Modern (2-5y),Tier 2 - Premium,5.5,0.2602472348731295,0.9999833336111064,12,0,1689.4718421359644
PROP-15206,Islamabad,Sector B-17 Multi Gardens,House,400.0,Kanal,1 Kanal,7139,5,6,1.4,2,0,0,0,Gated Community; 24/7 Security; Underground Utilities; Lawn / Garden,4,0.78,1.09,6.1,1.92,2026-10-01,68136000.0,135249.9966187501,0.0793222222134086,Modern (2-5y),Tier 3 - Affordable/Suburban,4.5,0.3093580819798917,0.8333194446759221,11,0,1427.7714445711083
PROP-13434,Rawalpindi,Bahria Town,Lower Portion,7.0,Marla,7 Marla,1143,3,4,0.8,1,0,0,0,Gated Community; 24/7 Security; Backup Generator / Solar; Underground Utilities,4,0.6,3.94,4.95,2.76,2026-10-01,14022000.0,1778568.8877587318,0.725714281106576,Brand New (0-1y),Tier 2 - Premium,5.5,0.2763194252555955,0.7499812504687383,7,0,380.9873004233192
PROP-10689,Islamabad,Sector F-6/F-7/E-7,House,400.0,Kanal,1 Kanal,7285,6,6,17.1,2,0,0,0,Gated Community; Backup Generator / Solar; Underground Utilities; Servant Quarter; Lawn / Garden,5,1.24,0.98,3.61,0.81,2026-10-01,191432000.0,400874.98997812526,0.0809444444354506,Vintage (16y+),Tier 1 - Ultra Luxury,6.5,0.3927729772191672,0.9999833336111064,12,0,1214.1464308928184
PROP-14245,Lahore,Wapda Town,House,3.0,Marla,3 Marla,1132,3,3,2.8,2,0,0,0,Gated Community; 24/7 Security; Backup Generator / Solar,3,0.94,2.28,2.23,2.08,2026-10-01,18427000.0,4849983.833387222,1.6770370121920444,Modern (2-5y),Tier 2 - Premium,4.0,0.3648303538854432,0.9999666677777408,6,0,377.3207559748008
PROP-13703,Lahore,Johar Town,Flat,3.5,Marla,3.5 Marla,868,2,2,13.5,1,1,0,0,Gated Community; 24/7 Security; Backup Generator / Solar; Underground Utilities; Central Heating / Cooling; Elevator,6,1.94,2.3,2.46,1.16,2026-10-01,15878000.0,3557132.693906589,1.1022222082257498,Vintage (16y+),Tier 2 - Premium,9.5,0.3491620111731843,0.9999500024998748,4,1,433.9783010849457
PROP-10342,Karachi,Gulshan-e-Iqbal,Flat,5.0,Marla,5 Marla,1273,3,3,5.0,1,0,0,1,Gated Community; Underground Utilities; Servant Quarter; Central Heating / Cooling; Elevator,5,0.46,1.13,0.9,1.56,2026-10-01,22040000.0,3719992.56001488,1.131555545497284,Established (6-15y),Tier 2 - Premium,7.5,0.5054334091483447,0.9999666677777408,6,1,424.3191893603546
PROP-15185,Islamabad,DHA Defence Phase 2,House,7.0,Marla,7 Marla,1315,3,3,7.4,1,0,0,0,Servant Quarter; Swimming Pool,2,2.72,2.13,4.94,0.93,2026-10-01,33089000.0,4071422.75511035,0.8349206296195516,Established (6-15y),Tier 2 - Premium,4.0,0.2826056238519147,0.9999666677777408,6,0,438.318722709243
PROP-11725,Karachi,DHA Defence Phase 7-9,Penthouse,10.0,Marla,10 Marla,4897,6,6,0.8,1,0,0,0,Gated Community; 24/7 Security; Backup Generator / Solar; Underground Utilities; Central Heating / Cooling; Elevator,6,1.36,1.67,2.33,0.75,2026-10-01,79829000.0,6729993.27000673,2.176444434771358,Brand New (0-1y),Tier 1 - Ultra Luxury,9.5,0.4136504653567735,0.9999833336111064,12,0,816.1530641155981
PROP-15482,Islamabad,Sector F-8/F-10/F-11,House,10.0,Marla,10 Marla,3408,5,4,5.8,2,0,0,0,Gated Community; 24/7 Security; Backup Generator / Solar; Underground Utilities; Servant Quarter; Lawn / Garden; Central Heating / Cooling,7,3.15,1.09,1.66,2.13,2026-10-01,81668000.0,6354993.645006355,1.5146666599348146,Established (6-15y),Tier 1 - Ultra Luxury,9.0,0.3089280197713933,1.2499687507812305,9,0,681.5863682726346
PROP-14425,Lahore,DHA Defence Phase 7-9,House,7.0,Marla,7 Marla,2388,4,4,6.6,2,0,0,0,Gated Community; 24/7 Security,2,0.39,1.62,4.34,2.67,2026-10-01,28713000.0,3464280.7653131927,1.51619046656387,Established (6-15y),Tier 2 - Premium,2.0,0.3280301787764474,0.9999750006249843,8,0,596.9850753731157
PROP-11793,Islamabad,Bahria Town Phase 1-8,House,400.0,Kanal,1 Kanal,7649,7,7,0.0,2,0,0,0,Gated Community; 24/7 Security; Underground Utilities; Servant Quarter; Lawn / Garden,5,0.54,1.92,3.59,0.72,2026-10-01,116538000.0,228249.99429375012,0.0849888888794456,Brand New (0-1y),Tier 2 - Premium,5.5,0.4147656574035669,0.999985714489793,14,0,1092.6986757332038
PROP-11760,Rawalpindi,Bahria Town,House,5.0,Marla,5 Marla,1800,4,5,1.7,2,0,0,0,Gated Community; 24/7 Security; Backup Generator / Solar; Underground Utilities; Central Heating / Cooling,5,0.93,3.42,2.61,2.68,2026-10-01,23412000.0,3999992.000016,1.599999985777778,Modern (2-5y),Tier 2 - Premium,7.0,0.3160056881023858,0.7999840003199936,9,0,449.988750281243
PROP-13213,Islamabad,DHA Defence Phase 2,Flat,5.0,Marla,5 Marla,1395,2,3,7.9,1,1,0,0,24/7 Security; Backup Generator / Solar; Underground Utilities; Central Heating / Cooling; Elevator,5,0.71,3.02,2.06,0.99,2026-10-01,21333000.0,3299993.4000132,1.239999988977778,Established (6-15y),Tier 2 - Premium,8.5,0.4148516905206389,0.6666444451851604,5,1,697.4651267436627
PROP-10990,Islamabad,Bahria Town Phase 1-8,Flat,5.0,Marla,5 Marla,1454,3,3,0.8,1,0,1,0,24/7 Security; Elevator,2,0.36,2.88,2.71,1.49,2026-10-01,17960000.0,2819994.36001128,1.2924444329560496,Brand New (0-1y),Tier 2 - Premium,3.5,0.3926187671770711,0.9999666677777408,6,1,484.6505116496117
PROP-12263,Karachi,Clifton,Flat,5.0,Marla,5 Marla,1275,3,3,6.3,1,0,0,0,Gated Community; Backup Generator / Solar; Underground Utilities; Servant Quarter; Elevator,5,2.06,1.45,4.45,3.69,2026-10-01,28413000.0,4859990.280019441,1.1333333232592593,Established (6-15y),Tier 1 - Ultra Luxury,8.0,0.2540973192732816,0.9999666677777408,6,0,424.9858338055398
PROP-12483,Faisalabad,Canal Road Villas,House,10.0,Marla,10 Marla,3471,5,6,0.0,2,0,0,0,Gated Community; 24/7 Security; Underground Utilities; Servant Quarter; Lawn / Garden; Swimming Pool,6,2.3,4.3,1.93,4.93,2026-10-01,53187000.0,4194995.805004195,1.5426666598103702,Brand New (0-1y),Tier 2 - Premium,8.5,0.2317497103128621,0.8333194446759221,11,0,694.1861162776745
PROP-10952,Lahore,Lake City,House,5.0,Marla,5 Marla,951,2,2,0.9,1,0,0,0,24/7 Security; Backup Generator / Solar,2,0.92,1.05,2.74,1.7,2026-10-01,16898000.0,2729994.5400109203,0.8453333258192594,Brand New (0-1y),Tier 3 - Affordable/Suburban,3.0,0.3940886699507389,0.9999500024998748,4,0,475.4762261886905
PROP-10723,Lahore,DHA Defence Phase 7-9,House,5.0,Marla,5 Marla,1875,4,5,11.8,2,0,0,0,Gated Community; 24/7 Security,2,3.55,0.45,4.91,0.41,2026-10-01,24182000.0,3889992.22001556,1.666666651851852,Established (6-15y),Tier 2 - Premium,2.0,0.2928257686676427,0.7999840003199936,9,0,468.73828154296143
PROP-13391,Lahore,Model Town,House,5.0,Marla,5 Marla,1800,4,5,5.5,2,0,0,0,Gated Community; 24/7 Security; Backup Generator / Solar; Underground Utilities,4,1.06,0.83,1.99,2.53,2026-10-01,42342000.0,7019985.96002808,1.599999985777778,Established (6-15y),Tier 1 - Ultra Luxury,5.5,0.3770028275212064,0.7999840003199936,9,0,449.988750281243
PROP-12080,Islamabad,Sector F-8/F-10/F-11,House,5.0,Marla,5 Marla,1813,3,4,8.3,2,1,0,1,Gated Community; 24/7 Security; Backup Generator / Solar; Underground Utilities,4,1.31,6.55,6.2,1.45,2026-10-01,52140000.0,8339983.32003336,1.6115555412306175,Established (6-15y),Tier 1 - Ultra Luxury,5.5,0.2429543245869776,0.7499812504687383,7,2,604.313189560348
PROP-12718,Lahore,DHA Defence Phase 7-9,Farmhouse,800.0,Kanal,2 Kanal,8169,6,6,0.0,2,0,0,0,Gated Community; 24/7 Security; Lawn / Garden; Central Heating / Cooling,4,3.7,0.57,2.11,2.33,2026-10-01,160946000.0,166499.99791875004,0.045383333330812,Brand New (0-1y),Tier 2 - Premium,4.5,0.285591889190347,0.9999833336111064,12,0,1361.4773087115216
PROP-12333,Karachi,Clifton,Flat,5.0,Marla,5 Marla,1266,3,3,3.2,1,0,1,0,Gated Community; 24/7 Security; Backup Generator / Solar; Underground Utilities; Elevator,5,1.9,1.16,1.27,2.89,2026-10-01,29663000.0,4939990.12001976,1.1253333233303704,Modern (2-5y),Tier 1 - Ultra Luxury,8.0,0.3378378378378378,0.9999666677777408,6,1,421.98593380220655
PROP-13378,Faisalabad,D Ground / Peoples Colony,House,10.0,Marla,10 Marla,1735,3,3,1.4,1,0,0,1,Gated Community; Backup Generator / Solar; Lawn / Garden,3,2.75,0.94,1.12,0.43,2026-10-01,65647000.0,5094994.905005096,0.7711111076839505,Modern (2-5y),Tier 1 - Ultra Luxury,4.0,0.4070832485243232,0.9999666677777408,6,1,578.3140561981267
PROP-14527,Islamabad,Sector F-8/F-10/F-11,House,5.0,Marla,5 Marla,983,1,1,5.5,1,0,0,0,Gated Community; 24/7 Security; Backup Generator / Solar; Underground Utilities,4,1.05,1.87,2.06,1.94,2026-10-01,38109000.0,6289987.420025161,0.8737777700108643,Established (6-15y),Tier 1 - Ultra Luxury,5.5,0.3785011355034065,0.999900009999,2,0,982.9017098290172
PROP-11501,Lahore,Wapda Town,Lower Portion,5.0,Marla,5 Marla,851,1,1,8.2,1,0,0,0,Gated Community; 24/7 Security,2,3.18,3.37,8.67,1.32,2026-10-01,11079000.0,1879996.24000752,0.7564444377204939,Established (6-15y),Tier 2 - Premium,2.0,0.2105928187848794,0.999900009999,2,0,850.9149085091491
PROP-10286,Islamabad,Sector F-8/F-10/F-11,Flat,3.5,Marla,3.5 Marla,1032,3,4,2.6,1,0,1,0,Gated Community; 24/7 Security; Backup Generator / Solar; Underground Utilities; Central Heating / Cooling; Elevator,6,1.15,0.95,5.51,2.14,2026-10-01,25337000.0,5442841.591881166,1.3104761738352233,Modern (2-5y),Tier 1 - Ultra Luxury,9.5,0.3040437823046518,0.7499812504687383,7,1,343.9885337155428
PROP-13497,Islamabad,Sector G-11/G-13,Flat,5.0,Marla,5 Marla,1556,2,2,4.3,1,0,1,0,Gated Community; 24/7 Security; Backup Generator / Solar; Elevator,4,0.46,1.78,2.34,1.92,2026-10-01,25265000.0,4009991.98001604,1.3831110988167905,Modern (2-5y),Tier 2 - Premium,6.5,0.4045307443365696,0.9999500024998748,4,1,777.9611019449027
PROP-12066,Islamabad,Bahria Town Phase 1-8,House,7.0,Marla,7 Marla,2542,4,4,0.9,2,1,0,1,Gated Community; 24/7 Security; Underground Utilities,3,2.65,1.9,0.96,0.17,2026-10-01,44427000.0,5114278.408173703,1.6139682437208365,Brand New (0-1y),Tier 2 - Premium,3.5,0.4072490327835472,0.9999750006249843,8,2,635.4841128971776
PROP-10769,Karachi,Gulshan-e-Iqbal,Flat,2.5,Marla,2.5 Marla,665,2,2,2.8,1,0,0,0,Gated Community; 24/7 Security; Backup Generator / Solar; Elevator,4,1.12,1.04,3.7,0.52,2026-10-01,12115000.0,3879984.48006208,1.1822222012049386,Modern (2-5y),Tier 2 - Premium,6.5,0.409165302782324,0.9999500024998748,4,0,332.4833758312084
PROP-15493,Karachi,Clifton,Penthouse,10.0,Marla,10 Marla,4069,6,7,24.1,1,0,0,0,Gated Community; 24/7 Security; Backup Generator / Solar; Underground Utilities; Central Heating / Cooling,5,1.11,1.84,2.9,0.26,2026-10-01,69253000.0,5849994.15000585,1.8084444364069132,Vintage (16y+),Tier 1 - Ultra Luxury,7.0,0.4305705059203445,0.8571306124198226,13,0,678.1553640772654
PROP-13058,Lahore,DHA Defence Phase 5-6,Flat,2.5,Marla,2.5 Marla,777,1,1,0.0,1,0,1,0,24/7 Security; Backup Generator / Solar; Underground Utilities; Elevator,4,1.84,2.9,0.92,0.95,2026-10-01,17212000.0,5219979.120083519,1.381333308776297,Brand New (0-1y),Tier 1 - Ultra Luxury,7.0,0.3924646781789639,0.999900009999,2,1,776.922307769223
PROP-14292,Islamabad,Sector F-6/F-7/E-7,Flat,3.5,Marla,3.5 Marla,1001,3,3,4.1,1,1,0,0,24/7 Security; Backup Generator / Solar; Underground Utilities; Elevator,4,1.98,2.37,2.79,0.43,2026-10-01,30544000.0,6728552.20413656,1.271111094970018,Modern (2-5y),Tier 1 - Ultra Luxury,7.0,0.3655638822884299,0.9999666677777408,6,1,333.6555448151728
PROP-15086,Lahore,Bahria Town,House,400.0,Kanal,1 Kanal,7380,6,6,4.2,2,0,0,0,Gated Community; 24/7 Security; Backup Generator / Solar; Lawn / Garden,4,0.17,6.43,2.99,1.23,2026-10-01,87980000.0,179624.99550937512,0.0819999999908888,Established (6-15y),Tier 2 - Premium,5.0,0.3343363423604146,0.9999833336111064,12,0,1229.979500341661
PROP-15235,Lahore,DHA Defence Phase 7-9,House,400.0,Kanal,1 Kanal,3716,5,6,6.3,1,0,0,0,Gated Community; 24/7 Security; Servant Quarter; Lawn / Garden,4,1.26,0.91,0.69,6.07,2026-10-01,83143000.0,155999.9961000001,0.0412888888843012,Established (6-15y),Tier 2 - Premium,4.0,0.2827654460624912,0.8333194446759221,11,0,743.1851362972741
PROP-12162,Lahore,Johar Town,House,3.0,Marla,3 Marla,1127,2,2,2.7,2,0,0,1,Gated Community; 24/7 Security; Underground Utilities,3,0.57,1.28,7.37,0.61,2026-10-01,19515000.0,5333315.555614814,1.6696296048943764,Modern (2-5y),Tier 2 - Premium,3.5,0.3280301787764474,0.9999500024998748,4,1,563.4718264086795
PROP-13294,Karachi,Scheme 33,Flat,3.5,Marla,3.5 Marla,882,1,1,2.5,1,0,0,0,24/7 Security; Servant Quarter,2,1.34,2.32,2.59,1.25,2026-10-01,9031000.0,2085708.3265476385,1.119999985777778,Modern (2-5y),Tier 3 - Affordable/Suburban,2.0,0.3690036900369003,0.999900009999,2,0,881.911808819118
PROP-15800,Karachi,PECHS,Flat,3.5,Marla,3.5 Marla,1019,3,3,5.7,1,0,0,1,Gated Community; 24/7 Security; Backup Generator / Solar; Underground Utilities; Lawn / Garden; Central Heating / Cooling,6,1.66,2.25,2.02,0.91,2026-10-01,17929000.0,4199988.000034286,1.2939682375369113,Established (6-15y),Tier 2 - Premium,8.0,0.3852822192255827,0.9999666677777408,6,1,339.65534482183926
PROP-10947,Islamabad,Sector F-8/F-10/F-11,House,400.0,Kanal,1 Kanal,7420,5,5,7.1,2,0,0,0,Gated Community; 24/7 Security; Backup Generator / Solar; Underground Utilities; Servant Quarter; Lawn / Garden,6,0.59,4.0,3.97,1.01,2026-10-01,177871000.0,336124.99159687525,0.0824444444352839,Established (6-15y),Tier 1 - Ultra Luxury,7.5,0.3444119166523161,0.999980000399992,10,0,1483.9703205935882
PROP-14929,Lahore,Bahria Town,Flat,3.5,Marla,3.5 Marla,1005,3,3,0.8,1,1,0,1,Gated Community; 24/7 Security; Elevator,3,1.48,2.32,1.6,1.15,2026-10-01,12492000.0,2728563.6326753357,1.276190459984883,Brand New (0-1y),Tier 2 - Premium,4.5,0.3951007506914263,0.9999666677777408,6,2,334.9888337055432
PROP-16019,Lahore,DHA Defence Phase 5-6,Upper Portion,5.0,Marla,5 Marla,920,2,2,9.0,1,0,0,0,Gated Community; Backup Generator / Solar; Central Heating / Cooling,3,2.21,1.96,2.6,1.32,2026-10-01,19246000.0,3089993.8200123603,0.8177777705086421,Established (6-15y),Tier 1 - Ultra Luxury,4.5,0.335176805765041,0.9999500024998748,4,0,459.97700114994245
PROP-13336,Karachi,Bahria Town Karachi,Flat,2.5,Marla,2.5 Marla,773,2,3,15.1,1,0,0,0,Gated Community; 24/7 Security; Backup Generator / Solar; Elevator,4,5.16,2.07,2.93,1.08,2026-10-01,8187000.0,2779988.88004448,1.3742221977916054,Vintage (16y+),Tier 3 - Affordable/Suburban,6.5,0.2483546504408294,0.6666444451851604,5,0,386.48067596620166
PROP-14152,Rawalpindi,Adiala Road,House,5.0,Marla,5 Marla,927,2,2,4.5,1,1,1,0,Backup Generator / Solar; Servant Quarter,2,1.38,1.83,2.75,1.83,2026-10-01,13315000.0,2239995.5200089603,0.8239999926755557,Modern (2-5y),Tier 3 - Affordable/Suburban,3.0,0.3500787677227376,0.9999500024998748,4,2,463.476826158692
PROP-14898,Rawalpindi,Bahria Town,Upper Portion,7.0,Marla,7 Marla,1186,3,4,0.8,1,0,0,0,Gated Community; 24/7 Security; Servant Quarter,3,1.78,1.95,3.84,3.04,2026-10-01,15403000.0,1921425.8265345336,0.7530158682348199,Brand New (0-1y),Tier 2 - Premium,3.0,0.2781254345709915,0.7499812504687383,7,0,395.3201559948001
PROP-14876,Karachi,PECHS,Flat,3.5,Marla,3.5 Marla,1090,3,3,6.6,1,0,0,0,Gated Community; 24/7 Security; Elevator,3,1.61,1.59,2.91,2.2,2026-10-01,16545000.0,3671418.081662624,1.3841269665507687,Established (6-15y),Tier 2 - Premium,4.5,0.328515111695138,0.9999666677777408,6,0,363.32122262591247
PROP-11482,Lahore,Model Town,Upper Portion,5.0,Marla,5 Marla,797,1,1,0.0,1,0,0,0,Gated Community; 24/7 Security; Backup Generator / Solar; Underground Utilities,4,1.12,5.29,1.67,0.31,2026-10-01,21999000.0,3519992.96001408,0.7084444381471605,Brand New (0-1y),Tier 1 - Ultra Luxury,5.5,0.3827751196172249,0.999900009999,2,0,796.9203079692031
PROP-11902,Lahore,Askari,House,10.0,Marla,10 Marla,3527,5,6,2.6,2,0,0,0,Gated Community; 24/7 Security; Backup Generator / Solar; Servant Quarter; Lawn / Garden,5,0.9,1.38,9.3,0.83,2026-10-01,56003000.0,4554995.445004555,1.567555548588642,Modern (2-5y),Tier 2 - Premium,6.0,0.2754062241806664,0.8333194446759221,11,0,705.3858922821544
PROP-16308,Lahore,DHA Defence Phase 7-9,House,3.0,Marla,3 Marla,1065,3,4,8.0,2,0,0,0,Gated Community; 24/7 Security; Backup Generator / Solar; Servant Quarter,4,0.88,1.79,0.88,0.57,2026-10-01,14898000.0,3966653.4444885184,1.5777777544032925,Established (6-15y),Tier 2 - Premium,5.0,0.5198856251624643,0.7499812504687383,7,0,354.98816706109795
PROP-13453,Karachi,DHA Defence Phase 7-9,House,7.0,Marla,7 Marla,3937,4,5,5.2,3,0,0,0,Gated Community; 24/7 Security; Underground Utilities; Central Heating / Cooling,4,0.72,3.6,2.38,1.07,2026-10-01,67305000.0,8328559.530629243,2.4996825238115394,Established (6-15y),Tier 1 - Ultra Luxury,5.0,0.3862495171881035,0.7999840003199936,9,0,984.2253943651408
PROP-14066,Lahore,DHA Defence Phase 5-6,Upper Portion,5.0,Marla,5 Marla,911,2,2,5.2,1,0,0,0,24/7 Security; Backup Generator / Solar; Servant Quarter,3,0.63,2.78,1.32,1.33,2026-10-01,21204000.0,3519992.96001408,0.8097777705797532,Established (6-15y),Tier 1 - Ultra Luxury,4.0,0.4346881112801565,0.9999500024998748,4,0,455.477226138693
PROP-16233,Lahore,DHA Defence Phase 5-6,Upper Portion,7.0,Marla,7 Marla,1118,3,4,1.8,1,0,1,0,Gated Community; 24/7 Security; Backup Generator / Solar; Underground Utilities; Central Heating / Cooling,5,2.0,3.85,2.35,3.26,2026-10-01,33046000.0,3649994.785721735,0.7098412653343412,Modern (2-5y),Tier 1 - Ultra Luxury,7.0,0.2684203462622466,0.7499812504687383,7,1,372.6542448585047
PROP-10055,Karachi,DHA Defence Phase 7-9,Flat,3.5,Marla,3.5 Marla,929,1,1,8.9,1,1,0,0,Gated Community; 24/7 Security; Backup Generator / Solar; Servant Quarter; Elevator,5,1.09,1.59,4.08,2.16,2026-10-01,23222000.0,5614269.673515218,1.1796825247024445,Established (6-15y),Tier 1 - Ultra Luxury,7.5,0.324254215304799,0.999900009999,2,1,928.9071092890712
PROP-11824,Rawalpindi,Saddar Cantt,House,5.0,Marla,5 Marla,1751,3,3,5.6,2,0,0,0,Gated Community; 24/7 Security; Backup Generator / Solar; Underground Utilities; Lawn / Garden,5,0.73,3.01,1.38,1.43,2026-10-01,36079000.0,6379987.24002552,1.556444430609383,Established (6-15y),Tier 1 - Ultra Luxury,6.5,0.4145936981757877,0.9999666677777408,6,0,583.647211759608
PROP-15300,Faisalabad,Canal Road Villas,House,3.0,Marla,3 Marla,1032,3,3,7.1,2,1,0,0,Gated Community; 24/7 Security,2,1.55,1.14,6.0,2.64,2026-10-01,13718000.0,3683321.055596481,1.5288888662386837,Established (6-15y),Tier 2 - Premium,2.0,0.2698691134799622,0.9999666677777408,6,1,343.9885337155428
PROP-13464,Faisalabad,D Ground / Peoples Colony,Upper Portion,7.0,Marla,7 Marla,1172,3,3,6.8,1,0,0,0,Gated Community; 24/7 Security; Backup Generator / Solar; Underground Utilities,4,1.55,1.05,3.29,1.19,2026-10-01,23764000.0,2678567.602046283,0.7441269794023684,Established (6-15y),Tier 1 - Ultra Luxury,5.5,0.3683241252302026,0.9999666677777408,6,0,390.653644878504
PROP-13080,Lahore,DHA Defence Phase 5-6,Upper Portion,400.0,Kanal,1 Kanal,3178,5,5,6.0,1,0,0,0,Gated Community; 24/7 Security; Backup Generator / Solar; Underground Utilities; Central Heating / Cooling,5,3.8,2.8,5.51,3.4,2026-10-01,65979000.0,129499.99676250009,0.0353111111071876,Established (6-15y),Tier 1 - Ultra Luxury,7.0,0.2052545155993431,0.999980000399992,10,0,635.587288254235
PROP-10833,Islamabad,Sector F-6/F-7/E-7,Lower Portion,10.0,Marla,10 Marla,1805,3,3,5.5,1,1,0,0,Gated Community; 24/7 Security; Backup Generator / Solar,3,3.14,1.44,2.68,0.96,2026-10-01,64005000.0,4884995.115004885,0.8022222186567901,Established (6-15y),Tier 1 - Ultra Luxury,4.0,0.3185727938834023,0.9999666677777408,6,1,601.6466117796073
PROP-14411,Rawalpindi,Chaklala Scheme 3,House,5.0,Marla,5 Marla,1824,5,5,0.0,2,1,0,0,24/7 Security; Lawn / Garden,2,1.1,3.28,3.48,1.64,2026-10-01,26098000.0,4569990.86001828,1.6213333189214816,Brand New (0-1y),Tier 2 - Premium,2.0,0.3262642740619902,0.999980000399992,10,1,364.792704145917
PROP-12807,Lahore,DHA Defence Phase 5-6,House,5.0,Marla,5 Marla,1858,5,5,0.0,2,0,1,0,Gated Community; 24/7 Security; Backup Generator / Solar; Underground Utilities,4,0.32,1.72,6.74,4.63,2026-10-01,44134000.0,7439985.12002976,1.651555540875062,Brand New (0-1y),Tier 1 - Ultra Luxury,5.5,0.2434867299732164,0.999980000399992,10,1,371.592568148637
PROP-15957,Lahore,DHA Defence Phase 7-9,Flat,2.5,Marla,2.5 Marla,647,2,2,0.0,1,1,0,0,24/7 Security; Elevator,2,1.05,6.01,5.34,1.88,2026-10-01,9988000.0,3059987.76004896,1.1502222017738275,Brand New (0-1y),Tier 2 - Premium,3.5,0.2563445270443476,0.9999500024998748,4,1,323.4838258087095
PROP-16106,Islamabad,Sector B-17 Multi Gardens,Flat,5.0,Marla,5 Marla,1450,3,4,18.0,1,1,0,0,24/7 Security; Elevator,2,0.17,2.3,2.67,0.88,2026-10-01,11236000.0,1789996.4200071602,1.2888888774320988,Vintage (16y+),Tier 3 - Affordable/Suburban,3.5,0.4540295119182747,0.7499812504687383,7,1,483.3172227592413
PROP-16105,Lahore,Model Town,House,5.0,Marla,5 Marla,982,2,3,1.8,1,0,0,0,Gated Community; 24/7 Security; Backup Generator / Solar; Underground Utilities,4,1.22,1.89,3.09,1.68,2026-10-01,48873000.0,7919984.160031681,0.8728888811298766,Modern (2-5y),Tier 1 - Ultra Luxury,5.5,0.353045013239188,0.6666444451851604,5,0,490.97545122743855
PROP-12491,Karachi,DHA Defence Phase 7-9,Upper Portion,10.0,Marla,10 Marla,1638,2,2,2.3,1,0,0,0,24/7 Security; Backup Generator / Solar; Central Heating / Cooling,3,0.16,6.58,7.37,0.51,2026-10-01,44744000.0,3549996.45000355,0.7279999967644444,Modern (2-5y),Tier 1 - Ultra Luxury,4.5,0.2724795640326975,0.9999500024998748,4,0,818.9590520473976
PROP-15889,Islamabad,DHA Defence Phase 2,House,7.0,Marla,7 Marla,2571,4,4,3.0,2,0,0,0,24/7 Security,1,1.58,1.1,2.64,0.69,2026-10-01,35916000.0,3971422.8979672887,1.6323809420166289,Modern (2-5y),Tier 2 - Premium,1.0,0.4076640847941297,0.9999750006249843,8,0,642.7339316517088
PROP-10328,Karachi,DHA Defence Phase 7-9,Flat,3.5,Marla,3.5 Marla,1041,2,2,1.6,1,0,0,0,Gated Community; 24/7 Security; Backup Generator / Solar; Central Heating / Cooling,4,1.6,2.4,5.55,3.65,2026-10-01,16488000.0,3842846.163296676,1.3219047451186698,Modern (2-5y),Tier 1 - Ultra Luxury,5.5,0.2424242424242424,0.9999500024998748,4,0,520.4739763011848
PROP-13311,Lahore,Allama Iqbal Town,House,7.0,Marla,7 Marla,2435,4,4,7.6,2,1,0,0,Gated Community; 24/7 Security; Lawn / Garden,3,1.71,2.97,5.32,3.14,2026-10-01,30786000.0,3299995.285721021,1.5460317362156717,Established (6-15y),Tier 3 - Affordable/Suburban,3.0,0.2469135802469136,0.9999750006249843,8,1,608.7347816304592
PROP-13301,Islamabad,Sector G-11/G-13,House,400.0,Kanal,1 Kanal,7323,6,7,1.5,2,0,0,0,Gated Community; 24/7 Security; Servant Quarter; Lawn / Garden,4,0.79,3.73,3.04,1.1,2026-10-01,124079000.0,249749.99375625016,0.0813666666576259,Modern (2-5y),Tier 2 - Premium,4.0,0.3604902667627974,0.8571306124198226,13,0,1220.4796586723555
PROP-13677,Karachi,North Nazimabad,Flat,3.5,Marla,3.5 Marla,927,1,1,3.2,1,1,0,0,Gated Community; 24/7 Security; Backup Generator / Solar; Underground Utilities; Elevator,5,0.43,3.04,5.72,4.57,2026-10-01,16677000.0,3828560.489827172,1.1771428421950116,Modern (2-5y),Tier 2 - Premium,8.0,0.2426301103967002,0.999900009999,2,1,926.9073092690732
PROP-13055,Rawalpindi,Satellite Town,Upper Portion,5.0,Marla,5 Marla,876,1,1,11.1,1,0,0,0,Gated Community; 24/7 Security,2,0.35,2.18,4.17,2.3,2026-10-01,11851000.0,2019995.96000808,0.7786666597451852,Established (6-15y),Tier 2 - Premium,2.0,0.3363040188330251,0.999900009999,2,0,875.9124087591241
PROP-15386,Karachi,PECHS,Flat,5.0,Marla,5 Marla,1321,3,3,0.0,1,0,0,0,Gated Community; 24/7 Security; Elevator,3,2.41,2.32,1.53,1.84,2026-10-01,19982000.0,3279993.4400131204,1.1742222117846914,Brand New (0-1y),Tier 2 - Premium,4.5,0.3279226102639777,0.9999666677777408,6,0,440.3186560447985
PROP-12144,Islamabad,Sector E-11,House,5.0,Marla,5 Marla,2823,4,4,5.2,3,0,0,0,Gated Community; 24/7 Security; Backup Generator / Solar,3,5.19,6.2,2.74,0.58,2026-10-01,31578000.0,4739990.52001896,2.5093333110281484,Established (6-15y),Tier 2 - Premium,4.0,0.2237887434262056,0.9999750006249843,8,0,705.7323566910827
PROP-15210,Rawalpindi,Chaklala Scheme 3,Lower Portion,400.0,Kanal,1 Kanal,3603,5,5,3.6,1,1,0,0,Gated Community; 24/7 Security,2,0.25,1.16,8.03,0.55,2026-10-01,58404000.0,122624.99693437509,0.0400333333288851,Modern (2-5y),Tier 2 - Premium,2.0,0.3297609233305854,0.999980000399992,10,1,720.5855882882342
PROP-11312,Faisalabad,Madina Town,House,7.0,Marla,7 Marla,1202,3,3,1.7,1,0,0,0,Gated Community; 24/7 Security; Underground Utilities,3,0.72,3.8,2.67,1.55,2026-10-01,23713000.0,2728567.5306178136,0.7631745983290502,Modern (2-5y),Tier 2 - Premium,3.5,0.3544842254519674,0.9999666677777408,6,0,400.65331155628144
PROP-13192,Lahore,Wapda Town,House,10.0,Marla,10 Marla,3731,5,5,4.0,2,0,0,0,Gated Community; Servant Quarter; Lawn / Garden,3,2.25,1.59,6.6,3.18,2026-10-01,49594000.0,3849996.15000385,1.6582222148523456,Modern (2-5y),Tier 2 - Premium,3.0,0.2325581395348837,0.999980000399992,10,0,746.1850762984741
PROP-12539,Lahore,Johar Town,House,7.0,Marla,7 Marla,1373,3,4,1.8,1,1,0,0,Gated Community; 24/7 Security; Servant Quarter,3,0.68,2.24,1.25,1.12,2026-10-01,35410000.0,4114279.836743091,0.8717460262111364,Modern (2-5y),Tier 2 - Premium,3.0,0.4629629629629629,0.7499812504687383,7,1,457.6514116196127
PROP-13985,Rawalpindi,Satellite Town,House,7.0,Marla,7 Marla,1200,2,2,3.5,1,1,1,1,24/7 Security; Backup Generator / Solar; Servant Quarter; Lawn / Garden,4,1.5,4.88,2.96,1.2,2026-10-01,35878000.0,4499993.571437756,0.7619047570672713,Modern (2-5y),Tier 2 - Premium,5.0,0.3116235587410408,0.9999500024998748,4,3,599.9700014999249
PROP-14550,Faisalabad,Madina Town,House,5.0,Marla,5 Marla,1794,3,2,0.9,2,0,0,0,Gated Community; 24/7 Security; Lawn / Garden,3,0.64,9.75,3.36,2.87,2026-10-01,21915000.0,3719992.56001488,1.594666652491852,Brand New (0-1y),Tier 2 - Premium,3.0,0.2369949046095509,1.4999250037498124,5,0,597.9800673310889
PROP-15622,Lahore,Wapda Town,House,10.0,Marla,10 Marla,3710,4,3,0.0,2,0,0,1,Gated Community; 24/7 Security; Servant Quarter; Lawn / Garden,4,2.3,0.47,8.08,0.52,2026-10-01,50118000.0,4304995.695004305,1.6488888815604936,Brand New (0-1y),Tier 2 - Premium,4.0,0.2741603838245373,1.3332888903703208,7,1,927.4768130796732
PROP-10165,Faisalabad,Canal Road Villas,House,5.0,Marla,5 Marla,1805,5,4,3.5,2,1,0,0,Gated Community; 24/7 Security; Backup Generator / Solar; Underground Utilities,4,1.92,1.66,2.94,2.79,2026-10-01,30603000.0,4699990.6000188,1.6044444301827163,Modern (2-5y),Tier 2 - Premium,5.5,0.2988643156007172,1.2499687507812305,9,1,360.9927801443971
PROP-14280,Lahore,DHA Defence Phase 5-6,House,400.0,Kanal,1 Kanal,7379,5,5,0.0,2,0,0,0,Gated Community; 24/7 Security; Underground Utilities; Lawn / Garden; Central Heating / Cooling,5,0.7,1.22,3.28,4.32,2026-10-01,159039000.0,331499.9917125002,0.081988888879779,Brand New (0-1y),Tier 1 - Ultra Luxury,6.0,0.2958579881656805,0.999980000399992,10,0,1475.7704845903083
PROP-15008,Faisalabad,Canal Road Villas,House,5.0,Marla,5 Marla,1705,3,3,0.9,2,0,1,1,Gated Community; 24/7 Security,2,1.16,3.34,1.48,1.38,2026-10-01,29976000.0,4949990.1000198005,1.5155555420839508,Brand New (0-1y),Tier 2 - Premium,2.0,0.3821169277799006,0.9999666677777408,6,2,568.3143895203493
PROP-10823,Lahore,Bahria Town,Flat,3.5,Marla,3.5 Marla,1087,3,3,0.9,1,0,1,0,Gated Community; 24/7 Security; Elevator,3,2.17,5.13,9.57,0.28,2026-10-01,12578000.0,2914277.387778892,1.38031744278962,Brand New (0-1y),Tier 2 - Premium,4.5,0.2208968411751712,0.9999666677777408,6,1,362.3212559581347
PROP-10944,Karachi,North Nazimabad,Upper Portion,7.0,Marla,7 Marla,1189,3,3,10.2,1,0,0,0,Gated Community; Backup Generator / Solar; Underground Utilities,3,1.29,4.4,3.55,1.32,2026-10-01,16897000.0,1978568.6020448543,0.7549206301274881,Established (6-15y),Tier 2 - Premium,4.5,0.3108003108003108,0.9999666677777408,6,0,396.3201226625779
PROP-16100,Lahore,DHA Defence Phase 5-6,Flat,2.5,Marla,2.5 Marla,656,1,2,1.5,1,0,1,0,Gated Community; 24/7 Security; Backup Generator / Solar; Underground Utilities; Elevator,5,1.21,2.42,2.09,1.07,2026-10-01,17249000.0,5399978.400086399,1.166222201489383,Modern (2-5y),Tier 1 - Ultra Luxury,8.0,0.3959611958028113,0.4999750012499374,3,1,655.9344065593441
PROP-16153,Rawalpindi,Chaklala Scheme 3,Flat,3.5,Marla,3.5 Marla,1035,2,2,0.0,1,0,1,0,24/7 Security; Servant Quarter; Elevator,3,0.81,2.43,4.2,1.45,2026-10-01,16197000.0,3842846.163296676,1.314285697596372,Brand New (0-1y),Tier 2 - Premium,4.5,0.3421142661648991,0.9999500024998748,4,1,517.4741262936852
PROP-14428,Lahore,DHA Defence Phase 5-6,House,3.0,Marla,3 Marla,542,1,1,5.2,1,1,0,0,Gated Community; 24/7 Security; Backup Generator / Solar; Underground Utilities,4,1.07,3.58,7.57,1.62,2026-10-01,28928000.0,7899973.666754444,0.8029629510672156,Established (6-15y),Tier 1 - Ultra Luxury,5.5,0.2556563978013549,0.999900009999,2,1,541.9458054194581
PROP-10775,Lahore,Allama Iqbal Town,House,5.0,Marla,5 Marla,1701,3,3,8.3,2,0,0,0,Basic,0,2.46,1.3,1.99,1.5,2026-10-01,17945000.0,2899994.2000116003,1.5119999865600002,Established (6-15y),Tier 3 - Affordable/Suburban,0.0,0.3443526170798898,0.9999666677777408,6,0,566.981100629979
PROP-12199,Rawalpindi,Chaklala Scheme 3,House,5.0,Marla,5 Marla,1898,4,4,11.0,2,0,0,0,Gated Community; Central Heating / Cooling,2,1.62,1.4,4.09,1.09,2026-10-01,25414000.0,4299991.4000172,1.687111096114568,Established (6-15y),Tier 2 - Premium,2.5,0.3422313483915127,0.9999750006249843,8,0,474.4881377965551
PROP-13157,Lahore,DHA Defence Phase 7-9,Upper Portion,7.0,Marla,7 Marla,1221,2,2,2.3,1,0,0,0,Gated Community; 24/7 Security; Backup Generator / Solar; Servant Quarter,4,0.35,3.46,3.02,0.85,2026-10-01,20242000.0,2342853.7959231487,0.7752380903159486,Modern (2-5y),Tier 2 - Premium,5.0,0.3999200159968006,0.9999500024998748,4,0,610.4694765261736
PROP-14244,Lahore,Askari,House,5.0,Marla,5 Marla,858,1,1,2.6,1,0,0,0,Basic,0,0.78,3.13,1.6,1.09,2026-10-01,24693000.0,3769992.46001508,0.7626666598874074,Modern (2-5y),Tier 2 - Premium,0.0,0.4184975936388366,0.999900009999,2,0,857.914208579142
PROP-13697,Rawalpindi,Satellite Town,House,10.0,Marla,10 Marla,3848,5,5,0.0,2,0,0,0,Gated Community; 24/7 Security; Servant Quarter; Lawn / Garden,4,3.8,2.32,1.89,4.66,2026-10-01,49625000.0,4169995.83000417,1.7102222146212345,Brand New (0-1y),Tier 2 - Premium,4.0,0.224517287831163,0.999980000399992,10,0,769.5846083078338
PROP-13454,Islamabad,Sector F-8/F-10/F-11,House,7.0,Marla,7 Marla,2766,3,3,17.0,2,0,0,0,Gated Community; 24/7 Security; Backup Generator / Solar; Underground Utilities; Central Heating / Cooling,5,1.67,1.37,4.35,0.49,2026-10-01,61330000.0,6742847.510217843,1.7561904650400606,Vintage (16y+),Tier 1 - Ultra Luxury,7.0,0.3562522265764161,0.9999666677777408,6,0,921.9692676910768
PROP-10915,Lahore,Johar Town,House,3.0,Marla,3 Marla,1125,3,3,4.5,2,0,0,0,Gated Community; 24/7 Security; Backup Generator / Solar; Underground Utilities; Central Heating / Cooling,5,0.17,2.18,0.89,2.78,2026-10-01,20470000.0,5366648.777837407,1.6666666419753091,Modern (2-5y),Tier 2 - Premium,7.0,0.4169272461955389,0.9999666677777408,6,0,374.9875004166528
PROP-15670,Lahore,Johar Town,Farmhouse,1600.0,Kanal,4 Kanal,6831,7,6,3.0,1,1,0,0,Gated Community; 24/7 Security; Backup Generator / Solar; Underground Utilities; Servant Quarter; Lawn / Garden; Central Heating / Cooling,7,1.13,4.81,1.66,3.08,2026-10-01,405711000.0,196218.74877363283,0.0189749999994729,Modern (2-5y),Tier 2 - Premium,9.0,0.2964719833975689,1.166647222546291,13,1,975.843202239968
PROP-11309,Lahore,DHA Defence Phase 5-6,House,400.0,Kanal,1 Kanal,11782,7,6,5.1,3,0,0,0,Gated Community; 24/7 Security; Backup Generator / Solar; Underground Utilities; Central Heating / Cooling; Elevator,6,4.13,2.84,2.98,2.52,2026-10-01,165111000.0,329749.9917562502,0.1309111110965654,Established (6-15y),Tier 1 - Ultra Luxury,9.5,0.2367704510477092,1.166647222546291,13,0,1683.1188125883916
PROP-14179,Islamabad,Sector G-11/G-13,House,5.0,Marla,5 Marla,2912,5,5,7.0,3,1,0,0,24/7 Security,1,0.71,4.22,2.49,0.22,2026-10-01,38754000.0,6379987.24002552,2.5884444214360496,Established (6-15y),Tier 2 - Premium,1.0,0.4089143324473522,0.999980000399992,10,1,582.3883522329554
PROP-10514,Lahore,Gulberg,House,10.0,Marla,10 Marla,3851,4,3,6.3,2,0,0,1,Gated Community; 24/7 Security; Servant Quarter; Lawn / Garden,4,0.54,2.25,1.05,0.97,2026-10-01,102559000.0,8134991.865008135,1.711555547948642,Established (6-15y),Tier 1 - Ultra Luxury,4.0,0.4932182490752158,1.3332888903703208,7,1,962.7259318517038
PROP-11921,Rawalpindi,Bahria Town,Upper Portion,10.0,Marla,10 Marla,1806,4,4,9.7,1,0,0,0,Gated Community; 24/7 Security; Backup Generator / Solar; Servant Quarter,4,1.48,1.3,2.99,1.57,2026-10-01,19772000.0,1724998.275001725,0.8026666630992592,Established (6-15y),Tier 2 - Premium,5.0,0.3594536304816678,0.9999750006249843,8,0,451.48871278218047
PROP-16038,Islamabad,Sector F-6/F-7/E-7,House,5.0,Marla,5 Marla,984,2,2,1.4,1,0,0,0,Gated Community; 24/7 Security; Backup Generator / Solar; Underground Utilities; Central Heating / Cooling,5,1.12,6.17,1.69,1.27,2026-10-01,49498000.0,7939984.12003176,0.8746666588918519,Modern (2-5y),Tier 1 - Ultra Luxury,7.0,0.3293265272517701,0.9999500024998748,4,0,491.9754012299384
PROP-13596,Karachi,Clifton,Penthouse,5.0,Marla,5 Marla,4105,4,4,3.8,2,0,0,0,Gated Community; 24/7 Security; Backup Generator / Solar; Elevator,4,0.84,2.34,3.23,2.12,2026-10-01,49979000.0,8119983.760032481,3.648888856454321,Modern (2-5y),Tier 1 - Ultra Luxury,6.5,0.341646737273659,0.9999750006249843,8,0,1026.2243443913903
PROP-14844,Islamabad,Sector F-8/F-10/F-11,House,7.0,Marla,7 Marla,2682,3,3,3.5,2,0,0,0,Gated Community; 24/7 Security; Backup Generator / Solar; Underground Utilities; Central Heating / Cooling,5,1.31,3.37,6.11,1.84,2026-10-01,64365000.0,6964275.765320336,1.7028571320453516,Modern (2-5y),Tier 1 - Ultra Luxury,7.0,0.2675227394328518,0.9999666677777408,6,0,893.9702009933002
PROP-11410,Karachi,PECHS,Flat,3.5,Marla,3.5 Marla,998,2,3,1.8,1,0,1,1,Gated Community; Elevator,2,2.33,2.18,4.03,1.34,2026-10-01,17042000.0,4028559.918400233,1.2673015712088689,Modern (2-5y),Tier 2 - Premium,3.5,0.2984629159826891,0.6666444451851604,5,2,498.9750512474376
PROP-14805,Karachi,DHA Defence Phase 7-9,House,5.0,Marla,5 Marla,1762,2,2,3.0,2,0,0,0,24/7 Security; Backup Generator / Solar,2,1.53,3.76,3.43,0.23,2026-10-01,46727000.0,7659984.68003064,1.566222208300247,Modern (2-5y),Tier 1 - Ultra Luxury,3.0,0.350324049746015,0.9999500024998748,4,0,880.9559522023898
PROP-14569,Lahore,Askari,Upper Portion,400.0,Kanal,1 Kanal,3240,5,5,0.0,1,0,1,0,Gated Community; 24/7 Security; Servant Quarter,3,1.02,2.5,6.87,1.86,2026-10-01,59649000.0,113499.99716250008,0.0359999999959999,Brand New (0-1y),Tier 2 - Premium,3.0,0.2729257641921397,0.999980000399992,10,1,647.9870402591948
PROP-13191,Lahore,Lake City,Lower Portion,7.0,Marla,7 Marla,1273,3,3,0.0,1,0,0,0,Gated Community; Underground Utilities; Servant Quarter,3,1.56,2.84,3.14,0.42,2026-10-01,14486000.0,1649997.6428605104,0.8082539631221971,Brand New (0-1y),Tier 3 - Affordable/Suburban,3.5,0.3668378576669112,0.9999666677777408,6,0,424.3191893603546
PROP-14494,Lahore,DHA Defence Phase 5-6,House,400.0,Kanal,1 Kanal,7455,6,6,4.3,2,0,0,0,24/7 Security; Backup Generator / Solar; Servant Quarter; Lawn / Garden,4,2.12,3.31,4.22,2.09,2026-10-01,156596000.0,289874.9927531252,0.0828333333241296,Modern (2-5y),Tier 1 - Ultra Luxury,5.0,0.2695781102574471,0.9999833336111064,12,0,1242.4792920117998
PROP-11556,Rawalpindi,Satellite Town,House,5.0,Marla,5 Marla,1705,3,3,1.6,2,0,0,0,Gated Community,1,1.71,0.87,3.25,0.85,2026-10-01,24634000.0,4129991.740016521,1.5155555420839508,Modern (2-5y),Tier 2 - Premium,1.0,0.3796507213363705,0.9999666677777408,6,0,568.3143895203493
PROP-16407,Lahore,Model Town,Farmhouse,2400.0,Kanal,6 Kanal,4647,5,4,1.8,1,0,0,0,Gated Community; 24/7 Security; Underground Utilities; Servant Quarter; Lawn / Garden; Swimming Pool,6,1.93,1.51,10.21,0.13,2026-10-01,611842000.0,217416.66576076383,0.0086055555553961,Modern (2-5y),Tier 1 - Ultra Luxury,8.5,0.2510670348983178,1.2499687507812305,9,0,929.3814123717526
PROP-10805,Lahore,DHA Defence Phase 5-6,House,3.0,Marla,3 Marla,542,2,2,6.5,1,0,0,0,Gated Community; Backup Generator / Solar; Underground Utilities; Servant Quarter,4,2.91,5.05,3.33,1.92,2026-10-01,24610000.0,6433311.88896037,0.8029629510672156,Established (6-15y),Tier 1 - Ultra Luxury,5.5,0.2488800398208064,0.9999500024998748,4,0,270.9864506774661
PROP-15032,Karachi,Clifton,House,7.0,Marla,7 Marla,4152,5,6,0.8,3,0,0,0,Gated Community; 24/7 Security; Backup Generator / Solar; Underground Utilities; Servant Quarter,5,1.05,1.25,7.07,2.49,2026-10-01,79244000.0,9257129.632671954,2.636190459452759,Brand New (0-1y),Tier 1 - Ultra Luxury,6.5,0.2691065662002153,0.8333194446759221,11,0,830.3833923321534
PROP-11280,Lahore,DHA Defence Phase 5-6,House,400.0,Kanal,1 Kanal,3616,5,5,0.9,1,0,1,0,Gated Community; 24/7 Security; Underground Utilities; Servant Quarter; Lawn / Garden,5,0.58,1.02,2.49,3.28,2026-10-01,130545000.0,251624.9937093752,0.0401777777733135,Brand New (0-1y),Tier 1 - Ultra Luxury,5.5,0.3523608174770965,0.999980000399992,10,1,723.1855362892743
PROP-15856,Karachi,Clifton,Flat,3.5,Marla,3.5 Marla,876,2,1,3.8,1,1,0,1,Gated Community; 24/7 Security; Backup Generator / Solar; Underground Utilities; Elevator,5,1.02,2.25,2.69,1.9,2026-10-01,27899000.0,6457124.408215976,1.11238093825548,Modern (2-5y),Tier 1 - Ultra Luxury,8.0,0.3568242640499554,1.999800019998,3,2,437.9781010949452
PROP-15003,Rawalpindi,Adiala Road,House,400.0,Kanal,1 Kanal,11375,7,7,0.0,3,0,0,0,Gated Community; Servant Quarter; Lawn / Garden,3,1.1,0.53,2.56,0.42,2026-10-01,81554000.0,174874.99562812512,0.1263888888748456,Brand New (0-1y),Tier 3 - Affordable/Suburban,3.0,0.4756242568370987,0.999985714489793,14,0,1624.9767860459135
PROP-15175,Karachi,Gulshan-e-Iqbal,Upper Portion,400.0,Kanal,1 Kanal,3365,5,4,2.7,1,0,0,0,Gated Community; 24/7 Security; Backup Generator / Solar,3,1.64,1.06,1.55,3.09,2026-10-01,45213000.0,97499.99756250008,0.0373888888847345,Modern (2-5y),Tier 2 - Premium,4.0,0.3367003367003367,1.2499687507812305,9,0,672.9865402691946
PROP-15989,Faisalabad,D Ground / Peoples Colony,Flat,2.5,Marla,2.5 Marla,772,2,1,0.0,1,0,0,1,Gated Community; 24/7 Security; Underground Utilities; Central Heating / Cooling,4,1.54,2.6,3.44,0.59,2026-10-01,13328000.0,4399982.4000704,1.3724444200454329,Brand New (0-1y),Tier 1 - Ultra Luxury,5.0,0.3579098067287043,1.999800019998,3,1,385.9807009649517
PROP-15622,Lahore,Wapda Town,House,10.0,Marla,10 Marla,3710,4,3,0.0,2,0,0,1,Gated Community; 24/7 Security; Servant Quarter; Lawn / Garden,4,2.3,0.47,8.08,0.52,2026-10-01,52078000.0,4304995.695004305,1.6488888815604936,Brand New (0-1y),Tier 2 - Premium,4.0,0.2741603838245373,1.3332888903703208,7,1,927.4768130796732
PROP-13579,Lahore,Lake City,Upper Portion,7.0,Marla,7 Marla,1105,3,3,2.9,1,0,1,0,Basic,0,2.3,1.18,3.53,0.65,2026-10-01,12329000.0,1442855.0816355976,0.7015872971327791,Modern (2-5y),Tier 3 - Affordable/Suburban,0.0,0.346860908775581,0.9999666677777408,6,1,368.32105596480113
PROP-12902,Rawalpindi,Chaklala Scheme 3,Flat,2.5,Marla,2.5 Marla,685,1,2,2.2,1,0,0,0,24/7 Security; Backup Generator / Solar; Underground Utilities; Elevator,4,0.2,0.84,5.34,2.46,2026-10-01,11043000.0,3699985.2000592,1.2177777561283956,Modern (2-5y),Tier 2 - Premium,7.0,0.3331112591605596,0.4999750012499374,3,0,684.931506849315
PROP-11388,Islamabad,Sector F-6/F-7/E-7,Flat,2.5,Marla,2.5 Marla,758,2,2,8.5,1,0,0,0,Gated Community; 24/7 Security; Underground Utilities; Elevator,4,1.61,1.8,6.37,1.22,2026-10-01,19673000.0,5879976.48009408,1.3475555315990129,Established (6-15y),Tier 1 - Ultra Luxury,6.0,0.2878940549877645,0.9999500024998748,4,0,378.9810509474526
PROP-15402,Karachi,Bahria Town Karachi,House,7.0,Marla,7 Marla,2647,4,4,0.0,2,0,0,0,Gated Community; Backup Generator / Solar; Lawn / Garden,3,1.9,2.84,1.34,4.8,2026-10-01,25937000.0,3028567.1020469973,1.6806349099642228,Brand New (0-1y),Tier 3 - Affordable/Suburban,4.0,0.2632271650434324,0.9999750006249843,8,0,661.7334566635834
PROP-14691,Lahore,DHA Defence Phase 7-9,House,7.0,Marla,7 Marla,2395,5,5,0.0,2,0,0,0,Gated Community; 24/7 Security; Backup Generator / Solar; Underground Utilities; Servant Quarter,5,4.49,2.83,1.07,2.24,2026-10-01,34314000.0,4099994.14286551,1.5206349109800958,Brand New (0-1y),Tier 2 - Premium,6.5,0.2575991756826378,0.999980000399992,10,0,478.9904201915962
PROP-12762,Karachi,Bahria Town Karachi,Flat,2.5,Marla,2.5 Marla,770,2,2,4.5,1,1,0,0,Elevator,1,1.53,3.1,1.79,0.42,2026-10-01,7843000.0,2559989.76004096,1.368888864553087,Modern (2-5y),Tier 3 - Affordable/Suburban,2.5,0.4024954719259408,0.9999500024998748,4,1,384.9807509624519
PROP-12680,Islamabad,DHA Defence Phase 2,House,7.0,Marla,7 Marla,2630,5,5,3.7,2,0,0,0,Gated Community; 24/7 Security; Underground Utilities,3,0.95,1.54,1.14,1.01,2026-10-01,46216000.0,5007135.704091852,1.6698412592391032,Modern (2-5y),Tier 2 - Premium,3.5,0.47744091668656,0.999980000399992,10,0,525.9894802103959
PROP-12107,Islamabad,DHA Defence Phase 2,House,10.0,Marla,10 Marla,5680,7,7,1.9,3,0,0,0,24/7 Security; Servant Quarter; Lawn / Garden,3,1.54,1.24,5.39,1.37,2026-10-01,63788000.0,5129994.87000513,2.524444433224691,Modern (2-5y),Tier 2 - Premium,3.0,0.3111387678904792,0.999985714489793,14,0,811.416979757432
PROP-14225,Faisalabad,D Ground / Peoples Colony,Flat,5.0,Marla,5 Marla,1558,3,3,8.4,1,0,0,1,Gated Community; 24/7 Security; Backup Generator / Solar; Underground Utilities; Elevator,5,0.84,3.78,3.27,0.64,2026-10-01,28544000.0,4699990.6000188,1.3848888765787657,Established (6-15y),Tier 1 - Ultra Luxury,8.0,0.3694126339120798,0.9999666677777408,6,1,519.31602279924
PROP-14834,Karachi,PECHS,House,5.0,Marla,5 Marla,1827,4,4,2.8,2,0,0,0,Gated Community; Underground Utilities,2,0.63,3.83,2.52,4.03,2026-10-01,29787000.0,4929990.14001972,1.6239999855644447,Modern (2-5y),Tier 2 - Premium,2.5,0.2850627137970353,0.9999750006249843,8,0,456.73858153546166
PROP-12769,Faisalabad,Canal Road Villas,House,10.0,Marla,10 Marla,3447,6,6,6.4,2,0,0,1,24/7 Security; Backup Generator / Solar; Servant Quarter; Lawn / Garden,4,0.86,0.82,4.21,1.27,2026-10-01,55092000.0,4634995.365004635,1.531999993191111,Established (6-15y),Tier 2 - Premium,5.0,0.3777861730260672,0.9999833336111064,12,1,574.4904251595807
PROP-13955,Islamabad,Sector F-8/F-10/F-11,Upper Portion,7.0,Marla,7 Marla,1243,3,3,3.7,1,0,0,0,Gated Community; 24/7 Security; Underground Utilities,3,0.41,2.3,5.37,0.9,2026-10-01,30386000.0,3349995.2142925514,0.7892063441955153,Modern (2-5y),Tier 1 - Ultra Luxury,3.5,0.353045013239188,0.9999666677777408,6,0,414.3195226825772
PROP-13187,Rawalpindi,Chaklala Scheme 3,House,10.0,Marla,10 Marla,3600,5,5,0.0,2,1,0,0,Gated Community; 24/7 Security; Backup Generator / Solar; Underground Utilities,4,1.76,3.41,1.32,1.62,2026-10-01,56111000.0,4809995.19000481,1.5999999928888888,Brand New (0-1y),Tier 2 - Premium,5.5,0.3475238922675934,0.999980000399992,10,1,719.9856002879943
PROP-13281,Karachi,Clifton,Flat,3.5,Marla,3.5 Marla,1010,3,3,0.0,1,0,0,0,Gated Community; 24/7 Security; Backup Generator / Solar; Underground Utilities; Elevator,5,1.62,0.84,1.82,0.61,2026-10-01,26447000.0,6171410.938825889,1.2825396662534645,Brand New (0-1y),Tier 1 - Ultra Luxury,8.0,0.4464285714285714,0.9999666677777408,6,0,336.655444818506
PROP-12574,Lahore,DHA Defence Phase 7-9,House,10.0,Marla,10 Marla,3866,5,5,0.0,2,1,0,0,Gated Community; 24/7 Security; Underground Utilities; Servant Quarter; Lawn / Garden,5,2.38,3.96,1.05,1.66,2026-10-01,61799000.0,5114994.885005116,1.718222214585679,Brand New (0-1y),Tier 2 - Premium,5.5,0.3189792663476874,0.999980000399992,10,1,773.1845363092739
PROP-14619,Karachi,Bahria Town Karachi,Flat,3.5,Marla,3.5 Marla,1062,3,3,0.8,1,0,0,0,24/7 Security; Backup Generator / Solar; Servant Quarter; Elevator,4,4.09,0.44,9.77,0.76,2026-10-01,10774000.0,2585706.8979802914,1.3485714114467122,Brand New (0-1y),Tier 3 - Affordable/Suburban,6.5,0.2136980446628913,0.9999666677777408,6,0,353.9882003933202
PROP-12600,Islamabad,DHA Defence Phase 2,House,400.0,Kanal,1 Kanal,3682,4,4,0.0,1,1,0,0,Gated Community; Underground Utilities; Servant Quarter,3,2.82,2.41,2.78,1.58,2026-10-01,100336000.0,193124.99517187517,0.0409111111065654,Brand New (0-1y),Tier 2 - Premium,3.5,0.2959893443836022,0.9999750006249843,8,1,920.4769880752982
PROP-14035,Lahore,Lake City,Upper Portion,400.0,Kanal,1 Kanal,3533,6,6,0.0,1,0,0,0,Gated Community; Backup Generator / Solar,2,0.58,2.01,4.44,2.03,2026-10-01,36077000.0,73374.99816562505,0.0392555555511938,Brand New (0-1y),Tier 3 - Affordable/Suburban,3.0,0.3331667499583541,0.9999833336111064,12,0,588.8235196080066
PROP-10237,Lahore,DHA Defence Phase 5-6,House,10.0,Marla,10 Marla,3815,5,5,2.3,2,0,1,0,Gated Community; 24/7 Security; Backup Generator / Solar; Underground Utilities; Servant Quarter; Lawn / Garden; Central Heating / Cooling,7,0.53,2.17,5.16,1.57,2026-10-01,98220000.0,7469992.53000747,1.695555548019753,Modern (2-5y),Tier 1 - Ultra Luxury,9.0,0.33178500331785,0.999980000399992,10,1,762.9847403051939
PROP-11305,Islamabad,Sector F-8/F-10/F-11,House,7.0,Marla,7 Marla,2399,4,5,0.0,2,1,0,0,Gated Community; Underground Utilities; Central Heating / Cooling,3,2.57,2.34,3.11,1.7,2026-10-01,68244000.0,7785703.163281196,1.5231745935036534,Brand New (0-1y),Tier 1 - Ultra Luxury,4.0,0.2956393200295639,0.7999840003199936,9,1,599.7350066248345
PROP-13432,Faisalabad,Canal Road Villas,House,3.0,Marla,3 Marla,1024,3,3,0.9,2,0,0,0,Gated Community; 24/7 Security,2,4.1,2.99,4.68,1.13,2026-10-01,14133000.0,3833320.555598148,1.5170370145624146,Brand New (0-1y),Tier 2 - Premium,2.0,0.2404713237946374,0.9999666677777408,6,0,341.32195593480213
PROP-15880,Faisalabad,Canal Road Villas,Flat,2.5,Marla,2.5 Marla,653,1,2,3.4,1,1,0,0,24/7 Security; Underground Utilities; Elevator,3,2.84,1.26,1.0,1.77,2026-10-01,9933000.0,3159987.3600505595,1.160888868250865,Modern (2-5y),Tier 2 - Premium,5.0,0.3431708991077557,0.4999750012499374,3,1,652.9347065293471
PROP-11302,Lahore,Johar Town,Flat,3.5,Marla,3.5 Marla,1058,3,3,0.0,1,1,0,0,Gated Community; 24/7 Security; Underground Utilities; Elevator,4,1.94,0.75,0.98,0.66,2026-10-01,15306000.0,3685703.755132128,1.3434920464318472,Brand New (0-1y),Tier 2 - Premium,6.0,0.4575611988103408,0.9999666677777408,6,1,352.65491150294986
PROP-12542,Karachi,Scheme 33,Flat,5.0,Marla,5 Marla,1371,2,2,1.4,1,0,0,1,Backup Generator / Solar; Elevator,2,2.53,1.46,4.17,0.97,2026-10-01,14510000.0,2549994.9000102,1.2186666558340742,Modern (2-5y),Tier 3 - Affordable/Suburban,4.5,0.3096454559529339,0.9999500024998748,4,1,685.4657267136643
PROP-12052,Islamabad,DHA Defence Phase 2,Flat,2.5,Marla,2.5 Marla,755,1,1,3.6,1,0,1,0,Gated Community; 24/7 Security; Underground Utilities; Elevator,4,0.32,0.48,1.13,0.5,2026-10-01,12415000.0,4119983.52006592,1.3422221983604945,Modern (2-5y),Tier 2 - Premium,6.0,0.641025641025641,0.999900009999,2,1,754.924507549245
PROP-10442,Karachi,Scheme 33,Flat,7.5,Marla,7.5 Marla,2250,5,5,6.0,1,0,0,0,Backup Generator / Solar; Underground Utilities; Elevator,3,1.69,2.7,3.03,0.87,2026-10-01,18301000.0,1939997.4133367825,1.333333325432099,Established (6-15y),Tier 3 - Affordable/Suburban,6.0,0.3492229788720097,0.999980000399992,10,0,449.9910001799964
PROP-12077,Karachi,Clifton,Flat,3.5,Marla,3.5 Marla,1006,3,3,0.0,1,0,0,0,Gated Community; 24/7 Security; Underground Utilities; Elevator,4,1.77,3.07,3.75,0.79,2026-10-01,21406000.0,5157128.122491078,1.2774603012385994,Brand New (0-1y),Tier 1 - Ultra Luxury,6.0,0.32605151613955,0.9999666677777408,6,0,335.3221559281357
PROP-13181,Islamabad,Sector G-11/G-13,House,10.0,Marla,10 Marla,3799,5,5,4.3,2,0,0,0,Gated Community; 24/7 Security; Underground Utilities; Servant Quarter; Lawn / Garden; Central Heating / Cooling; Elevator,7,0.46,5.09,6.8,0.37,2026-10-01,65667000.0,4774995.225004775,1.6884444369402467,Modern (2-5y),Tier 2 - Premium,9.5,0.2945074363127669,0.999980000399992,10,0,759.7848043039139
PROP-12658,Lahore,DHA Defence Phase 7-9,Lower Portion,7.0,Marla,7 Marla,1114,2,2,0.0,1,0,0,0,Gated Community; 24/7 Security; Lawn / Garden; Central Heating / Cooling,4,0.33,6.0,2.7,2.39,2026-10-01,18931000.0,2214282.5510249278,0.7073015828107836,Brand New (0-1y),Tier 2 - Premium,4.5,0.3055767761650114,0.9999500024998748,4,0,556.9721513924303
PROP-13800,Karachi,DHA Defence Phase 7-9,Flat,2.5,Marla,2.5 Marla,660,2,2,6.8,1,0,0,0,Gated Community; 24/7 Security; Underground Utilities; Elevator,4,0.83,2.32,3.16,3.39,2026-10-01,14642000.0,4819980.72007712,1.1733333124740746,Established (6-15y),Tier 1 - Ultra Luxury,6.0,0.3041825095057034,0.9999500024998748,4,0,329.9835008249587
PROP-10805,Lahore,DHA Defence Phase 5-6,House,3.0,Marla,3 Marla,542,2,2,5.9,1,0,0,0,Gated Community; Backup Generator / Solar; Underground Utilities; Servant Quarter,4,2.91,5.05,3.33,1.92,2026-10-01,25231000.0,6433311.88896037,0.8029629510672156,Established (6-15y),Tier 1 - Ultra Luxury,5.5,0.2488800398208064,0.9999500024998748,4,0,270.9864506774661
PROP-10075,Karachi,Clifton,Flat,3.5,Marla,3.5 Marla,987,1,1,0.0,1,0,0,0,Gated Community; 24/7 Security; Backup Generator / Solar; Underground Utilities; Elevator,5,1.56,4.14,1.39,1.62,2026-10-01,22205000.0,4928557.346979009,1.2533333174179897,Brand New (0-1y),Tier 1 - Ultra Luxury,8.0,0.3411804844762879,0.999900009999,2,0,986.9013098690132
PROP-12176,Lahore,DHA Defence Phase 5-6,House,3.0,Marla,3 Marla,1131,3,3,3.6,2,0,0,0,Gated Community; 24/7 Security; Backup Generator / Solar,3,1.54,5.44,3.43,0.55,2026-10-01,26039000.0,6533311.555628148,1.6755555307325107,Modern (2-5y),Tier 1 - Ultra Luxury,4.0,0.311915159076731,0.9999666677777408,6,0,376.9874337522082
PROP-13926,Lahore,Bahria Town,House,10.0,Marla,10 Marla,3774,5,5,0.0,2,0,1,0,Gated Community; 24/7 Security; Backup Generator / Solar; Underground Utilities; Servant Quarter; Lawn / Garden,6,2.29,2.41,6.09,5.46,2026-10-01,63003000.0,4869995.13000487,1.6773333258785184,Brand New (0-1y),Tier 2 - Premium,7.5,0.1992428770671448,0.999980000399992,10,1,754.784904301914
PROP-12090,Lahore,Model Town,House,10.0,Marla,10 Marla,3907,5,5,0.0,2,1,0,0,24/7 Security; Backup Generator / Solar; Lawn / Garden,3,1.74,1.19,3.44,6.3,2026-10-01,105081000.0,8169991.830008171,1.7364444367269134,Brand New (0-1y),Tier 1 - Ultra Luxury,4.0,0.2290688351849731,0.999980000399992,10,1,781.3843723125538
PROP-15478,Islamabad,Sector F-8/F-10/F-11,House,5.0,Marla,5 Marla,1823,3,4,13.6,2,1,0,0,Gated Community; 24/7 Security; Backup Generator / Solar; Underground Utilities,4,0.84,0.44,6.07,1.67,2026-10-01,45853000.0,7089985.820028361,1.620444430040494,Vintage (16y+),Tier 1 - Ultra Luxury,5.5,0.3252032520325203,0.7499812504687383,7,1,607.6464117862738
